,Residue_i,Residue_j,Residue_i_PDB_number,Residue_j_PDB_number,Counter_i,Counter_j,ind_i,ind_j,Distance
0,I,I,548,548,5,5,1,1,8.811735
1,I,V,548,549,5,6,1,2,8.668177
2,I,A,548,550,5,7,1,3,5.052358
3,I,V,548,551,5,8,1,4,7.0929027
4,I,I,548,552,5,9,1,5,9.512582
5,I,F,548,553,5,10,1,6,8.9965105
6,I,G,548,554,5,11,1,7,7.9961004
7,I,L,548,555,5,12,1,8,9.4185
8,I,L,548,556,5,13,1,9,12.075454
9,I,L,548,557,5,14,1,10,12.330304
10,I,G,548,558,5,15,1,11,12.070603
11,I,A,548,559,5,16,1,12,13.849072
12,I,A,548,560,5,17,1,13,16.13608
13,I,L,548,561,5,18,1,14,15.817315
14,I,L,548,562,5,19,1,15,16.848536
15,I,L,548,563,5,20,1,16,19.32257
16,I,G,548,564,5,21,1,17,21.206009
17,I,I,548,565,5,22,1,18,18.81028
18,I,L,548,566,5,23,1,19,21.516436
19,I,V,548,567,5,24,1,20,25.088419
20,I,F,548,568,5,25,1,21,26.162237
21,V,I,549,548,6,6,2,2,8.67608
22,V,V,549,549,6,7,2,3,9.363677
23,V,A,549,550,6,8,2,4,6.0467544
24,V,V,549,551,6,9,2,5,5.616164
25,V,I,549,552,6,10,2,6,8.987961
26,V,F,549,553,6,11,2,7,10.0483
27,V,G,549,554,6,12,2,8,8.687957
28,V,L,549,555,6,13,2,9,9.231228
29,V,L,549,556,6,14,2,10,11.962355
30,V,L,549,557,6,15,2,11,13.403011
31,V,G,549,558,6,16,2,12,12.525718
32,V,A,549,559,6,17,2,13,13.775032
33,V,A,549,560,6,18,2,14,16.256475
34,V,L,549,561,6,19,2,15,17.210222
35,V,L,549,562,6,20,2,16,16.895897
36,V,L,549,563,6,21,2,17,19.425686
37,V,G,549,564,6,22,2,18,21.613504
38,V,I,549,565,6,23,2,19,19.814632
39,V,L,549,566,6,24,2,20,21.22501
40,V,V,549,567,6,25,2,21,25.350615
41,V,F,549,568,6,26,2,22,27.028963
42,A,I,550,548,7,7,3,3,5.0516486
43,A,V,550,549,7,8,3,4,6.063302
44,A,A,550,550,7,9,3,5,3.1833377
45,A,V,550,551,7,10,3,6,3.1766114
46,A,I,550,552,7,11,3,7,5.598753
47,A,F,550,553,7,12,3,8,6.7542253
48,A,G,550,554,7,13,3,9,5.8865438
49,A,L,550,555,7,14,3,10,6.1276574
50,A,L,550,556,7,15,3,11,8.74047
51,A,L,550,557,7,16,3,12,10.404123
52,A,G,550,558,7,17,3,13,10.048649
53,A,A,550,559,7,18,3,14,11.247851
54,A,A,550,560,7,19,3,15,13.516892
55,A,L,550,561,7,20,3,16,14.90028
56,A,L,550,562,7,21,3,17,14.953943
57,A,L,550,563,7,22,3,18,17.168955
58,A,G,550,564,7,23,3,19,19.247042
59,A,I,550,565,7,24,3,20,18.134403
60,A,L,550,566,7,25,3,21,19.41521
61,A,V,550,567,7,26,3,22,23.243366
62,A,F,550,568,7,27,3,23,24.797289
63,V,I,551,548,8,8,4,4,7.088666
64,V,V,551,549,8,9,4,5,5.616101
65,V,A,551,550,8,10,4,6,3.2070951
66,V,V,551,551,8,11,4,7,4.0290937
67,V,I,551,552,8,12,4,8,6.139976
68,V,F,551,553,8,13,4,9,4.6829247
69,V,G,551,554,8,14,4,10,3.7481627
70,V,L,551,555,8,15,4,11,4.654485
71,V,L,551,556,8,16,4,12,7.411376
72,V,L,551,557,8,17,4,13,7.6166167
73,V,G,551,558,8,18,4,14,7.401175
74,V,A,551,559,8,19,4,15,8.858845
75,V,A,551,560,8,20,4,16,11.247507
76,V,L,551,561,8,21,4,17,11.545361
77,V,L,551,562,8,22,4,18,12.179212
78,V,L,551,563,8,23,4,19,14.5400305
79,V,G,551,564,8,24,4,20,16.566977
80,V,I,551,565,8,25,4,21,14.876132
81,V,L,551,566,8,26,4,22,16.823452
82,V,V,551,567,8,27,4,23,20.507895
83,V,F,551,568,8,28,4,24,21.806282
84,I,I,552,548,9,9,5,5,9.518194
85,I,V,552,549,9,10,5,6,8.982444
86,I,A,552,550,9,11,5,7,5.594431
87,I,V,552,551,9,12,5,8,6.152282
88,I,I,552,552,9,13,5,9,8.110783
89,I,F,552,553,9,14,5,10,7.5521913
90,I,G,552,554,9,15,5,11,5.720526
91,I,L,552,555,9,16,5,12,6.8759665
92,I,L,552,556,9,17,5,13,9.626579
93,I,L,552,557,9,18,5,14,10.33191
94,I,G,552,558,9,19,5,15,8.873266
95,I,A,552,559,9,20,5,16,10.001691
96,I,A,552,560,9,21,5,17,12.719138
97,I,L,552,561,9,22,5,18,13.518807
98,I,L,552,562,9,23,5,19,12.227985
99,I,L,552,563,9,24,5,20,15.126732
100,I,G,552,564,9,25,5,21,17.489227
101,I,I,552,565,9,26,5,22,15.575645
102,I,L,552,566,9,27,5,23,16.483644
103,I,V,552,567,9,28,5,24,20.838936
104,I,F,552,568,9,29,5,25,22.620155
105,F,I,553,548,10,10,6,6,8.972845
106,F,V,553,549,10,11,6,7,10.035635
107,F,A,553,550,10,12,6,8,6.739291
108,F,V,553,551,10,13,6,9,4.6216063
109,F,I,553,552,10,14,6,10,7.593228
110,F,F,553,553,10,15,6,11,8.724987
111,F,G,553,554,10,16,6,12,6.59911
112,F,L,553,555,10,17,6,13,6.259929
113,F,L,553,556,10,18,6,14,8.82132
114,F,L,553,557,10,19,6,15,10.744692
115,F,G,553,558,10,20,6,16,9.321251
116,F,A,553,559,10,21,6,17,9.700144
117,F,A,553,560,10,22,6,18,12.330137
118,F,L,553,561,10,23,6,19,14.04382
119,F,L,553,562,10,24,6,20,12.114409
120,F,L,553,563,10,25,6,21,15.02743
121,F,G,553,564,10,26,6,22,17.537045
122,F,I,553,565,10,27,6,23,16.694876
123,F,L,553,566,10,28,6,24,16.29348
124,F,V,553,567,10,29,6,25,20.916098
125,F,F,553,568,10,30,6,26,22.968088
126,G,I,554,548,11,11,7,7,8.06409
127,G,V,554,549,11,12,7,8,8.764371
128,G,A,554,550,11,13,7,9,5.9069023
129,G,V,554,551,11,14,7,10,3.7929583
130,G,I,554,552,11,15,7,11,5.791619
131,G,F,554,553,11,16,7,12,6.634425
132,G,G,554,554,11,17,7,13,3.9714074
133,G,L,554,555,11,18,7,14,3.17867
134,G,L,554,556,11,19,7,15,5.5529976
135,G,L,554,557,11,20,7,16,7.530509
136,G,G,554,558,11,21,7,17,6.006539
137,G,A,554,559,11,22,7,18,6.051034
138,G,A,554,560,11,23,7,19,8.57561
139,G,L,554,561,11,24,7,20,10.469639
140,G,L,554,562,11,25,7,21,9.361844
141,G,L,554,563,11,26,7,22,11.675367
142,G,G,554,564,11,27,7,23,14.066008
143,G,I,554,565,11,28,7,24,13.857716
144,G,L,554,566,11,29,7,25,13.544372
145,G,V,554,567,11,30,7,26,17.67322
146,G,F,554,568,11,31,7,27,19.781702
147,L,I,555,548,12,12,8,8,9.448904
148,L,V,555,549,12,13,8,9,9.266583
149,L,A,555,550,12,14,8,10,6.1401596
150,L,V,555,551,12,15,8,11,4.6954637
151,L,I,555,552,12,16,8,12,6.9118023
152,L,F,555,553,12,17,8,13,6.244024
153,L,G,555,554,12,18,8,14,3.168029
154,L,L,555,555,12,19,8,15,3.7753131
155,L,L,555,556,12,20,8,16,6.2821875
156,L,L,555,557,12,21,8,17,5.357568
157,L,G,555,558,12,22,8,18,3.4338124
158,L,A,555,559,12,23,8,19,5.3378434
159,L,A,555,560,12,24,8,20,7.7556744
160,L,L,555,561,12,25,8,21,7.4831634
161,L,L,555,562,12,26,8,22,7.2885027
162,L,L,555,563,12,27,8,23,9.88036
163,L,G,555,564,12,28,8,24,11.888329
164,L,I,555,565,12,29,8,25,9.725439
165,L,L,555,566,12,30,8,26,11.565339
166,L,V,555,567,12,31,8,27,15.5113325
167,L,F,555,568,12,32,8,28,17.008509
168,L,I,556,548,13,13,9,9,12.135701
169,L,V,556,549,13,14,9,10,11.998191
170,L,A,556,550,13,15,9,11,8.748293
171,L,V,556,551,13,16,9,12,7.4810066
172,L,I,556,552,13,17,9,13,9.694648
173,L,F,556,553,13,18,9,14,8.831802
174,L,G,556,554,13,19,9,15,5.546458
175,L,L,556,555,13,20,9,16,6.3118715
176,L,L,556,556,13,21,9,17,8.489057
177,L,L,556,557,13,22,9,18,8.91278
178,L,G,556,558,13,23,9,19,6.785627
179,L,A,556,559,13,24,9,20,7.6070166
180,L,A,556,560,13,25,9,21,10.383882
181,L,L,556,561,13,26,9,22,11.472972
182,L,L,556,562,13,27,9,23,7.9256353
183,L,L,556,563,13,28,9,24,11.637451
184,L,G,556,564,13,29,9,25,14.352497
185,L,I,556,565,13,30,9,26,13.256903
186,L,L,556,566,13,31,9,27,11.841329
187,L,V,556,567,13,32,9,28,16.88657
188,L,F,556,568,13,33,9,29,19.026594
189,L,I,557,548,14,14,10,10,12.417103
190,L,V,557,549,14,15,10,11,13.3795
191,L,A,557,550,14,16,10,12,10.354814
192,L,V,557,551,14,17,10,13,7.721921
193,L,I,557,552,14,18,10,14,10.352109
194,L,F,557,553,14,19,10,15,10.626735
195,L,G,557,554,14,20,10,16,7.3442307
196,L,L,557,555,14,21,10,17,5.244199
197,L,L,557,556,14,22,10,18,8.714522
198,L,L,557,557,14,23,10,19,10.305316
199,L,G,557,558,14,24,10,20,8.05109
200,L,A,557,559,14,25,10,21,7.141743
201,L,A,557,560,14,26,10,22,10.005239
202,L,L,557,561,14,27,10,23,12.016257
203,L,L,557,562,14,28,10,24,8.083435
204,L,L,557,563,14,29,10,25,11.588908
205,L,G,557,564,14,30,10,26,14.333856
206,L,I,557,565,14,31,10,27,14.530856
207,L,L,557,566,14,32,10,28,11.907045
208,L,V,557,567,14,33,10,29,16.989157
209,L,F,557,568,14,34,10,30,19.39718
210,G,I,558,548,15,15,11,11,12.185527
211,G,V,558,549,15,16,11,12,12.530376
212,G,A,558,550,15,17,11,13,10.018901
213,G,V,558,551,15,18,11,14,7.4177675
214,G,I,558,552,15,19,11,15,8.810151
215,G,F,558,553,15,20,11,16,9.13049
216,G,G,558,554,15,21,11,17,5.761467
217,G,L,558,555,15,22,11,18,3.4694016
218,G,L,558,556,15,23,11,19,6.6068563
219,G,L,558,557,15,24,11,20,8.133336
220,G,G,558,558,15,25,11,21,5.5204206
221,G,A,558,559,15,26,11,22,4.293805
222,G,A,558,560,15,27,11,23,7.1787844
223,G,L,558,561,15,28,11,24,9.198135
224,G,L,558,562,15,29,11,25,5.3033643
225,G,L,558,563,15,30,11,26,8.474796
226,G,G,558,564,15,31,11,27,11.195632
227,G,I,558,565,15,32,11,28,11.942236
228,G,L,558,566,15,33,11,29,9.155931
229,G,V,558,567,15,34,11,30,13.889634
230,G,F,558,568,15,35,11,31,16.381426
231,A,I,559,548,16,16,12,12,14.062355
232,A,V,559,549,16,17,12,13,13.887334
233,A,A,559,550,16,18,12,14,11.3442135
234,A,V,559,551,16,19,12,15,9.022085
235,A,I,559,552,16,20,12,16,10.072663
236,A,F,559,553,16,21,12,17,9.650937
237,A,G,559,554,16,22,12,18,6.015363
238,A,L,559,555,16,23,12,19,5.494992
239,A,L,559,556,16,24,12,20,7.5696697
240,A,L,559,557,16,25,12,21,7.4244785
241,A,G,559,558,16,26,12,22,4.342906
242,A,A,559,559,16,27,12,23,4.5988836
243,A,A,559,560,16,28,12,24,6.993656
244,A,L,559,561,16,29,12,25,7.5400734
245,A,L,559,562,16,30,12,26,3.5549114
246,A,L,559,563,16,31,12,27,7.242199
247,A,G,559,564,16,32,12,28,9.899282
248,A,I,559,565,16,33,12,29,8.940666
249,A,L,559,566,16,34,12,30,6.9862523
250,A,V,559,567,16,35,12,31,12.347087
251,A,F,559,568,16,36,12,32,14.573432
252,A,I,560,548,17,17,13,13,16.324547
253,A,V,560,549,17,18,13,14,16.368452
254,A,A,560,550,17,19,13,15,13.611854
255,A,V,560,551,17,20,13,16,11.380304
256,A,I,560,552,17,21,13,17,12.790919
257,A,F,560,553,17,22,13,18,12.31236
258,A,G,560,554,17,23,13,19,8.5713
259,A,L,560,555,17,24,13,20,7.844863
260,A,L,560,556,17,25,13,21,10.359108
261,A,L,560,557,17,26,13,22,10.189608
262,A,G,560,558,17,27,13,23,7.255979
263,A,A,560,559,17,28,13,24,6.993194
264,A,A,560,560,17,29,13,25,9.389424
265,A,L,560,561,17,30,13,26,10.407998
266,A,L,560,562,17,31,13,27,5.3709817
267,A,L,560,563,17,32,13,28,9.447008
268,A,G,560,564,17,33,13,29,12.2381525
269,A,I,560,565,17,34,13,30,11.786314
270,A,L,560,566,17,35,13,31,8.829615
271,A,V,560,567,17,36,13,32,14.33089
272,A,F,560,568,17,37,13,33,16.622719
273,L,I,561,548,18,18,14,14,15.641361
274,L,V,561,549,18,19,14,15,17.01553
275,L,A,561,550,18,20,14,16,14.880009
276,L,V,561,551,18,21,14,17,11.416074
277,L,I,561,552,18,22,14,18,13.205561
278,L,F,561,553,18,23,14,19,13.915547
279,L,G,561,554,18,24,14,20,10.340404
280,L,L,561,555,18,25,14,21,7.260798
281,L,L,561,556,18,26,14,22,11.229894
282,L,L,561,557,18,27,14,23,12.114307
283,L,G,561,558,18,28,14,24,9.2559
284,L,A,561,559,18,29,14,25,7.522162
285,L,A,561,560,18,30,14,26,10.36565
286,L,L,561,561,18,31,14,27,12.239881
287,L,L,561,562,18,32,14,28,6.5169044
288,L,L,561,563,18,33,14,29,9.332802
289,L,G,561,564,18,34,14,30,12.8018265
290,L,I,561,565,18,35,14,31,14.130165
291,L,L,561,566,18,36,14,32,9.078001
292,L,V,561,567,18,37,14,33,14.303008
293,L,F,561,568,18,38,14,34,17.007713
294,L,I,562,548,19,19,15,15,16.724993
295,L,V,562,549,19,20,15,16,16.257215
296,L,A,562,550,19,21,15,17,14.598446
297,L,V,562,551,19,22,15,18,12.049774
298,L,I,562,552,19,23,15,19,11.481015
299,L,F,562,553,19,24,15,20,11.390831
300,L,G,562,554,19,25,15,21,8.901406
301,L,L,562,555,19,26,15,22,6.583458
302,L,L,562,556,19,27,15,23,6.95848
303,L,L,562,557,19,28,15,24,7.9489775
304,L,G,562,558,19,29,15,25,5.4209294
305,L,A,562,559,19,30,15,26,3.1629627
306,L,A,562,560,19,31,15,27,4.8057346
307,L,L,562,561,19,32,15,28,6.692909
308,L,L,562,562,19,33,15,29,3.3898256
309,L,L,562,563,19,34,15,30,4.0165806
310,L,G,562,564,19,35,15,31,7.038795
311,L,I,562,565,19,36,15,32,9.069367
312,L,L,562,566,19,37,15,33,4.8198895
313,L,V,562,567,19,38,15,34,8.932366
314,L,F,562,568,19,39,15,35,11.943823
315,L,I,563,548,20,20,16,16,19.505133
316,L,V,563,549,20,21,16,17,19.489506
317,L,A,563,550,20,22,16,18,17.216167
318,L,V,563,551,20,23,16,19,14.646951
319,L,I,563,552,20,24,16,20,15.152635
320,L,F,563,553,20,25,16,21,14.94429
321,L,G,563,554,20,26,16,22,11.638145
322,L,L,563,555,20,27,16,23,9.995802
323,L,L,563,556,20,28,16,24,11.413898
324,L,L,563,557,20,29,16,25,11.682358
325,L,G,563,558,20,30,16,26,8.466113
326,L,A,563,559,20,31,16,27,7.3798103
327,L,A,563,560,20,32,16,28,9.45443
328,L,L,563,561,20,33,16,29,9.4224825
329,L,L,563,562,20,34,16,30,4.0153203
330,L,L,563,563,20,35,16,31,7.561966
331,L,G,563,564,20,36,16,32,9.646177
332,L,I,563,565,20,37,16,33,8.674415
333,L,L,563,566,20,38,16,34,4.0596037
334,L,V,563,567,20,39,16,35,9.2317295
335,L,F,563,568,20,40,16,36,11.501141
336,G,I,564,548,21,21,17,17,21.310968
337,G,V,564,549,21,22,17,18,21.612986
338,G,A,564,550,21,23,17,19,19.229666
339,G,V,564,551,21,24,17,20,16.582045
340,G,I,564,552,21,25,17,21,17.434145
341,G,F,564,553,21,26,17,22,17.396154
342,G,G,564,554,21,27,17,23,13.956389
343,G,L,564,555,21,28,17,24,11.875259
344,G,L,564,556,21,29,17,25,14.074229
345,G,L,564,557,21,30,17,26,14.405196
346,G,G,564,558,21,31,17,27,11.159952
347,G,A,564,559,21,32,17,28,9.950719
348,G,A,564,560,21,33,17,29,12.206365
349,G,L,564,561,21,34,17,30,12.7559805
350,G,L,564,562,21,35,17,31,6.7129107
351,G,L,564,563,21,36,17,32,9.725373
352,G,G,564,564,21,37,17,33,12.8386
353,G,I,564,565,21,38,17,34,13.269409
354,G,L,564,566,21,39,17,35,7.7009606
355,G,V,564,567,21,40,17,36,13.100097
356,G,F,564,568,21,41,17,37,15.716665
357,I,I,565,548,22,22,18,18,20.362267
358,I,V,565,549,22,23,18,19,21.263178
359,I,A,565,550,22,24,18,20,19.489105
360,I,V,565,551,22,25,18,21,16.349833
361,I,I,565,552,22,26,18,22,16.936317
362,I,F,565,553,22,27,18,23,17.91218
363,I,G,565,554,22,28,18,24,14.997176
364,I,L,565,555,22,29,18,25,11.094715
365,I,L,565,556,22,30,18,26,14.308431
366,I,L,565,557,22,31,18,27,15.766145
367,I,G,565,558,22,32,18,28,12.770556
368,I,A,565,559,22,33,18,29,10.181645
369,I,A,565,560,22,34,18,30,12.6146145
370,I,L,565,561,22,35,18,31,14.266425
371,I,L,565,562,22,36,18,32,8.479436
372,I,L,565,563,22,37,18,33,8.870739
373,I,G,565,564,22,38,18,34,13.369685
374,I,I,565,565,22,39,18,35,14.303127
375,I,L,565,566,22,40,18,36,8.7879
376,I,V,565,567,22,41,18,37,12.845921
377,I,F,565,568,22,42,18,38,15.771155
378,L,I,566,548,23,23,19,19,22.042662
379,L,V,566,549,23,24,19,20,21.622246
380,L,A,566,550,23,25,19,21,19.800526
381,L,V,566,551,23,26,19,22,17.29554
382,L,I,566,552,23,27,19,23,16.873343
383,L,F,566,553,23,28,19,24,16.564075
384,L,G,566,554,23,29,19,25,13.898048
385,L,L,566,555,23,30,19,26,11.95398
386,L,L,566,556,23,31,19,27,12.043924
387,L,L,566,557,23,32,19,28,12.297607
388,L,G,566,558,23,33,19,29,9.535302
389,L,A,566,559,23,34,19,30,7.3125267
390,L,A,566,560,23,35,19,31,8.94701
391,L,L,566,561,23,36,19,32,9.165541
392,L,L,566,562,23,37,19,33,5.1319337
393,L,L,566,563,23,38,19,34,4.621579
394,L,G,566,564,23,39,19,35,7.822392
395,L,I,566,565,23,40,19,36,8.574466
396,L,L,566,566,23,41,19,37,3.207948
397,L,V,566,567,23,42,19,38,7.5257335
398,L,F,566,568,23,43,19,39,10.273427
399,V,I,567,548,24,24,20,20,25.304508
400,V,V,567,549,24,25,20,21,25.474207
401,V,A,567,550,24,26,20,22,23.37589
402,V,V,567,551,24,27,20,23,20.647434
403,V,I,567,552,24,28,20,24,20.931185
404,V,F,567,553,24,29,20,25,20.936714
405,V,G,567,554,24,30,20,26,17.81768
406,V,L,567,555,24,31,20,27,15.639493
407,V,L,567,556,24,32,20,28,16.838043
408,V,L,567,557,24,33,20,29,17.236485
409,V,G,567,558,24,34,20,30,14.157025
410,V,A,567,559,24,35,20,31,12.46764
411,V,A,567,560,24,36,20,32,14.459166
412,V,L,567,561,24,37,20,33,14.406018
413,V,L,567,562,24,38,20,34,9.324824
414,V,L,567,563,24,39,20,35,9.759392
415,V,G,567,564,24,40,20,36,13.334041
416,V,I,567,565,24,41,20,37,12.730565
417,V,L,567,566,24,42,20,38,7.7632866
418,V,V,567,567,24,43,20,39,12.040439
419,V,F,567,568,24,44,20,40,14.536273
420,F,I,568,548,25,25,21,21,24.729837
421,F,V,568,549,25,26,21,22,25.622158
422,F,A,568,550,25,27,21,23,23.334177
423,F,V,568,551,25,28,21,24,20.286716
424,F,I,568,552,25,29,21,25,21.515938
425,F,F,568,553,25,30,21,26,22.048454
426,F,G,568,554,25,31,21,27,18.7063
427,F,L,568,555,25,32,21,28,15.539436
428,F,L,568,556,25,33,21,29,18.670307
429,F,L,568,557,25,34,21,30,19.448877
430,F,G,568,558,25,35,21,31,16.361101
431,F,A,568,559,25,36,21,32,14.434565
432,F,A,568,560,25,37,21,33,16.62776
433,F,L,568,561,25,38,21,34,17.013115
434,F,L,568,562,25,39,21,35,11.619593
435,F,L,568,563,25,40,21,36,11.844688
436,F,G,568,564,25,41,21,37,15.843565
437,F,I,568,565,25,42,21,38,15.83517
438,F,L,568,566,25,43,21,39,10.58672
439,F,V,568,567,25,44,21,40,14.599421
440,F,F,568,568,25,45,21,41,17.154943
