,residue_name,residue_num,interface_score,interface,conservation,A,I,L,V,F,W,Y,N,C,Q,M,S,T,D,E,R,H,K,G,P,polarity,polarity3Nmean,polarity3Cmean,polarity1mean,relative_polarity,DImax,DItop4mean,DItop8mean,DI4cum,DI8cum,MImax,MItop4mean,MItop8mean,MIall_mean,MI1mean,MI2mean,MI3mean,MI4mean,Hydrophobicity_sAA,PI_sAA,Aromatic_sAA,Polar_sAA,Small_sAA,branched,mass,MI4value,MI4_inclusive_mean,MI4_inclusive_max,MI5mean,MI_highest_face,DIall_mean,DI1mean,DI2mean,DI3mean,DI4mean,DI4value,DI4_inclusive_mean,DI4_inclusive_max,DI5mean,DI_highest_face,DImax_raw,DItop4mean_raw,DItop8mean_raw,MImax_raw,MItop4mean_raw,MItop8mean_raw,MIall_mean_raw,MI1mean_raw,MI2mean_raw,MI3mean_raw,MI4mean_raw,MI4value_raw,MI4_inclusive_mean_raw,MI4_inclusive_max_raw,MI5mean_raw,DIall_mean_raw,DI1mean_raw,DI2mean_raw,DI3mean_raw,DI4mean_raw,DI4value_raw,DI4_inclusive_mean_raw,DI4_inclusive_max_raw,DI5mean_raw,RelPos_TMD,RelPos_fullseq,residue_depth,LIPS_polarity,LIPS_entropy,LIPS_surface,rate4site,GxxxG,SmxxxSm,PolarxxxPolar,n_homologues,n_TMDs,res_num_full_seq,LIPS_L*E,LIPS_surface_ranked,LIPS_surface_ranked_norm,cons*polarity,cons4mean,rate4site4mean,polarity4mean,CS,DE,KR,QN,LIV,interface_score_norm
Q9Y286-ETRA_01V,V,1,-0.1897717990000001,0,1.455463758827371,0.06224066390041494,0.016597510373443983,0.03319502074688797,0.6058091286307054,0.04149377593360997,0.0,0.0,0.0,0.0,0.004149377593360996,0.1078838174273859,0.004149377593360996,0.016597510373443983,0.0,0.012448132780082987,0.024896265560165973,0.0,0.012448132780082987,0.04149377593360997,0.0,1.1900704238216837,0.735760512224278,0.6254886121361518,1.2490754189599136,0.8742488076022287,0.2856543908388671,0.40452268395070895,0.5846200962593725,0,0,1.0,1.0,1.0,1.0,1.0,1.0,0.5969571966789926,0.5833138858050129,4.2,5.96,1.0,1.0,1.0,2.0,117.14,0.5756216048381999,0.9979282531899508,0.9085292593625972,1.0,1,1.0,0.8907301542632078,0.6820071153232412,0.3583603649774297,0.2298336917733075,0.2153200195308559,0.7551861592574621,0.2449608471807379,0.5577347754970257,1,2.42722,1.663025,1.21042875,0.673148,0.6185262499999999,0.58004075,0.4516860526315789,0.572587,0.586587,0.397239,0.370862,0.370862,0.48181875,0.586587,0.5801350000000001,0.09859189473684213,1.7527099999999998,0.570443,1.01656,-0.295048,-0.295048,0.7611662499999999,1.7527099999999998,0.31003000000000003,0.0,0.8,0.0,1.04,4.524,1,-0.1935,0,0,0,6.223084253206059,2,351.0,1.5697724205840289,0.9215113789707986,0.9332377413532968,1.7321043723247902,0.7681109417855891,-0.2892,0.4781680800921276,0.004149377593360996,0.012448132780082987,0.03734439834024896,0.004149377593360996,0.6556016597510373,0.2627852512499999
Q9Y286-ETRA_02L,L,2,0.08507920800000002,0,1.3005460844869696,0.06224066390041494,0.12863070539419086,0.06639004149377592,0.3817427385892116,0.004149377593360996,0.0,0.0,0.0,0.0,0.0,0.12863070539419086,0.008298755186721992,0.2074688796680498,0.0,0.0,0.0,0.0,0.0,0.004149377593360996,0.0,1.08543390572415,0.6666132257233273,0.6447112906219525,1.2147542239368825,0.8277385896431672,0.0,0.0,0.0,0,0,0.7521119330689154,0.7984760013177433,0.7876881809789622,0.7993520454515114,0.9510946528048476,0.06841639096569155,0.5130838798576711,0.8285281076363362,3.8,5.98,1.0,1.0,1.0,1.0,131.17,0.8253626314444533,0.8260803641043586,0.8686702463856415,0.8552153438229919,1,0.5097961186681623,0.43232930972737904,0.3661344146036199,0.2344468527045903,0.4442443649671463,0.4337712307263945,0.4284569254420186,0.2449608471807379,0.4519971489751845,1,1.7527099999999998,1.02854725,0.6317871249999999,0.572587,0.5446605,0.506272,0.3940957894736842,0.552764,0.22898,0.35877,0.4617520000000001,0.4617520000000001,0.4310060000000001,0.572587,0.514107,0.019741857894736824,0.4528499999999999,-0.5034310000000001,0.418384,0.7876529999999999,0.7876529999999999,0.3216611999999999,1.7527099999999998,-0.0371098,0.1,0.8,0.1,0.991,5.149,0,-0.0429,0,0,0,6.223084253206059,2,352.0,1.6240532983744282,-0.08120266491872141,0.041134016355706085,1.4116568160589418,0.4669740777951068,0.075,0.34469412936842025,0.008298755186721992,0.0,0.0,0.0,0.5767634854771784,0.60634901
Q9Y286-ETRA_03L,L,3,0.15498877,0,1.3515713624035754,0.008298755186721992,0.016597510373443983,0.5103734439834025,0.03734439834024896,0.0,0.024896265560165973,0.0,0.0,0.0,0.22406639004149376,0.04979253112033195,0.0,0.008298755186721992,0.0,0.020746887966804985,0.020746887966804985,0.03734439834024896,0.020746887966804985,0.0,0.012448132780082987,1.3687583422648133,0.6245377094799568,0.5803733786588788,1.2509772242723036,1.1359828586016782,0.7253142363463884,0.3582181952013128,0.4632254340954183,1,1,0.7866226572764631,0.7851908033527424,0.8065373980352835,0.8596499450838735,0.7198273522576445,0.6995011331961342,0.8401111072350519,1.0,3.8,5.98,1.0,1.0,1.0,1.0,131.17,1.0,1.0,0.9085292593625972,0.08321104948921464,0,0.5580428707773438,0.17835829330269473,0.7432162496451898,0.2252302342042773,0.3679265534709267,0.3560152211546609,0.41218009889505736,0.0,0.2243357508155576,0,3.46538,1.5903982499999998,1.0902755,0.586587,0.5397909999999999,0.5128212499999999,0.4114025789473684,0.4590235,0.4712345,0.508763,0.525309,0.525309,0.4824313333333333,0.586587,0.16204000000000002,0.02750242105263161,-0.2673205,0.7785360000000001,0.373892,0.402274,0.402274,0.2997661666666667,0.986629,-0.784529,0.1,0.8,0.2,1.095,4.575,0,0.5793,0,0,0,6.223084253206059,2,353.0,1.6650643351065957,-0.08325321675532979,0.03930966279958841,1.8499745774561127,0.3898146114324153,0.4161857142857143,0.37461015620093135,0.0,0.020746887966804985,0.04149377593360997,0.22406639004149376,0.5643153526970954,0.6937359625
Q9Y286-ETRA_04G,G,4,0.95340745,1,2.4171516812683467,0.06639004149377592,0.0,0.0,0.012448132780082987,0.008298755186721992,0.008298755186721992,0.0,0.0,0.0,0.004149377593360996,0.0,0.004149377593360996,0.0,0.0,0.020746887966804985,0.004149377593360996,0.0,0.0,0.8713692946058091,0.0,1.2987394248279474,0.6073771119684411,0.5728355997111719,1.289422581243905,1.1004282634607907,0.7797973980214122,0.5212103717642828,0.5169028527984302,1,1,0.3465221817679844,0.39988118485031815,0.3480003511248588,0.3736518336646492,0.2028808340775755,0.1818506265141845,0.4957135631061188,0.2326675309013356,-0.4,5.97,1.0,2.0,3.0,1.0,75.06,0.21850210338602555,0.3281943957753068,0.3694418029939813,0.2903516950602005,1,0.14523804788671424,0.0,0.4404479006266721,0.2551607118331794,1.0,1.0,0.4636539903318953,0.8337384139534899,1.0,1,3.5940300000000005,1.8460450000000002,1.143404,0.408051,0.39856125,0.35350037500000003,0.2719107052631579,0.2494875,0.272524,0.35080300000000003,0.240893,0.240893,0.2837888571428572,0.397239,0.25650500000000004,-0.03889786000000001,-0.7730805000000001,-0.2507870700000001,0.5183774000000001,3.5940300000000005,3.5940300000000005,0.3690070942857143,3.5940300000000005,1.7619999999999998,0.2,0.8,0.3,0.529,1.584,1,-0.6771,1,1,1,6.223084253206059,2,354.0,0.2433152922044919,0.9878342353897754,0.9922444617881097,3.1392501842523584,0.634938276148727,-0.2759875,0.3250825059343017,0.004149377593360996,0.020746887966804985,0.004149377593360996,0.004149377593360996,0.012448132780082987,1.0
Q9Y286-ETRA_05A,A,5,0.17725311,0,2.385090950100575,0.8589211618257261,0.008298755186721992,0.0,0.06224066390041494,0.004149377593360996,0.0,0.0,0.0,0.0,0.0,0.0,0.008298755186721992,0.04564315352697095,0.0,0.0,0.0,0.0,0.0,0.004149377593360996,0.004149377593360996,1.2007699766389544,0.6254886121361518,0.5896940407124238,1.1607467573177577,0.9881394980615994,0.5874440981162758,0.5211152147464367,0.5278124167265499,0,1,0.2634721239625213,0.3082318709702941,0.2900093465408088,0.28879996344303793,0.08838143358316844,0.35068252272904904,0.25841589339286963,0.4553540956494642,1.8,6.0,1.0,2.0,3.0,1.0,89.09,0.3939381449719776,0.3033816877141131,0.2943445754730409,0.18993787425215344,1,0.1225412539511187,0.05716503908023604,0.7041933050073462,0.13563480878913906,0.5699435209499253,0.34027216758873285,0.4492753043011094,0.6885041413511263,0.0718178024568767,1,3.13983,1.84589575,1.154202,0.37436,0.3649685,0.3333511250000001,0.24755639999999998,0.203077,0.3373335,0.241965,0.323433,0.3047406666666666,0.276452125,0.370862,0.210712,-0.04254867368421053,-0.610981,0.6458695000000001,-0.058617999999999976,1.422391,0.3242473333333333,0.349665375,3.13983,-1.28525,0.2,0.8,0.4,0.732,1.825,1,-1.2525,0,1,1,6.223084253206059,2,355.0,0.4403565505092209,0.9779821724745392,0.9834791890973033,2.8639456044340488,0.7179303743125585,-0.33638888888888885,0.3999120271175461,0.008298755186721992,0.0,0.0,0.0,0.07053941908713693,0.7215663875
Q9Y286-ETRA_06V,V,6,0.074663115,0,1.5012983822836714,0.02904564315352697,0.3029045643153527,0.11203319502074688,0.42738589211618255,0.07468879668049792,0.0,0.0,0.004149377593360996,0.0,0.0,0.024896265560165973,0.004149377593360996,0.012448132780082987,0.0,0.0,0.0,0.0,0.0,0.0,0.0,0.9827308704863714,0.6447112906219525,0.6273002028975747,1.145671199422344,0.7725801814630263,0.08895175498034971,0.12703621274431426,0.24941230255904465,0,0,0.7707181435202421,0.7954585603177865,0.7581224605506188,0.7307384271616469,0.6473500865952523,0.2319939041863131,0.6845413556129212,0.5502346518532709,4.2,5.96,1.0,1.0,1.0,2.0,117.14,0.5585169960734963,0.6514055594456197,0.8527835826419692,0.7657094904250215,0,0.5387396348586649,0.730959901299195,0.6668956365331696,0.2971481140754369,0.24354441685182765,0.22368439105293086,0.6193878487025074,0.3121229049028877,0.5592355232818463,0,1.96275,1.2277985000000002,0.8786488750000001,0.5801350000000001,0.5435545,0.4959992500000001,0.37440221052631584,0.42964600000000003,0.2917725,0.43741,0.3586010000000001,0.364637,0.379357375,0.5670069999999999,0.4732885,0.02439746631578948,1.299659,0.5190684299999999,0.721066,-0.2258135000000001,-0.253592,0.5784949825,1.96275,0.31495700000000004,0.3,0.8,0.6,1.7409999999999999,4.323,0,0.4929,0,0,0,6.223084253206059,2,356.0,2.5487362634984465,-0.12743681317492234,0.0,1.4753722660814137,0.5834153457016789,-0.04731111111111111,0.3726660661912898,0.004149377593360996,0.0,0.0,0.004149377593360996,0.8423236514522819,0.59332889375
Q9Y286-ETRA_07G,G,7,-0.164828193,0,1.3771309176233315,0.0995850622406639,0.004149377593360996,0.012448132780082987,0.08298755186721991,0.0,0.14937759336099585,0.0,0.0,0.012448132780082987,0.0,0.024896265560165973,0.03319502074688797,0.03319502074688797,0.0,0.004149377593360996,0.016597510373443983,0.0,0.0,0.5228215767634855,0.0,1.253512751141706,0.5803733786588788,0.6326863809591382,1.1793880814248476,1.0333478966744618,0.11354434882775452,0.3713642089431339,0.3139896870370629,0,0,0.9003946547818307,0.9231821179789422,0.8791795910114916,0.8950870567670062,0.5655336093197214,0.4558574517414751,0.4567322786576433,0.8939878134817909,-0.4,5.97,1.0,2.0,3.0,1.0,75.06,0.8592787579535285,0.7154091770407842,0.8527835826419692,0.967681761448706,0,0.7552358831573327,0.7524296539000624,0.8562934136932469,0.1453410213062317,0.2927622849855237,0.31429081605888304,0.6603645800646847,0.33069127612706045,0.4874680097349096,0,2.02082,1.61101725,0.942565875,0.632741,0.59036975,0.538061125,0.4215737894736841,0.396483,0.377707,0.332924,0.486015,0.4740953333333333,0.39828225,0.5670069999999999,0.5653965,0.059221215789473675,1.3605395,1.162965,-0.01176255,0.02271999999999996,0.195477,0.6336154875,2.02082,0.0793421,0.3,0.8,0.7,0.804,5.34,0,2.334,0,1,1,6.223084253206059,2,357.0,1.3468814249895713,-0.06734407124947857,0.053463855666226176,1.7262511652323242,0.4842607880815602,0.2900111111111111,0.4128338112572186,0.04564315352697095,0.004149377593360996,0.016597510373443983,0.0,0.0995850622406639,0.29396475875
Q9Y286-ETRA_08G,G,8,0.774639666,1,2.6623545279214693,0.016597510373443983,0.0,0.0,0.004149377593360996,0.0,0.0,0.0,0.0,0.0,0.0,0.0,0.0,0.0,0.004149377593360996,0.016597510373443983,0.0,0.0,0.0,0.9336099585062242,0.0,1.3019206226464657,0.5728355997111719,0.5979051451694686,1.2546004057951494,1.112048613956115,0.7797973980214122,0.4402725539266933,0.33972404046884463,1,1,0.0,0.0,0.0,0.0,0.0,0.0,0.0,0.26688663732225737,-0.4,5.97,1.0,2.0,3.0,1.0,75.06,0.3948375680406222,0.0,0.0,0.16137476570181575,1,0.0,0.48257369014161,0.5573855672771607,0.0,0.7914433843070623,0.6584324335957623,0.6668958465631133,0.8337384139534899,0.3433194670776691,1,3.5940300000000005,1.71909725,0.9680370625,0.267477,0.2519905,0.23258600000000001,0.1646646210526316,0.16725299999999999,0.202717,0.12344100000000001,0.2535765,0.30506799999999995,0.186746875,0.267477,0.19768600000000008,-0.062259620000000016,0.595325,0.1467664999999999,-0.7133769999999999,2.54089,1.9011323333333328,0.6424011249999999,3.5940300000000005,-0.39390189,0.4,0.8,0.8,0.365,1.208,1,-1.5308,1,1,1,6.223084253206059,2,358.0,0.06897262632210745,0.9965513686838946,1.0,3.4661742646971567,0.7723512158071425,-0.32,0.4304486179202917,0.0,0.020746887966804985,0.0,0.0,0.004149377593360996,1.0
Q9Y286-ETRA_09A,A,9,0.48328813,1,2.620818659885081,0.921161825726141,0.004149377593360996,0.0,0.008298755186721992,0.0,0.0,0.0,0.0,0.0,0.0,0.004149377593360996,0.04564315352697095,0.0,0.0,0.0,0.0,0.0,0.0,0.004149377593360996,0.0,1.2083678435972771,0.5896940407124238,0.6087400902046244,1.2653727619182764,1.0082889100234709,0.7253142363463884,1.0,1.0,1,1,0.5773594858888114,0.4410108700174541,0.355708908857916,0.3256831068840778,0.06995342112924151,0.3278023810144059,0.5116481633293799,0.15463415489585336,1.8,6.0,1.0,2.0,3.0,1.0,89.09,0.1724538404540712,0.29359972279007457,0.4815879830770018,0.06957241732574226,1,0.16986989877601333,0.5158956151176427,0.7255739836250498,0.27256918730231194,0.3770293445499301,0.2809187438377593,0.6463447581390662,0.6885041413511263,0.5122478320332132,1,3.46538,2.5970075,1.621560875,0.501695,0.41363675,0.35617875,0.2581426526315789,0.19560750000000002,0.3285505,0.35811149999999997,0.2119695,0.22413433333333327,0.27355975,0.436629,0.15582020000000002,-0.034935789473684226,0.689814,0.7185575,0.6024145000000001,0.44824,0.0300763333333333,0.6147564999999999,3.13983,0.16069499999999992,0.4,0.8,0.9,0.8140000000000001,1.324,0,-1.5815,0,1,1,6.223084253206059,2,359.0,0.2284551704170607,-0.011422758520853034,0.10321643637053984,3.1669129925048405,0.7439931544806151,-0.33369999999999994,0.40125764242533296,0.04564315352697095,0.0,0.0,0.0,0.012448132780082987,1.0
Q9Y286-ETRA_10G,G,10,0.10111432,0,2.4488936445444693,0.024896265560165973,0.0,0.0,0.004149377593360996,0.0,0.0,0.0,0.0,0.016597510373443983,0.0,0.0,0.04564315352697095,0.0,0.0,0.0,0.0,0.0,0.004149377593360996,0.8796680497925311,0.0,1.2858298195110869,0.6273002028975747,0.5947986138847375,1.1958102903389372,1.0521488130530827,0.1719152324163167,0.19663839105900213,0.28415298193147703,0,0,0.4504043917361606,0.4545995854428935,0.4637341265301452,0.5139891625917832,0.2614362476377505,0.1975486492823092,0.433507901346543,0.2319094145372185,-0.4,5.97,1.0,2.0,3.0,1.0,75.06,0.18785760539140925,0.3108622127727094,0.4318040758687842,0.3848855853003271,0,0.39387502062297547,0.4251394526210216,0.4163916133899853,0.05237856371806823,0.3792958337789079,0.19687022069060134,0.20774151417358924,0.3747635786210802,0.3562897689025077,0,2.15865,1.3369667500000002,0.9130342875000002,0.450193,0.4186175,0.393712625,0.31219052631578953,0.273222,0.27855,0.322272,0.240612,0.2297403333333333,0.278664,0.419143,0.2996165,0.001095773684210532,0.43246215,-0.33257135000000004,-0.46052645,0.4596850000000001,-0.38649,0.02476233750000004,2.15865,-0.35132,0.5,0.8,1.0,0.384,1.504,0,-0.8758,0,0,0,6.223084253206059,2,360.0,0.15672123860261689,-0.007836061930130844,0.1064074811240448,3.148860472966463,0.7382564912713465,-0.1856888888888889,0.3604708876166081,0.06224066390041494,0.0,0.004149377593360996,0.0,0.004149377593360996,0.6263928999999999
Q9Y286-ETRA_11A,A,11,-0.159522945,0,1.629644812707134,0.2863070539419087,0.1037344398340249,0.04979253112033195,0.4813278008298755,0.0,0.0,0.0,0.0,0.0,0.0,0.0,0.0,0.04564315352697095,0.0,0.0,0.0,0.0,0.0,0.012448132780082987,0.0,1.093233207908448,0.6326863809591382,0.575205962325332,1.2174801804092488,0.905075037511833,0.64589121154628,0.5770662661039704,0.29055327038123624,1,1,0.7497627387710731,0.7473923075716354,0.624360438301678,0.5781290639730701,0.5610015444053545,0.1466981009195821,0.08145320240005582,0.5590150422697087,1.8,6.0,1.0,2.0,3.0,1.0,89.09,0.6145349332439406,0.3630085957341633,0.7346557035400497,0.3926666532176366,1,0.4260709774314972,0.7295897170321837,0.2455102722147951,0.0911091905794608,0.2044358432052851,0.2309115475513121,0.13086416109036594,0.5395286952801418,0.2803681355333336,1,3.2778400000000003,1.93365275,0.919369125,0.571634,0.5259365,0.449523,0.330600052631579,0.394646,0.25903000000000004,0.1608,0.3618555,0.385024,0.294082875,0.525516,0.303165,0.00627454210526319,1.29577365,-0.9135175,-0.2735595,-0.42329849999999997,-0.21777233333333326,-0.07865046249999999,2.67393,-0.6005729999999999,0.5,0.8,1.0,1.445,3.605,1,-0.3032,0,1,1,6.223084253206059,2,361.0,1.8529549587148384,0.9073522520642578,0.9206405209064372,1.7815818263471819,0.5358733294439896,0.2046555555555556,0.3699409621194316,0.0,0.0,0.0,0.0,0.6348547717842323,0.30059631875000004
Q9Y286-ETRA_12T,T,12,0.1937373509999999,0,1.8716547330744668,0.04979253112033195,0.024896265560165973,0.0,0.03319502074688797,0.0,0.0,0.0,0.008298755186721992,0.0,0.0,0.11618257261410787,0.012448132780082987,0.7012448132780082,0.0,0.0,0.0,0.0,0.04564315352697095,0.0,0.0,1.273377513808212,0.5979051451694686,0.5267634933614184,1.189597227769475,1.1322246128171387,0.3901358585174142,0.32618901244070403,0.2806532806108468,0,1,1.0,0.9223622798049032,0.9073778671899,0.9643841010075312,0.8618633028564099,0.34292729309401626,0.5661944899881393,0.4323866771166217,-0.7,5.66,1.0,2.0,2.0,2.0,119.12,0.27720090748307163,0.6780995562978382,0.7346557035400497,0.7138810216935778,1,0.6903703715919394,0.9869800138628292,0.5434086633987361,0.15629412472679202,0.28233386010147216,0.26489964206881794,0.5863215426396674,0.5395286952801418,0.4889510604533008,1,2.67393,1.5401617499999998,0.909570375,0.673148,0.59006925,0.54785875,0.4414635263157894,0.5165955,0.3343565,0.3831295,0.31492,0.26225566666666666,0.3872503749999999,0.525516,0.44965249999999996,0.04878750000000002,2.02564,0.09924915,0.041112100000000006,-0.02993999999999997,-0.04931849999999998,0.5340153125,2.67393,0.08421100000000001,0.6,0.8,0.9,0.74,2.528,1,-0.6721,0,0,1,6.223084253206059,2,362.0,0.6862970724506121,0.9656851463774694,0.9725386593875216,2.383323050709737,0.6632843975861886,-0.26295555555555555,0.3973444870432707,0.012448132780082987,0.0,0.04564315352697095,0.008298755186721992,0.05809128630705394,0.7421716887499998
Q9Y286-ETRA_13A,A,13,0.446080722,1,1.6900287803398797,0.6224066390041494,0.016597510373443983,0.0,0.1078838174273859,0.004149377593360996,0.0,0.0,0.0,0.004149377593360996,0.0,0.04149377593360997,0.008298755186721992,0.14522821576763487,0.0,0.0,0.0,0.0,0.008298755186721992,0.024896265560165973,0.004149377593360996,1.2021809615917656,0.6087400902046244,0.4932003742519173,1.150411924650664,1.0909672531035155,0.4214070334733704,0.4946076892927316,0.4372466434879689,0,1,0.672932006478156,0.6424318773816743,0.6422717634454558,0.6370269214446338,0.5741894338989574,0.2987938625055357,0.5277626369217889,0.0,1.8,6.0,1.0,2.0,3.0,1.0,89.09,0.014048218968301256,0.41477915576387975,0.6838610856456305,0.4517597909669882,0,0.3921773188936283,1.0,0.4240492925121444,0.2846666723288285,0.0,0.06772492430448226,0.3679739060900129,0.5631396567265499,0.3613709317307487,0,2.74777,1.80431975,1.064562375,0.540466,0.48746475,0.455746375,0.347505,0.3999915,0.317415,0.3655025,0.1546535,0.16648466666666667,0.30939062500000003,0.507675,0.33011399999999996,0.0008226957894736812,2.06256,-0.3065374999999999,0.6608134999999999,-1.45563,-1.0265676666666663,0.2403015000000001,2.74777,-0.3346383900000001,0.6,0.8,0.8,0.9209999999999999,3.362,0,-0.1693,0,1,1,6.223084253206059,2,363.0,1.1167456882224962,-0.055837284411124816,0.06370131814499014,2.0317204242667555,0.7364111354951608,-0.2775444444444444,0.37857691651214015,0.012448132780082987,0.0,0.008298755186721992,0.0,0.12448132780082988,1.0
Q9Y286-ETRA_14L,L,14,0.07500610299999999,0,2.6941163946139772,0.0,0.0,0.946058091286307,0.004149377593360996,0.016597510373443983,0.0,0.0,0.0,0.0,0.0,0.012448132780082987,0.004149377593360996,0.0,0.0,0.0,0.0,0.0,0.0,0.004149377593360996,0.004149377593360996,0.9756772985520148,0.5947986138847375,0.4966947317299513,1.0535269867228367,0.8938921180527668,0.4214070334733704,0.7364517207241945,0.8819555984385323,0,1,0.21330585622339288,0.09864317464258264,0.08815716291114165,0.0962743622005707,0.2645990713831062,0.045477635657905,0.07387453777994843,0.20186264604194454,3.8,5.98,1.0,1.0,1.0,1.0,131.17,0.3585300019875234,0.1137107448579406,0.07069565365934208,0.0,0,0.184639977115475,0.9569444716281912,0.7019585522861542,0.2528451845488441,0.5097599640371827,0.4631245468693464,0.9707285193162556,0.5631396567265499,0.023948913046789082,0,2.74777,2.1836425000000004,1.5047236250000002,0.354009,0.28814675,0.263216625,0.1922974263157895,0.274504,0.2201745,0.15732400000000002,0.229475,0.2918543333333333,0.220369375,0.292308,0.1240922,-0.03255999999999998,1.9404700000000001,0.6382720000000001,0.5071995,1.1184844999999999,0.9331356666666668,1.0511065,2.74777,-1.442405,0.7,0.8,0.7,1.69,1.251,0,-1.2883,0,0,0,6.223084253206059,2,364.0,0.378464061209268,-0.0189232030604634,0.0965433728449017,2.628588205881659,0.7537067198966729,-0.3175888888888889,0.3862412871535491,0.004149377593360996,0.0,0.0,0.0,0.950207468879668,0.5937576287499999
Q9Y286-ETRA_15V,V,15,-0.08990795499999993,0,1.8160842346654409,0.020746887966804985,0.03734439834024896,0.6141078838174274,0.2033195020746888,0.07468879668049792,0.0,0.0,0.0,0.0,0.0,0.004149377593360996,0.0,0.0,0.0,0.0,0.0,0.0,0.0,0.0,0.0,0.9827227000247298,0.575205962325332,0.5353516927789698,0.9864007485038346,0.8848912035390311,1.0,0.5282132588313921,0.4853585731082482,1,1,0.7755545750127566,0.5525450109573216,0.5052042748012511,0.5110970257273287,0.2575283593283563,0.25012764738062365,0.819032128654155,0.4596829131093427,4.2,5.96,1.0,1.0,1.0,2.0,117.14,0.6615604715468151,0.5474725520321708,0.8957459044864166,0.5407985829400221,1,0.3636214534543691,0.7458687023266878,0.6987040052004512,0.5682579343977783,0.2006203387950872,0.4357720673787627,0.8502905195387116,1.0,0.5506267975010889,1,4.11399,1.85702875,1.1121823,0.582097,0.454518,0.408121625,0.3113604210526316,0.271638,0.2987335,0.49909499999999996,0.3250375,0.4021383333333333,0.34862600000000005,0.582097,0.37071950000000004,-0.0037705584210525962,1.341935,0.6272075,2.0298126,-0.4425655,0.7975696666666668,0.8890973999999999,4.11399,0.28669429500000004,0.7,0.8,0.6,1.73,2.6180000000000003,1,-0.1889,0,0,0,6.223084253206059,2,365.0,1.6649704547537354,0.9167514772623132,0.929002908829868,1.7847072025627673,0.5555302763467416,0.010522222222222221,0.332363855886846,0.0,0.0,0.0,0.0,0.8547717842323652,0.3876150562500001
Q9Y286-ETRA_16F,F,16,0.279020316,1,1.4355503172797612,0.31950207468879666,0.008298755186721992,0.04564315352697095,0.03319502074688797,0.4149377593360996,0.0,0.0,0.0,0.012448132780082987,0.0,0.0,0.0912863070539419,0.016597510373443983,0.0,0.0,0.0,0.0,0.0,0.016597510373443983,0.0,1.0008022469347593,0.5267634933614184,0.521104450797916,0.9933894634599026,0.955084323853103,0.18898648190811768,0.6176010836105029,0.7594483082623683,0,0,0.5819518772601442,0.5741813724854943,0.5469715840695802,0.5189163574654757,0.4171226692061363,0.3763031755542241,0.6156967313193331,0.34715928942103913,2.8,5.48,2.0,1.0,1.0,1.0,165.19,0.5384952157470478,0.5290031166388384,0.6721396887580499,0.2539143255852301,1,0.43899554855230055,0.9149116398922924,1.0,0.38433680306469337,0.0001386231944329212,0.10172542737198344,0.7765901721659658,0.3876530403749359,0.0,1,2.19896,1.9972300000000005,1.3834691250000002,0.503558,0.4624485,0.422633875,0.3136047368421052,0.33632700000000004,0.3471685,0.405834,0.28333,0.3573503333333334,0.34316487500000004,0.503558,0.239888,0.008353478947368464,1.82128,1.651525,1.1419578000000001,-1.4549299999999998,-0.8580523333333332,0.7899581999999999,2.19896,-1.52103,0.8,0.8,0.4,1.328,4.173,0,-0.1637,0,0,0,6.223084253206059,2,366.0,1.897227547737304,-0.0948613773868652,0.028982009165065138,1.4367019831214916,0.619518612701283,-0.08503333333333335,0.38136514196064575,0.10373443983402487,0.0,0.0,0.0,0.08713692946058091,0.848775395
Q9Y286-ETRA_17L,L,17,0.1941995909999999,0,2.3168527792314864,0.008298755186721992,0.012448132780082987,0.8215767634854771,0.11618257261410787,0.004149377593360996,0.0,0.0,0.0,0.0,0.0,0.0,0.004149377593360996,0.008298755186721992,0.0,0.0,0.0,0.0,0.0,0.024896265560165973,0.0,0.9966434434202192,0.4932003742519173,0.5480149630450196,1.0707033855579395,0.9571924343792041,0.1989514161810544,0.3031006045578777,0.3327161889270149,0,0,0.2923576001242387,0.221923100270574,0.1748137707140283,0.21024274512271893,0.3259645132162612,0.0810769270846901,0.1834795576641317,0.018125995702208696,3.8,5.98,1.0,1.0,1.0,1.0,131.17,0.0,0.16222354875609546,0.33766562843428105,0.34761386431273555,0,0.06988392871440621,0.2650549320338739,0.3489038019475219,0.4474103584832062,0.15599466102668294,0.14008950297199899,0.3016914324792629,0.3951769559062737,0.4549632504119671,0,2.22249,1.5039485000000001,0.961100875,0.386078,0.33333325,0.293325875,0.22500879473684213,0.2993775,0.23384000000000002,0.207595,0.16137200000000002,0.16137200000000002,0.23471385714285714,0.386078,0.282619,-0.05101868421052628,-0.021479999999999944,-0.5620099999999999,1.446437,-0.66791,-0.66791,0.15114057142857149,2.22249,-0.027372000000000004,0.8,0.8,0.3,1.6669999999999998,1.99,0,-0.7471,0,0,0,6.223084253206059,2,367.0,1.1471204427735804,-0.05735602213867904,0.06235011378887088,2.3090761317909734,0.5008601949464208,-0.11455,0.2748530506264981,0.004149377593360996,0.0,0.0,0.0,0.950207468879668,0.7427494887499999
Q9Y286-ETRA_18S,S,18,0.304172959,1,1.640350439911611,0.04564315352697095,0.004149377593360996,0.012448132780082987,0.020746887966804985,0.04979253112033195,0.0,0.004149377593360996,0.0,0.4730290456431535,0.0,0.0,0.34439834024896265,0.0,0.0,0.0,0.0,0.0,0.0,0.03319502074688797,0.0,1.2146644663188402,0.4966947317299513,0.5046072790764482,1.042208901595832,1.2130850165182518,1.0,0.7646720724991275,0.6941648280730828,1,1,0.8658198392293264,0.8352493583504474,0.8115912935425404,0.8067598913207874,0.6129340247795645,0.6240198504702112,1.0,0.2118476590796576,-0.8,5.68,1.0,2.0,3.0,1.0,105.09,0.19729788397442416,0.7951622696886759,1.0,0.6639811000195595,1,0.5567726571283897,0.1605106500630105,0.9534356657415864,1.0,0.3037727292530586,0.2906524274352031,1.0,1.0,0.2604386801217168,1,4.11399,2.227905,1.3188532500000003,0.618715,0.55813925,0.51457725,0.396222,0.415696,0.4422595,0.582097,0.233176,0.233176,0.421864,0.618715,0.426896,0.027298105263157933,-0.31792999999999993,1.49322,4.11399,0.078319,0.078319,1.0904815,4.11399,-0.6660020000000001,0.9,0.8,0.2,0.993,3.1319999999999997,1,-0.6942,0,0,0,6.223084253206059,2,368.0,1.1336800756816567,0.9433159962159172,0.9526370709877588,1.9924753916711115,0.6192095477893698,-0.2832142857142857,0.3129059664101221,0.8174273858921162,0.0,0.0,0.0,0.03734439834024897,0.8802161987500001
Q9Y286-ETRA_19F,F,19,0.098107838,0,1.5540434397480989,0.008298755186721992,0.04149377593360997,0.4730290456431535,0.04979253112033195,0.3236514522821577,0.0,0.0,0.0,0.02904564315352697,0.0,0.004149377593360996,0.02904564315352697,0.012448132780082987,0.0,0.0,0.0,0.0,0.0,0.0,0.016597510373443983,0.9153187950484366,0.5353516927789698,0.5084316139601315,1.0960299260900392,0.876924155750294,0.64589121154628,0.5119167030213229,0.5235264624870078,1,1,0.9040774420651218,0.9781235527503116,0.9400328388085069,0.8933442930870815,0.8536959643158483,0.01234272019173163,0.5238893637061329,0.5893113686428503,2.8,5.48,2.0,1.0,1.0,1.0,165.19,0.5817298048838122,0.7014921452725439,1.0,0.151206860408716,1,0.612984551905043,0.4110766156711333,0.0,0.165376404984332,0.20996700767972493,0.19507895066037687,0.0,0.16382214908991954,0.023402162027151736,1,3.2778400000000003,1.83146825,1.149959875,0.634235,0.61050775,0.559204875,0.4210735789473685,0.513285,0.20745500000000008,0.3637260000000001,0.373085,0.373085,0.3941672000000001,0.618715,0.193049,0.03633987368421058,0.3925850000000001,-1.7481799999999998,0.0849556,-0.395368,-0.395368,-0.25468447999999994,1.49896,-1.4442,0.9,0.8,0.1,1.2690000000000001,3.9960000000000004,1,0.5868,0,0,0,6.223084253206059,2,369.0,1.757937909337824,0.9121031045331088,0.9248673024202728,1.4224451687231576,0.5616879457355899,0.06631666666666666,0.3163402491788611,0.05809128630705394,0.0,0.0,0.0,0.5643153526970954,0.6226347975
Q9Y286-ETRA_20C,C,20,0.118544957,0,2.2684624639573183,0.0,0.0,0.004149377593360996,0.004149377593360996,0.04149377593360997,0.0,0.02904564315352697,0.0,0.8381742738589212,0.0,0.0,0.020746887966804985,0.004149377593360996,0.0,0.0,0.0,0.0,0.0,0.04149377593360997,0.0,1.1581065169028408,0.521104450797916,0.4619584451330094,1.0092145581528964,1.1780594321039404,0.3443471337579617,0.4644811687130737,0.4636512889940758,0,1,0.5864703170796041,0.5166194566287191,0.5099192772584056,0.5343173713490531,0.5935894842278221,0.464334279834319,0.3858643514965464,0.13065096835201415,2.5,5.05,1.0,1.0,1.0,1.0,121.15,0.11460225258767305,0.4610730160403258,0.3996663231199358,0.501763869531544,0,0.3653557106367972,0.02090903272117892,0.7610130879002737,0.6081714939013337,0.01849629480004597,0.0,0.3724908207981889,0.3951769559062737,0.4604918596540391,0,2.56581,1.7570674999999998,1.090697,0.505391,0.44135,0.409759875,0.31802515789473684,0.407855,0.380961,0.30042,0.20308,0.20308,0.323079,0.407855,0.352918,-0.0034916005263157905,-0.7137899999999999,0.83904,2.22249,-1.3622299999999998,-1.3622299999999998,0.2463775000000001,2.22249,-0.00922141,1.0,0.8,0.0,1.135,1.963,0,0.0705,0,0,0,6.223084253206059,2,370.0,0.7655278938590578,-0.038276394692952895,0.0793250497834583,2.627121162858446,0.7408025562474159,-0.018640000000000004,0.43178175276752,0.8589211618257262,0.0,0.0,0.0,0.008298755186721992,0.64818119625
