,residue_num,residue_name,interface_score,interface,Entropy,A,I,L,V,F,W,Y,N,C,Q,M,S,T,D,E,R,H,K,G,P,polarity,polarity_i1-i3_N,polarity_i1-i3_C,polarity_i_i1,relative_polarity,coev_all_max_DI,coev_all_top4_DI,coev_all_top8_DI,CumDI4,CumDI8,coev_all_max_MI,coev_all_top4_MI,coev_all_top8_MI,CumMI4,CumMI8,coev_all_mean_MI,coev_i1_MI,coev_i2_MI,Hydrophobicity_sAA,PI_sAA,Aromatic_sAA,Polar_sAA,Small_sAA,Cbbranched_sAA,residue_mass,coev_i3_MI,coev_i4_MI,coev_i4_cx_MI,coev_i1-i4_MI,coev_i1-i4_max_MI,coev_i5_MI,highest_face_MI,coev_all_mean_DI,coev_i1_DI,coev_i2_DI,coev_i3_DI,coev_i4_DI,coev_i4_cx_DI,coev_i1-i4_DI,coev_i1-i4_max_DI,coev_i5_DI,highest_face_DI,coev_all_max_DI_nonnorm,coev_all_top4_DI_nonnorm,coev_all_top8_DI_nonnorm,CumDI4_nonnorm,CumDI8_nonnorm,coev_all_max_MI_nonnorm,coev_all_top4_MI_nonnorm,coev_all_top8_MI_nonnorm,CumMI4_nonnorm,CumMI8_nonnorm,coev_all_mean_MI_nonnorm,coev_i1_MI_nonnorm,coev_i2_MI_nonnorm,coev_i3_MI_nonnorm,coev_i4_MI_nonnorm,coev_i4_cx_MI_nonnorm,coev_i1-i4_MI_nonnorm,coev_i1-i4_max_MI_nonnorm,coev_i5_MI_nonnorm,highest_face_MI_nonnorm,coev_all_mean_DI_nonnorm,coev_i1_DI_nonnorm,coev_i2_DI_nonnorm,coev_i3_DI_nonnorm,coev_i4_DI_nonnorm,coev_i4_cx_DI_nonnorm,coev_i1-i4_DI_nonnorm,coev_i1-i4_max_DI_nonnorm,coev_i5_DI_nonnorm,highest_face_DI_nonnorm,RelPos_TMD,RelPos_fullseq,residue_depth,LIPS_polarity,LIPS_entropy,LIPS_surface,GxxxG,SmxxxSm,PolarxxxPolar,n_homologues,n_TMDs,res_num_full_seq,n_homol_norm,conservation,LIPS_L*E,LIPS_surface_ranked,LIPS_surface_ranked_norm,cons+polarity,cons*polarity,cons_i4,polar_i4,CS,DE,KR,QN,LIV,interface_score_norm,real_interface
0,1,L,2.7298201410000003,0,1.2276372702299998,0.015873015873015872,0.3492063492063492,0.4603174603174603,0.12698412698412698,0.031746031746031744,0.0,0.0,0.0,0.0,0.0,0.015873015873015872,0.0,0.0,0.0,0.0,0.0,0.0,0.0,0.0,0.0,0.8532467532467538,1.3391774891774892,0.8835497835497838,1.5320346320346323,0.3838737949167399,0.4861066373609717,0.6299971554003869,0.8153042444652122,1.0,1.0,0.5374775191865953,0.5850158410275316,0.5816067904863568,1.0,1.0,0.5801812331966257,0.6262995772749353,0.012507331655682456,3.8,5.98,1.0,1.0,1.0,1.0,131.17,0.3855249507318354,0.2674299130726445,0.2674299130726445,0.4096975351055091,0.5323899779306764,0.6955425945812008,1.0,0.4275683718559092,1.0,0.4165265027494984,0.10479359951037087,0.7570007667591537,0.837310091532554,0.7439501702344005,0.4069139058137626,1.0,1.0,3.466,2.1902625,1.5239565000000002,1,1,0.616008,0.594627,0.52631425,1,1,0.361555,0.602206,0.0198166,0.309798,0.350401,0.350401,0.3205554,0.602206,0.616008,1,0.00997566666666672,2.2073400000000003,-0.363675,-2.0219099999999997,1.90779,1.90779,0.4323862500000002,2.2073400000000003,3.466,1,0.0,0.4,0.0,1.139,3.422,1,0,0,0,63,1,43.0,1,1.7723627297700002,3.8976580000000003,0.8051170999999999,0.8907688767282517,2.625609483016754,1.5122627447518064,0.8225581050840001,0.3724675324675325,0.0,0.0,0.0,0.0,0.9365079365079364,0.908772482375,1
1,2,A,3.287135379,0,1.0864147240200002,0.6984126984126984,0.12698412698412698,0.015873015873015872,0.07936507936507936,0.0,0.0,0.0,0.0,0.0,0.0,0.015873015873015872,0.031746031746031744,0.015873015873015872,0.0,0.015873015873015872,0.0,0.0,0.0,0.0,0.0,1.9103896103896103,0.9049783549783552,0.7333333333333335,1.810822510822512,1.1660721363456203,0.4260923318869961,0.6907881335627757,0.8658441259848121,1.0,1.0,0.6107741709550859,0.6430508556312267,0.682247439269799,1.0,1.0,0.658115901050908,0.30796533688638283,0.3749184356305034,1.8,6.0,1.0,2.0,3.0,1.0,89.09,0.4810847745747106,0.42322609497722,0.42322609497722,0.4854562792603133,0.5323899779306764,0.4111328202869411,1.0,0.473438868704488,0.9765381770386092,0.05899082243373435,1.0,0.6861512948586067,0.7589442821344319,1.0,0.4069139058137626,0.4135712879675057,1.0,3.2126099999999997,2.29188,1.57619075,1,1,0.677752,0.64035775,0.597143,1,1,0.4006949095238096,0.35066005,0.265223,0.367137,0.489749,0.489749,0.36468582,0.602206,0.377033,1,0.01925455238095245,2.1388100000000003,-1.71934,1.02044,1.55588,1.55588,1.02692,2.2073400000000003,0.2396,1,0.1,0.4,0.1,0.804,2.998,1,0,0,1,63,1,44.0,1,1.91358527598,2.4103920000000003,0.8794803999999999,0.9446849954967972,3.8239748863696095,3.655693429826727,0.5288821097833333,0.4913419913419914,0.031746031746031744,0.015873015873015872,0.0,0.0,0.2222222222222222,0.8391080776250001,1
2,3,G,5.448922371,1,0.27721592998100003,0.07936507936507936,0.0,0.0,0.0,0.0,0.0,0.0,0.0,0.0,0.0,0.0,0.0,0.0,0.0,0.0,0.0,0.0,0.0,0.9206349206349206,0.0,2.668831168831169,0.7660173160173162,0.4614718614718616,1.7670995670995675,2.174219714336096,0.15553650264319685,0.17336413836300013,0.3956258693696805,0.0,0.0,0.0,0.0,0.0,0.0,0.0,0.0,0.0,0.0,-0.4,5.97,1.0,2.0,3.0,1.0,75.06,0.10736668430460017,0.0,0.0,0.0,0.0,0.0,0.0,0.0,0.7805037420803079,0.590543824570116,0.5774393922006539,0.5497702390140385,0.6080947197999022,0.8583110585498237,0.3832036094454375,0.3277566502604521,0.0,2.07028,1.42696,1.09020825,0,0,0.163245,0.133643,0.11699175,0,0,0.0701796519047619,0.10730755,0.01134727,0.142894,0.111205,0.111205,0.08190144,0.142894,0.0315791,0,-0.07651474285714288,1.56621,0.296145,-0.415628,0.878474,0.878474,0.6979259999999999,2.07028,-0.232533,0,0.1,0.4,0.2,0.499,1.324,0,1,1,1,63,1,45.0,1,2.7227840700190002,0.660676,-0.0330338,0.2830787463768105,5.391615238850169,7.2666509920636955,0.6751224402054286,0.7821892393320965,0.0,0.0,0.0,0.0,0.0,0.568884703625,0
3,4,I,2.939118575,0,0.775885356524,0.047619047619047616,0.8095238095238095,0.031746031746031744,0.06349206349206349,0.0,0.0,0.0,0.0,0.015873015873015872,0.0,0.0,0.031746031746031744,0.0,0.0,0.0,0.0,0.0,0.0,0.0,0.0,0.722077922077923,0.9054112554112556,0.8088744588744591,1.4666666666666668,0.4212121212121217,0.08867025408795495,0.17807522604995182,0.3556237068683484,0.0,0.0,0.4482142963134434,0.4903177152371458,0.5196951101464773,0.0,0.0,0.5592011956275613,0.02434078093056712,0.5482915929772231,4.5,6.02,1.0,1.0,1.0,2.0,131.17,0.2686171165728524,0.3045587947564077,0.3045587947564077,0.32075995555725506,0.41394818345357104,0.3794505413812502,1.0,0.28773064268804177,0.4977605308253706,0.5214888922265959,0.0,0.4924570810665854,0.5447012760489136,0.3969688042081213,0.3343644815401001,0.4369853594574988,1.0,1.7879599999999998,1.434835,1.048865,0,0,0.540814,0.52000625,0.482742125,0,0,0.3510185238095238,0.12654149999999995,0.3826225,0.2396495,0.38361,0.38361,0.2687481428571429,0.5000220000000001,0.350412,1,-0.018311323809523883,0.7403409999999999,0.03430999999999984,-2.37805,0.593799,0.593799,-0.3732855714285716,1.7879599999999998,0.368419,1,0.2,0.4,0.3,1.079,2.071,0,0,0,0,63,1,46.0,1,2.224114643476,2.234609,-0.11173045,0.2260207899912459,2.9461925655539227,1.6059840802242304,0.57066032107925,1.570616883116883,0.047619047619047616,0.0,0.0,0.0,0.9047619047619048,0.882610178125,1
4,5,V,2.749991455,1,0.65957220435,0.0,0.2698412698412698,0.0,0.7142857142857143,0.0,0.0,0.0,0.015873015873015872,0.0,0.0,0.0,0.0,0.0,0.0,0.0,0.0,0.0,0.0,0.0,0.0,1.0090909090909088,0.8835497835497838,2.614502164502164,0.9229437229437232,0.2884722480044551,0.1170514618110162,0.02606009194248456,0.16140701915519,0.0,0.0,0.2770787703959591,0.29423098521482943,0.3026418103700915,0.0,0.0,0.2694621358901969,0.1079208415093272,0.11428234216555193,4.2,5.96,1.0,1.0,1.0,2.0,117.14,0.3209342827263523,0.14541632892640524,0.2033578369716112,0.2000060779805332,0.2599207637098718,0.12210655675955065,1.0,0.07565282381902577,0.2893544605913612,0.5617958370294629,0.7785688644074279,0.4313229117037123,0.5208251387581736,0.6521364842542601,0.3550941241332447,0.105701666934156,1.0,1.90779,1.18072825,0.848137125,0,0,0.396652,0.36549275,0.32998462500000003,0,0,0.2055074066666667,0.19258599999999998,0.08873347000000001,0.2710415,0.241269,0.2930933333333334,0.1984074925,0.367137,0.134179,1,-0.06121135714285709,0.1316045,0.1871415,0.2679085,0.2901450000000001,0.4865806666666668,0.21919987500000013,1.90779,-1.45423,1,0.2,0.4,0.4,1.015,1.944,1,0,0,0,63,1,47.0,1,2.34042779565,1.97316,0.901342,0.9605354569753818,3.349518704740909,2.3617044119740904,0.6834007482023333,0.3030303030303031,0.0,0.0,0.0,0.015873015873015872,0.9841269841269842,0.906251068125,1
5,6,M,5.399977963,0,1.74029261728,0.09523809523809523,0.15873015873015872,0.3809523809523809,0.15873015873015872,0.0,0.0,0.0,0.0,0.031746031746031744,0.0,0.1111111111111111,0.047619047619047616,0.015873015873015872,0.0,0.0,0.0,0.0,0.0,0.0,0.0,1.0376623376623382,0.7333333333333335,2.5857142857142854,1.6177489177489182,0.31263858093126395,0.4861066373609717,0.5926973055868713,0.8138876125803877,1.0,1.0,0.7746529199831431,0.8141701211507064,0.8494851897702227,1.0,1.0,0.8606130872244754,0.3267638111100376,0.6466975233804815,1.9,5.74,1.0,1.0,1.0,1.0,149.2,0.2813705924262435,0.409637476591106,0.3417350066616355,0.5201878136327224,0.41394818345357104,0.722705379322722,0.0,0.7929236261733631,0.409405524035376,0.5326896979883515,0.2950666325338607,0.4808351987247056,0.4463441796538388,0.5275693917019155,0.3343644815401001,0.5995874605604697,0.0,3.466,2.1279125,1.522492375,1,1,0.815801,0.7751972500000001,0.714841375,1,1,0.5023919047619048,0.3655145,0.4492580000000001,0.247302,0.477595,0.4168613333333333,0.384917375,0.5000220000000001,0.6388315,0,0.08388133333333336,0.4822635000000001,0.07677999999999985,-1.375269,0.5360729999999999,0.15211600000000006,-0.07003812500000005,1.7879599999999998,1.2630195,0,0.3,0.4,0.5,1.499,5.65,0,0,0,1,63,1,48.0,1,1.25970738272,8.46935,-0.4234675,0.0,2.2973697203823384,1.3071509075237409,0.5135657916855556,0.4471861471861472,0.07936507936507936,0.0,0.0,0.0,0.6984126984126983,0.5750027546250001,0
6,7,G,3.0790384860000004,0,0.996926988581,0.09523809523809523,0.0,0.0,0.015873015873015872,0.0,0.015873015873015872,0.0,0.0,0.07936507936507936,0.0,0.0,0.047619047619047616,0.0,0.0,0.0,0.015873015873015872,0.0,0.0,0.7301587301587301,0.0,2.806493506493507,0.4614718614718616,2.2974025974025967,5.229004329004328,1.0172603169621843,0.3437837504973758,0.6693997954640153,0.8733772017934245,1.0,1.0,0.4202745775387737,0.432827761424544,0.4350962571688901,1.0,1.0,0.44041232645296097,0.29240897604380794,0.33709885485655805,-0.4,5.97,1.0,2.0,3.0,1.0,75.06,0.30205697191402137,0.10547558487296307,0.05498657424229719,0.3071327509230015,0.39472677620964,0.3114665190278737,0.0,0.30481121545919704,0.20349627380512286,0.8135469354508403,0.42478747914514975,0.3717569897943622,0.3143711328069357,0.5666037919494665,0.5206994554727866,0.11250219701743633,0.0,2.8650900000000004,2.2561275000000003,1.5839763749999998,1,1,0.517278,0.47470500000000004,0.42320325,1,1,0.2913610476190476,0.33836750000000004,0.2396135000000001,0.2597145,0.205545,0.16038636666666667,0.260810125,0.483439,0.2932885,0,-0.014856190476190469,-0.11917999999999995,1.1417040000000005,-0.934414,-0.005719499999999989,-0.440523,0.020597625000000064,2.8650900000000004,-1.4168150000000002,0,0.3,0.4,0.6,0.5,2.74,0,1,1,1,63,1,49.0,1,2.003073011419,1.37,-0.0685,0.2573644511334715,4.809566517912507,5.621611399579818,0.7213674076397778,0.7115440115440116,0.12698412698412698,0.0,0.015873015873015872,0.0,0.015873015873015872,0.86512018925,1
7,8,D,2.04617057,0,0.658832074842,0.0,0.015873015873015872,0.0,0.09523809523809523,0.0,0.0,0.0,0.0,0.047619047619047616,0.0,0.0,0.0,0.0,0.8253968253968254,0.0,0.0,0.0,0.0,0.015873015873015872,0.0,11.842857142857142,0.8088744588744591,0.4783549783549785,5.1714285714285735,9.200269043215066,1.0,1.0,1.0,1.0,1.0,0.6331451770864867,0.6091688869909407,0.5723867408613859,1.0,1.0,0.5628897647321365,0.2030676753044772,0.5554451121505373,-3.5,2.77,1.0,3.0,2.0,1.0,133.1,0.4523846624974481,0.4795242753724461,0.4797890637374106,0.522585616008005,0.6417988816972979,0.380757356540425,1.0,0.24893389723845424,0.0,0.3660709211179232,0.8201432106612054,1.0,1.0,0.8005687041319446,1.0,0.568232863672955,1.0,5.63574,2.808755,1.71484425,1,1,0.696597,0.61365925,0.519825375,1,1,0.3528709761904761,0.26777049999999997,0.3874665,0.349916,0.5401035000000001,0.5403403333333334,0.386314125,0.696597,0.35151005,1,-0.026159300000000024,-0.7135754,-0.554987,0.4091985,3.1147695,2.6383663333333334,0.5638514000000001,5.63574,1.0905135,1,0.3,0.4,0.7,0.471,1.878,1,0,0,1,63,1,50.0,1,2.341167925158,0.8845380000000002,0.9557730999999999,1.0,14.184025068015142,27.72611728508545,0.7505866950398891,1.6546897546897543,0.047619047619047616,0.8253968253968254,0.0,0.0,0.1111111111111111,0.99422867875,1
8,9,L,4.98065317,0,0.962183791599,0.0,0.19047619047619047,0.6349206349206349,0.15873015873015872,0.015873015873015872,0.0,0.0,0.0,0.0,0.0,0.0,0.0,0.0,0.0,0.0,0.0,0.0,0.0,0.0,0.0,0.8649350649350653,2.614502164502164,0.7220779220779221,4.594805194805193,0.2592280246513138,0.3437837504973758,0.2970672806136199,0.4561165225382104,1.0,1.0,0.4731162117084232,0.4718944701393618,0.454091395911002,1.0,1.0,0.4903690912156414,0.2328337664229355,0.6230048138724162,3.8,5.98,1.0,1.0,1.0,1.0,131.17,0.4561027944319683,0.22874975542946585,0.2588799135384931,0.4570080600493832,0.4855448248363347,0.31165217830097725,1.0,0.2571558199661521,0.12758038113668066,1.0,0.15980920938416768,0.17167734428532908,0.25247585348348284,0.4148888938177059,0.5206994554727866,0.5085014350817927,1.0,2.8650900000000004,1.63374075,1.152726875,1,1,0.561791,0.5054890000000001,0.4365716250000001,1,1,0.3164500523809523,0.2912915,0.4332145000000001,0.352147,0.3158045,0.3427536666666667,0.348114375,0.561791,0.2934445,1,-0.02449613333333331,-0.3409239,1.8486765000000005,-1.83494,-0.999517,-0.7184703333333333,-0.33167609999999986,2.8650900000000004,0.7618845000000001,1,0.4,0.5,0.8,1.757,2.638,1,0,0,0,63,1,51.0,1,2.037816208401,4.634966,0.7682517,0.8640401101881716,2.9027512733360648,1.7625786945390474,0.6379905063056667,0.31919191919191925,0.0,0.0,0.0,0.0,0.984126984126984,0.62741835375,0
9,10,V,6.311909854,0,1.55120053353,0.09523809523809523,0.15873015873015872,0.25396825396825395,0.3968253968253968,0.047619047619047616,0.0,0.0,0.0,0.0,0.0,0.031746031746031744,0.0,0.015873015873015872,0.0,0.0,0.0,0.0,0.0,0.0,0.0,1.0766233766233766,2.5857142857142854,0.7090909090909093,0.956709956709957,0.3267638943634213,0.0605922087272865,0.08887414576015552,0.0,0.0,0.0,0.5406387815547522,0.5608799273590693,0.5677595764293822,0.0,0.0,0.5657466836531397,0.3926501255482116,0.5537180187002501,4.2,5.96,1.0,1.0,1.0,2.0,117.14,0.6301675325919847,0.2603857226709897,0.2177838648666275,0.5480400027769357,0.5238253648856661,0.20653749145045,0.0,0.3378263554119694,0.20307277643166247,0.5254344927587067,0.7415730221363017,0.4411896131867677,0.4247123569578837,0.6018968791472495,0.2260852702248949,0.3406957424846554,0.0,1.6694099999999998,1.2857275,0.6813188750000001,0,0,0.618671,0.5756082499999999,0.516568875,0,0,0.3543057619047619,0.4175775000000001,0.386297,0.4565915,0.34410050000000003,0.3059963333333333,0.401141625,0.594817,0.205122,0,-0.008177742857142836,-0.12041700000000002,0.049270500000000016,0.14217850000000004,0.33915300000000004,0.05497599999999999,0.10254625,1.16204,-0.16134499999999996,0,0.4,0.5,0.9,1.649,4.728,0,0,0,0,63,1,52.0,1,1.44879946647,7.7964720000000005,-0.3898236,0.024393060935126186,2.5254228430933767,1.5598113736410781,0.5537925224679999,0.3421356421356422,0.0,0.0,0.0,0.0,0.8095238095238095,0.4610112682500001,0
10,11,L,2.153682196,1,1.23355041268,0.06349206349206349,0.07936507936507936,0.6666666666666666,0.031746031746031744,0.07936507936507936,0.0,0.0,0.0,0.015873015873015872,0.0,0.047619047619047616,0.0,0.0,0.0,0.0,0.0,0.0,0.0,0.015873015873015872,0.0,0.9285714285714288,2.2974025974025967,0.7151515151515152,1.4441558441558442,0.3082339416582843,0.1743491483032381,0.3096491750212445,0.6872002296024904,0.0,0.0,0.8656979884494619,0.8755805151236921,0.8666899931263911,0.0,0.0,0.8497493995072739,0.6436244268736638,1.0,3.8,5.98,1.0,1.0,1.0,1.0,131.17,0.4969855799477528,0.24268552421947065,0.18237936849558845,0.7217585746133955,0.7792743087108921,0.7789143193165741,1.0,0.8282308243864965,0.3946301902478929,0.9056647936679448,0.7030916671816013,0.3114556152952798,0.2973439592678613,0.7339058453353018,0.3969443714513916,0.4137511389501973,1.0,2.14971,1.6547724999999998,1.39155775,0,0,0.892496,0.8235877500000001,0.72694975,0,0,0.4969360047619046,0.615896,0.6884965000000001,0.376678,0.32826900000000003,0.2743296666666667,0.5023348750000001,0.8152020000000001,0.6860609999999999,1,0.09102342857142864,0.4391060000000001,1.4909865,0.011399999999999966,-0.305237,-0.5169853333333333,0.409063875,2.14971,0.2405895,1,0.5,0.5,1.0,1.618,3.3560000000000003,0,0,0,0,63,1,53.0,1,1.76644958732,5.430008000000001,-0.27150040000000003,0.11018171883861304,2.695021015891429,1.6402746167971434,0.6927779811032222,0.4873015873015874,0.015873015873015872,0.0,0.0,0.0,0.7777777777777778,0.9807897255,1
11,12,T,1.892144815,1,0.810002313275,0.015873015873015872,0.06349206349206349,0.047619047619047616,0.06349206349206349,0.015873015873015872,0.0,0.0,0.0,0.0,0.0,0.0,0.0,0.7936507936507936,0.0,0.0,0.0,0.0,0.0,0.0,0.0,2.327272727272727,0.4783549783549785,0.4357142857142859,1.4181818181818189,2.5460573052332456,1.0,0.924169136124112,0.8823807301296304,1.0,1.0,0.7903096565109777,0.7186486934086984,0.7484221781348188,1.0,1.0,0.7293230963627568,0.791798714860627,0.40005395856390463,-0.7,5.66,1.0,2.0,2.0,2.0,119.12,0.32680979780261904,0.5735897364228415,0.5148287074563733,0.6808545209737622,0.7952560226998757,0.3716772494435875,1.0,0.4231413185062434,0.7553487855211417,0.3416600480286964,0.2652516264576326,0.9915152165503208,0.8267992614805766,0.8205749768889925,1.0,0.0,1.0,5.63574,2.6819970000000004,1.59328175,1,1,0.82899,0.69992775,0.643715375,1,1,0.43645618571428574,0.7329825,0.2822435,0.274567,0.6242380000000001,0.5716806666666667,0.47850775,0.82899,0.34388050000000003,1,0.009080142857142806,1.4927345,-0.6475455,-1.476595,3.0726255,1.86059,0.6103048750000001,5.63574,-2.035777,1,0.5,0.5,1.0,0.882,2.096,1,0,0,1,63,1,54.0,1,2.189997686725,1.848672,0.9075664000000001,0.9650483751710904,4.517270413997727,5.096721889105454,0.7017343569169999,1.8054834054834048,0.0,0.0,0.0,0.0,0.1746031746031746,1.0,1
12,13,V,5.4133492410000015,0,1.6363294473,0.07936507936507936,0.07936507936507936,0.42857142857142855,0.2698412698412698,0.031746031746031744,0.015873015873015872,0.0,0.0,0.0,0.0,0.047619047619047616,0.015873015873015872,0.015873015873015872,0.0,0.0,0.0,0.0,0.0,0.015873015873015872,0.0,0.9987012987012992,0.7220779220779221,0.6158008658008659,1.4303030303030304,0.7464811519171658,0.2524205619872293,0.5693512488270885,0.6018300469884444,0.0,1.0,0.841162888702909,0.8755249937974748,0.9329288501535462,0.0,1.0,1.0,0.5844972082504502,0.9140248597786932,4.2,5.96,1.0,1.0,1.0,2.0,117.14,0.9414640040331148,0.4536540235346732,0.3654165152658599,0.8721660611060472,0.7952560226998757,0.8807573565404251,0.0,0.7579225034023883,0.6308547655984832,0.8565973787688159,0.5526045390747067,0.11000744009046093,0.13501784725581606,0.6253674989356985,0.4539677553116789,0.6165265331546516,0.0,2.47934,2.0888875,1.3033254999999997,0,1,0.871828,0.823544,0.77356725,0,1,0.5723940142857143,0.569174,0.6302785000000001,0.6433795,0.5169645,0.4380426666666668,0.5899491250000001,0.82899,0.7716345,0,0.07680115238095239,1.129098,1.304938,-0.500029,-1.3058319999999999,-1.245928,0.15704375000000004,2.47934,1.3562145,0,0.6,0.5,0.9,1.584,5.1610000000000005,0,0,0,0,63,1,55.0,1,1.3636705527,8.175024,-0.4087512,0.01066985702132025,2.3623718514012992,1.3618995519822086,0.5806783578956667,0.3150072150072152,0.015873015873015872,0.0,0.0,0.0,0.7777777777777777,0.5733313448749999,0
13,14,L,6.418297204,1,0.724374146978,0.0,0.12698412698412698,0.7777777777777778,0.0,0.07936507936507936,0.0,0.0,0.0,0.0,0.0,0.0,0.0,0.0,0.0,0.0,0.0,0.0,0.015873015873015872,0.0,0.0,0.9649350649350648,0.7090909090909093,0.6168831168831171,0.8714285714285719,0.7277179236043094,0.26231123406029144,0.21631729340085787,0.1907022602130113,0.0,1.0,0.27293814585967224,0.26528533837234314,0.2574091999793969,0.0,1.0,0.2841328262974589,0.13763947595430462,0.3246747101816833,3.8,5.98,1.0,1.0,1.0,1.0,131.17,0.2655197843450146,0.21998155239399614,0.2842213340041554,0.28558064052730464,0.2900887409358135,0.2315366315861883,0.0,0.11589237528691068,0.15841622800852087,0.33110130399585513,0.4469317255604695,0.6033298305549849,0.5226980113079013,0.4874160483094887,0.2260852702248949,0.4617513577885835,0.0,2.5211,1.49876,0.8784145000000001,0,1,0.393164,0.342684,0.298150875,0,1,0.21287523809523806,0.21606950000000005,0.2312005,0.23779099999999997,0.307962,0.3654196666666667,0.24825575,0.393164,0.2261275,0,-0.053071523809523784,-0.250855,-0.687581,-0.8591570000000001,1.144505,0.494991,-0.16327199999999994,1.16204,0.504676,0,0.6,0.5,0.8,1.732,2.079,0,0,0,0,63,1,56.0,1,2.275625853022,3.6008280000000004,-0.18004140000000002,0.1764928468608015,3.240560917957065,2.195831180253696,0.5673191803124444,0.4565656565656566,0.0,0.0,0.015873015873015872,0.0,0.9047619047619048,0.4477128495,0
14,15,I,2.801152798,1,0.5345207688100001,0.0,0.8412698412698413,0.047619047619047616,0.1111111111111111,0.0,0.0,0.0,0.0,0.0,0.0,0.0,0.0,0.0,0.0,0.0,0.0,0.0,0.0,0.0,0.0,0.6506493506493514,0.7151515151515152,0.8530303030303031,1.2316017316017318,0.4149068322981371,0.06245855202076669,0.2337692560100765,0.4414615848207887,0.0,0.0,0.33489437727404925,0.3017431792843905,0.3082165382231277,0.0,0.0,0.3152458732711462,0.16946835048006226,0.422413136318563,4.5,6.02,1.0,1.0,1.0,2.0,131.17,0.30297525550699345,0.20589428962741427,0.2720660387027047,0.3290170429973218,0.3505834925168301,0.18489009625600225,1.0,0.15536421930058272,0.4120480175495668,0.27774358752551465,0.6899740767223091,0.5135574031014034,0.6211120413657576,0.5863199093174237,0.2935210482075338,0.465997476815218,1.0,1.6772900000000002,1.5279325,1.137580625,0,0,0.445355,0.3714122500000001,0.33390800000000004,0,0,0.2285006571428571,0.2412205,0.29738400000000004,0.26026550000000004,0.295362,0.35454766666666665,0.273558,0.445355,0.1869328,1,-0.0450869857142857,0.489982,-0.8898969999999999,-0.03317999999999999,0.6986045000000001,0.9369296666666664,0.06637737500000003,1.55186,0.5280372,1,0.7,0.5,0.7,1.861,1.66,1,0,0,0,63,1,57.0,1,2.4654792311900002,3.08926,0.8455370000000001,0.920074786081558,3.116128581839351,1.6041624608132354,0.6952229447030001,0.3076479076479078,0.0,0.0,0.0,0.0,1.0,0.8998559002500001,1
15,16,A,4.168171781,0,1.21555639963,0.6666666666666666,0.031746031746031744,0.015873015873015872,0.07936507936507936,0.0,0.0,0.0,0.0,0.015873015873015872,0.0,0.0,0.031746031746031744,0.015873015873015872,0.0,0.0,0.0,0.0,0.0,0.12698412698412698,0.015873015873015872,2.07922077922078,0.4357142857142859,0.7047619047619049,1.2337662337662345,1.8231163408616429,0.4260923318869961,0.5123695215658637,0.8034006905732719,1.0,1.0,0.8637867483395361,0.8599584002497509,0.8928922974727499,1.0,1.0,0.8865018710218542,0.5711827639386736,0.8450496650494602,1.8,6.0,1.0,2.0,3.0,1.0,89.09,0.8847220775541326,0.3350688990133326,0.264232700710885,0.7874726083159478,0.8463550842899799,0.8130994280385252,1.0,0.6549494920199929,0.7461823098334172,0.5732736959217277,0.6125564588979224,0.2377437570836134,0.34369939204201005,0.6362204130114164,0.3141987931725556,0.4941553156371114,1.0,3.2126099999999997,1.9936375,1.511653875,1,1,0.8908860000000001,0.8112777500000001,0.745390375,1,1,0.5153936238095237,0.5586530000000001,0.583572,0.6093324999999999,0.410899,0.3475413333333333,0.5406141250000001,0.873075,0.714785,1,0.05597131904761905,1.46596,0.2306619999999999,-0.296283,-0.6713645000000001,-0.30882133333333345,0.182243625,1.6713900000000002,0.6829553500000001,1,0.7,0.5,0.6,0.87,3.165,1,0,0,1,63,1,58.0,1,1.78444360037,2.75355,0.8623225,0.9322448889628104,3.86366437959078,3.710252213236845,0.7097281297684445,0.9194805194805196,0.047619047619047616,0.0,0.0,0.0,0.12698412698412698,0.728978527375,0
16,17,L,6.687013757999999,1,1.1753815400399998,0.06349206349206349,0.07936507936507936,0.6666666666666666,0.1111111111111111,0.0,0.0,0.0,0.0,0.0,0.0,0.031746031746031744,0.0,0.015873015873015872,0.0,0.0,0.0,0.0,0.0,0.031746031746031744,0.0,0.971428571428572,0.6158008658008659,1.1876623376623376,1.7060606060606065,0.5386461833893426,0.11086742330939617,0.316778621054165,0.6423829942249845,0.0,0.0,0.7566290947725803,0.7992180693680278,0.7991916848867631,0.0,0.0,0.773553365057515,0.8502014282687003,0.43076063159667183,3.8,5.98,1.0,1.0,1.0,1.0,131.17,0.14052697145571286,0.6012147469044358,0.6493684024186862,0.672217475448083,0.7623699486285492,0.65235717654614,0.0,0.6479946961989372,0.6150237696031867,0.2178991777152756,0.4250234663041527,0.348214554451728,0.4670683298224241,0.4403509320093861,0.3182519979289386,0.3078534444416776,0.0,1.88168,1.6666900000000002,1.345238,0,0,0.800618,0.76341525,0.679445875,0,0,0.4586692619047619,0.7791319999999999,0.30303650000000004,0.16279125,0.6489465,0.6920163333333335,0.4734765625,0.800618,0.5797215,0,0.054564472380952384,1.0828570000000002,-1.11680854,-0.933612,-0.12265499999999994,0.24518000000000004,-0.2725546349999999,1.69482,-0.342036,0,0.7,0.5,0.5,1.601,3.107,0,0,0,0,63,1,59.0,1,1.82461845996,4.974307,-0.24871535,0.12670171542224032,2.7960470313885724,1.7724865039611442,0.4984120788400001,0.5350649350649352,0.0,0.0,0.0,0.0,0.8571428571428572,0.4141232802500001,0
17,18,A,5.995944046,0,1.61855269668,0.5238095238095238,0.031746031746031744,0.07936507936507936,0.09523809523809523,0.0,0.0,0.0,0.0,0.015873015873015872,0.0,0.0,0.09523809523809523,0.047619047619047616,0.0,0.0,0.0,0.0,0.0,0.07936507936507936,0.031746031746031744,2.067532467532468,0.6168831168831171,1.3173160173160172,1.4095238095238098,1.0689346463742162,0.07193474430149499,0.15805983350567435,0.4076577461874121,0.0,0.0,1.0,0.9810291559933526,0.9943989854766146,0.0,0.0,0.970668406317154,0.7200758623399596,0.6979740344680004,1.8,6.0,1.0,2.0,3.0,1.0,89.09,0.7045810018623991,0.6576202588255025,0.5364056982605212,0.8726509648135312,1.0,1.0,1.0,1.0,0.4228680844368173,0.30346878167699026,0.7946583629788525,0.6592246300314103,0.547816148658173,0.7164312211462327,0.3221408601962664,0.4243439892238453,1.0,1.7173,1.4013775000000002,1.1026434999999999,0,0,1.00563,0.90667975,0.816828625,0,0,0.5576632666666665,0.6763075000000001,0.48397985,0.501242,0.699397,0.5909796666666667,0.5902315875,1.00563,0.871828,1,0.12576965238095233,0.5215865,-0.792355,0.3225885,1.422135,0.6077866666666666,0.3684887499999999,1.7173,0.298869,1,0.8,0.5,0.4,0.944,5.124,0,0,0,0,63,1,60.0,1,1.38144730332,4.837056,-0.2418528,0.13167731576347158,3.448979770852468,2.8561871517992734,0.5690469997313333,0.4509759246601352,0.1111111111111111,0.0,0.0,0.0,0.20634920634920634,0.50050699425,0
18,19,V,2.366625446,1,0.974922316183,0.09523809523809523,0.047619047619047616,0.031746031746031744,0.7301587301587301,0.0,0.0,0.0,0.0,0.0,0.0,0.015873015873015872,0.0,0.07936507936507936,0.0,0.0,0.0,0.0,0.0,0.0,0.0,1.1896103896103898,0.8530303030303031,1.2901002506265664,2.375324675324676,0.5550806914588251,0.0,0.0,0.10962321558868328,0.0,0.0,0.5066958694658618,0.5257133538624758,0.5548945602577514,0.0,0.0,0.5371102873230396,0.31131128546903875,0.7155530989823321,4.2,5.96,1.0,1.0,1.0,2.0,117.14,0.7104848487373601,0.13736870056181347,0.13736870056181347,0.5809083621181612,0.4741925687579979,0.2192194479516724,1.0,0.3234154846066205,0.3134511872545161,0.5860806344608995,0.6103593066332401,0.5979473161869331,0.6613828466668087,0.6483399631903505,0.2184269102349216,0.3434852048710807,1.0,1.4135799999999998,1.1371665000000002,0.7946172499999998,0,0,0.590078,0.5478974999999999,0.5075147499999999,0,0,0.3399241523809524,0.3533040000000001,0.4958835,0.5047845000000001,0.234071,0.234071,0.4202878571428572,0.5519970000000001,0.21577800000000005,1,-0.011092837142857165,0.20198900000000009,0.27922196000000005,-0.30375,1.1177700000000002,1.1177700000000002,0.21038456000000005,1.1177700000000002,-0.145998,1,0.8,0.5,0.3,0.956,2.589,1,0,0,0,63,1,61.0,1,2.025077683817,2.475084,0.8762458000000001,0.942339791911578,3.2146880734273897,2.4090534524368468,0.561319614375875,0.23003246753246764,0.0,0.0,0.0,0.0,0.8095238095238095,0.95417181925,1
19,20,Y,5.846601491,1,0.5868881191790001,0.0,0.0,0.0,0.0,0.20634920634920634,0.0,0.7777777777777778,0.0,0.0,0.0,0.0,0.015873015873015872,0.0,0.0,0.0,0.0,0.0,0.0,0.0,0.0,3.8688311688311687,0.7047619047619049,1.128847687400319,2.6346320346320344,2.109953604828701,0.11110900581692787,0.142698397362748,0.28366272574584817,0.0,0.0,0.1992912979219716,0.19624599691237976,0.2012662004926975,0.0,0.0,0.168607442141186,0.12960031546665507,0.2306036440446074,-1.3,5.66,2.0,2.0,1.0,1.0,181.19,0.0,0.17744808116946645,0.17744808116946645,0.1749363023748935,0.14723507538806774,0.07881176637065518,0.0,0.10448585081404632,0.14111976676900673,0.0,0.2792181233430141,0.0,0.0,0.0,0.0,0.3563051355952813,0.0,1.8827,1.3756995,0.9744915,0,0,0.331125,0.28828200000000004,0.258638625,0,0,0.15485673095238095,0.209717,0.16750035,0.0784705,0.269919,0.269919,0.1838040333333333,0.269919,0.09780060000000004,0,-0.05537888571428568,-0.3013765,-1.943015,-1.42913,-1.85224,-1.85224,-1.2950255,-0.144871,-0.07546560000000001,0,0.9,0.5,0.2,1.287,1.769,0,0,0,1,63,1,62.0,1,2.413111880821,2.276703,-0.11383515,0.2244948053298315,6.281943049652169,9.335922458397091,0.5996507830272856,0.8497217068645642,0.015873015873015872,0.0,0.0,0.0,0.0,0.519174813625,0
20,21,F,8.578197012999999,0,1.7025803031,0.015873015873015872,0.015873015873015872,0.0,0.0,0.2857142857142857,0.015873015873015872,0.2380952380952381,0.0,0.1746031746031746,0.0,0.0,0.20634920634920634,0.0,0.0,0.0,0.031746031746031744,0.015873015873015872,0.0,0.0,0.0,2.8454545454545457,1.1876623376623376,2.7850106685633005,2.5802005012531333,0.716256923485872,0.16589376053962898,0.2987658146726899,0.4077246289187624,0.0,0.0,0.8716406393751076,0.8323836542677497,0.8512128278951305,0.0,0.0,0.8650937199259572,0.5996687903844428,0.7734775538325577,2.8,5.48,2.0,1.0,1.0,1.0,165.19,1.0,0.7292182128182909,0.7292182128182909,0.9372720821676358,0.8746684965041449,0.8182383815081459,0.0,0.4269461220356829,0.5277932390647123,0.6580482615740231,0.4329472795270841,0.7141238606449213,0.7898844246645533,0.8158239286839419,0.39076855370479,0.3599832744947677,0.0,2.11401,1.63658,1.102712625,0,0,0.897502,0.78954925,0.7160572500000001,0,0,0.5046421428571427,0.5811625,0.535107,0.678503,0.763436,0.763436,0.6278741999999999,0.897502,0.7191029999999999,0,0.009849795238095234,0.8280639999999999,0.5521010000000001,-0.906683,1.69482,1.69482,0.5992732000000001,2.11401,-0.0552293,0,0.9,0.6,0.1,1.215,5.192,0,0,0,0,63,1,63.0,1,1.2974196969,6.308280000000001,-0.31541399999999997,0.07834274890109816,4.142874242354546,3.691748773906364,0.52033969281,0.6361471861471862,0.3809523809523809,0.0,0.031746031746031744,0.0,0.015873015873015872,0.17772537337500016,0
21,22,L,6.981502274,0,1.5356501587600002,0.0,0.06349206349206349,0.5079365079365079,0.15873015873015872,0.09523809523809523,0.0,0.047619047619047616,0.0,0.09523809523809523,0.0,0.015873015873015872,0.0,0.0,0.0,0.0,0.0,0.0,0.0,0.0,0.0,1.026315789473684,1.3173160173160172,3.1687525575322986,2.257695374800638,0.2287784442769884,0.16589376053962898,0.3383748452445085,0.4622806188962704,0.0,0.0,1.0,1.0,1.0,0.0,0.0,0.985921009118397,1.0,0.3378409364801315,3.8,5.98,1.0,1.0,1.0,1.0,131.17,0.7265231466628891,1.0,1.0,1.0,1.0,0.7731600719739115,1.0,0.8125982601157735,0.9680476880638172,0.1606077393163447,0.5720372871481157,0.7186497227355817,0.7948904301638849,0.7798831841660366,0.39076855370479,0.4271399949507223,1.0,2.11401,1.7027900000000002,1.159097625,0,0,1.00563,0.9216285,0.8207705,0,0,0.5653233428571428,0.897502,0.240116,0.514408,1.00563,1.00563,0.6644140000000001,1.00563,0.681226,1,0.08786120476190476,2.11401,-1.33404,-0.433987,1.7173,1.7173,0.51582075,2.11401,0.314252,1,1.0,0.6,0.0,1.185,4.382,1,0,0,0,63,1,64.0,1,1.4643498412399998,5.19267,0.7403665,0.8438223178755033,2.490665630713684,1.5028853633778942,0.5691594289119999,0.6187696514012304,0.09523809523809523,0.0,0.0,0.0,0.7301587301587301,0.3773122157500001,0
