,residue_name,residue_num,interface_score,interface,Entropy,A,I,L,V,F,W,Y,N,C,Q,M,S,T,D,E,R,H,K,G,P,polarity,polarity_i1-i3_N,polarity_i1-i3_C,polarity_i_i1,relative_polarity,coev_all_max_DI,coev_all_top4_DI,coev_all_top8_DI,CumDI4,CumDI8,coev_all_max_MI,coev_all_top4_MI,coev_all_top8_MI,CumMI4,CumMI8,coev_all_mean_MI,coev_i1_MI,coev_i2_MI,Hydrophobicity_sAA,PI_sAA,Aromatic_sAA,Polar_sAA,Small_sAA,Cbbranched_sAA,residue_mass,coev_i3_MI,coev_i4_MI,coev_i4_cx_MI,coev_i1-i4_MI,coev_i1-i4_max_MI,coev_i5_MI,highest_face_MI,coev_all_mean_DI,coev_i1_DI,coev_i2_DI,coev_i3_DI,coev_i4_DI,coev_i4_cx_DI,coev_i1-i4_DI,coev_i1-i4_max_DI,coev_i5_DI,highest_face_DI,coev_all_max_DI_nonnorm,coev_all_top4_DI_nonnorm,coev_all_top8_DI_nonnorm,CumDI4_nonnorm,CumDI8_nonnorm,coev_all_max_MI_nonnorm,coev_all_top4_MI_nonnorm,coev_all_top8_MI_nonnorm,CumMI4_nonnorm,CumMI8_nonnorm,coev_all_mean_MI_nonnorm,coev_i1_MI_nonnorm,coev_i2_MI_nonnorm,coev_i3_MI_nonnorm,coev_i4_MI_nonnorm,coev_i4_cx_MI_nonnorm,coev_i1-i4_MI_nonnorm,coev_i1-i4_max_MI_nonnorm,coev_i5_MI_nonnorm,highest_face_MI_nonnorm,coev_all_mean_DI_nonnorm,coev_i1_DI_nonnorm,coev_i2_DI_nonnorm,coev_i3_DI_nonnorm,coev_i4_DI_nonnorm,coev_i4_cx_DI_nonnorm,coev_i1-i4_DI_nonnorm,coev_i1-i4_max_DI_nonnorm,coev_i5_DI_nonnorm,highest_face_DI_nonnorm,RelPos_TMD,RelPos_fullseq,residue_depth,LIPS_polarity,LIPS_entropy,LIPS_surface,GxxxG,SmxxxSm,PolarxxxPolar,n_homologues,n_TMDs,res_num_full_seq,n_homol_norm,conservation,LIPS_L*E,LIPS_surface_ranked,LIPS_surface_ranked_norm,cons+polarity,cons*polarity,cons_i4,polar_i4,CS,DE,KR,QN,LIV,interface_score_norm,real_interface
0,L,1,-0.15860576099999998,0,1.54014615716,0.09090909090909093,0.06611570247933883,0.11570247933884298,0.5041322314049587,0.0,0.0,0.0,0.0,0.0,0.0,0.008264462809917356,0.02479338842975207,0.0,0.0,0.0,0.0,0.008264462809917356,0.0,0.1652892561983471,0.008264462809917356,1.6236220472440943,1.7747877706692912,1.0150600803805776,2.928282890419947,0.5819751233505788,0.2222026957438634,0.2728552037271455,0.4083478672040267,0.0,0.0,0.9456324121847278,0.882099971829002,0.8672577723770865,0.0,0.0,0.8926647942891819,0.9268824531002556,0.9208202489243544,3.8,5.98,1.0,1.0,1.0,1.0,131.17,0.4760160092802636,0.7087449529146723,0.6550460840278993,0.8995895342550912,0.8486594075635171,0.7046415753334597,1.0,0.8927753332982376,0.7807260020695771,0.7101642290801943,0.4392577928125894,0.3353749806673241,0.3947011392347466,0.8553102672491062,0.17414455272962748,0.13975990069032335,1.0,1.9491,1.33331575,0.9982863750000002,0,0,0.899508,0.8179767499999999,0.768851875,0,0,0.6189959565217391,0.767262,0.733726,0.489889,0.635656,0.635656,0.6566332500000001,0.767262,0.635264,1,0.04076952608695653,0.9267989999999999,0.12751800000000002,-0.155306,0.524079,0.524079,0.3557725,0.9267989999999999,-0.582361,1,0.0,0.5,0.0,0.903,4.011,0,0,0,0,121,1,651.0,3,1.45985384284,3.621933,-0.18109665000000005,0.16407650344411348,3.0834758900840944,2.37025088498904,0.6988546895059999,0.5363373126746254,0.02479338842975207,0.0,0.0,0.0,0.6859504132231404,0.30174279875,0
1,T,2,-0.1137203259999999,0,0.8462684400560001,0.008264462809917356,0.033057851239669415,0.0,0.0,0.0,0.0,0.033057851239669415,0.0,0.0,0.0,0.0,0.05785123966942149,0.8016528925619835,0.0,0.008264462809917356,0.0,0.0,0.0,0.016528925619834708,0.04132231404958678,2.62421875,1.5226049868766405,0.7540343747354163,2.343768454724409,1.1526721334299637,0.34879149263125203,0.4658619432837748,0.744350959874447,0.0,1.0,0.9197029385708632,0.9541497000428968,0.9477175883541376,0.0,1.0,0.9162394616667894,1.0,0.33666759558056225,-0.7,5.66,1.0,2.0,2.0,2.0,119.12,0.5474743138019839,0.9106595690241572,0.8941878198226609,0.8915285704205834,0.990630488233228,1.0,1.0,0.6771608643223894,0.745415738671322,0.0,0.5851195684166811,0.1359044916453649,0.2130359050813445,0.376478987816317,0.17414455272962748,1.0,1.0,2.25884,1.5694925,1.234915125,0,1,0.884376,0.86299025,0.81926525,0,1,0.6310451739130434,0.8157650000000001,0.321616,0.541818,0.765076,0.765076,0.6520080000000001,0.864268,0.884376,1,0.015465230434782604,0.8360654999999999,-1.9720900000000001,0.206456,-0.22757199999999997,-0.22757199999999997,-0.06421500000000005,0.9267989999999999,2.25884,1,0.1,0.5,0.1,0.746,2.114,1,0,0,1,121,1,652.0,3,2.153731559944,1.5770440000000001,0.9211478000000001,0.9591620099199184,4.777950309944,5.651862742071796,0.6705751606073335,0.79921875,0.05785123966942149,0.008264462809917356,0.0,0.0,0.033057851239669415,0.3578495925000001,0
2,S,3,0.14625798,0,1.24568057547,0.049586776859504134,0.0,0.008264462809917356,0.008264462809917356,0.033057851239669415,0.0,0.016528925619834708,0.0,0.0,0.008264462809917356,0.049586776859504134,0.6528925619834711,0.15702479338842976,0.0,0.0,0.0,0.0,0.008264462809917356,0.0,0.0,2.7834645669291342,1.4641414452099737,0.6519725719138939,2.0301201607611548,1.3153660645905558,0.07437817248510305,0.033629545850150815,0.08502305480721761,0.0,0.0,0.8852468286430552,0.8377738669176447,0.8145552133684266,0.0,0.0,0.8396927382050331,0.7578225283086845,0.8104611674775055,-0.8,5.68,1.0,2.0,3.0,1.0,105.09,0.5266817897533175,0.7859786197040708,0.7465193685958477,0.8688106617503959,0.990630488233228,0.4098747875768579,0.0,0.6324935305337951,0.5833467335666503,0.7400264602476467,0.5866630110032779,0.5160435467926122,0.5592427590514837,0.9600795221813267,0.2834133487574884,0.029138609664527082,0.0,1.5874,1.04058225,0.77058625,0,0,0.864268,0.79028375,0.7358302499999999,0,0,0.5919214782608693,0.655115,0.6558695,0.526708,0.68516,0.68516,0.6389728333333332,0.864268,0.386651,0,0.010223117391304356,0.41961185,0.21580600000000005,0.21028400000000005,1.20488,1.20488,0.4476666166666667,1.20488,-0.9477209999999999,0,0.1,0.5,0.2,0.779,2.9960000000000004,1,0,1,1,121,1,653.0,3,1.7543194245299998,2.3338840000000003,0.8833058000000001,0.9318653193028256,4.537783991459135,4.883085957254765,0.4743673241728572,0.7083520809898765,0.6528925619834711,0.0,0.008264462809917356,0.008264462809917356,0.016528925619834708,0.682822475,0
3,I,4,-0.0654840539999999,0,0.592507851663,0.008264462809917356,0.8677685950413223,0.02479338842975207,0.06611570247933883,0.008264462809917356,0.0,0.0,0.0,0.0,0.0,0.0,0.008264462809917356,0.008264462809917356,0.0,0.0,0.0,0.0,0.0,0.0,0.0,0.6826771653543315,1.1718842273622048,0.9006930443548388,1.5080687494708327,0.32938562758085344,0.7524991621778471,0.9943285409231732,0.8331642398977911,1.0,1.0,0.3784654453608141,0.3807134305232763,0.38784229990182617,1.0,1.0,0.4252962394223661,0.3606838856632895,0.5116561211787549,4.5,6.02,1.0,1.0,1.0,2.0,131.17,0.41245638695836745,0.15661566016188125,0.0011203802024692257,0.4629402685362146,0.557793291183702,0.4212581662789013,1.0,0.24145810215086266,0.32914093478107737,0.7376229511107774,0.25941447562062275,0.08856610618094705,0.16992306707706842,0.17957586509563045,0.7488925021788455,0.031906564127407035,1.0,3.24664,2.2161617500000004,1.2974614999999998,1,1,0.568519,0.5047325,0.4684665000000001,1,1,0.38011982608695655,0.3916705,0.4450675,0.4437,0.28176100000000004,0.28176100000000004,0.406091,0.568519,0.396252,1,-0.03566840434782609,-0.23359715,0.2087000000000001,-0.601348,-0.405954,-0.405954,-0.23692061428571426,2.3894900000000003,-0.938579,1,0.2,0.5,0.3,1.093,1.658,0,0,0,0,121,1,654.0,3,2.407492148337,1.8121939999999999,-0.0906097,0.22934774383929155,3.0901693136913315,1.6435399154395134,0.6147488363867499,0.2207838644192915,0.008264462809917356,0.0,0.0,0.0,0.9586776859504132,0.4181449325000001,0
4,I,5,-0.07150459100000006,0,0.96558039531,0.231404958677686,0.6611570247933884,0.02479338842975207,0.049586776859504134,0.0,0.0,0.0,0.0,0.0,0.0,0.0,0.0,0.0,0.0,0.0,0.0,0.0,0.0,0.0,0.0,1.0580645161290323,1.0150600803805776,0.9049479166666669,1.3039451438277878,0.5510729735273061,1.0,0.9998757836052338,0.7766454394648453,1.0,1.0,0.7451382236974002,0.6722896618839996,0.6350387738559812,1.0,1.0,0.585984710016458,0.41423050802999584,0.6381679568931035,4.5,6.02,1.0,1.0,1.0,2.0,131.17,0.36875837256872995,0.5468076210208375,0.5721330215896464,0.5853518057649495,0.6560502283105022,0.0,1.0,0.3535067264999288,0.16966777409930778,0.6600964211018361,0.3780605764927404,0.2017705334247502,0.2703829015792492,0.1788162556542608,0.01590026586234724,0.17326329175245245,1.0,3.852230000000002,2.22294975,1.2576583749999997,1,1,0.782503,0.6868965,0.6233513749999999,1,1,0.4622491000000001,0.427191,0.5343195000000001,0.4119445000000001,0.53186,0.5907846666666666,0.47632875,0.635656,0.040953300000000005,1,-0.022518491304347826,-0.6433804999999999,-0.020507999999999967,-0.3070855,0.02062649999999996,0.009704699999999976,-0.237586875,0.524079,-0.471706,1,0.2,0.5,0.4,1.004,2.312,0,0,0,0,121,1,655.0,3,2.03441960469,2.321248,-0.11606239999999995,0.21098786652652599,3.0924841208190323,2.152547194639742,0.6012436220111111,0.4791283681525697,0.0,0.0,0.0,0.0,0.7355371900826446,0.4106192612499999,0
5,S,6,0.1905123869999999,0,1.1302805963,0.7107438016528925,0.016528925619834708,0.0,0.033057851239669415,0.0,0.0,0.0,0.0,0.0,0.0,0.016528925619834708,0.09090909090909093,0.049586776859504134,0.0,0.0,0.0,0.0,0.0,0.05785123966942149,0.016528925619834708,2.17109375,0.7540343747354163,0.8148437500000002,1.8013860887096775,1.3838511199626446,0.4021873288594993,0.5357643108319146,0.6403508647372029,0.0,1.0,1.0,0.8956208503799884,0.8420158135806551,0.0,1.0,0.8148772899058083,0.8104940556096154,0.6236679700755537,-0.8,5.68,1.0,2.0,3.0,1.0,105.09,0.6175090666275861,0.4506384133898316,0.2308716176097406,0.7473298613599121,0.9889313312258514,0.766802577165637,0.0,0.6420473828961878,0.6705898995449499,1.0,0.4662132031272049,0.300049391868589,0.40743392210315976,1.0,0.7488925021788455,0.3596492370110209,0.0,2.3894900000000003,1.6550299999999998,1.1616735,0,1,0.9312360000000001,0.8264239999999999,0.7530361250000001,0,1,0.5792380869565218,0.690055,0.52409,0.5927125,0.470219,0.406099,0.5692691249999999,0.863107,0.687692,0,0.011344347826086959,0.6437925,0.9844205,-0.088452,0.390964,0.5767616666666667,0.4826812500000001,2.3894900000000003,0.14388949999999995,0,0.2,0.5,0.5,0.8270000000000001,2.774,1,0,1,1,121,1,656.0,3,1.8697194037,2.294098,0.8852950999999999,0.933300267419854,4.0408131537,4.059336111626797,0.7558263588099999,0.8348958333333333,0.09090909090909093,0.0,0.0,0.0,0.04958677685950412,0.73814048375,0
6,A,7,-0.02858706300000002,0,1.43374815532,0.5123966942148761,0.05785123966942149,0.016528925619834708,0.04132231404958678,0.008264462809917356,0.0,0.0,0.0,0.0,0.0,0.0,0.008264462809917356,0.17355371900826447,0.0,0.0,0.0,0.0,0.0,0.17355371900826447,0.0,2.1750000000000007,0.6519725719138939,0.9054687500000002,1.8098958333333337,1.3965213131286427,0.34879149263125203,0.6695502712738965,0.6139362573363063,0.0,1.0,0.9197029385708632,0.95315531183374,0.9103861186184136,0.0,1.0,0.8926105218205137,0.8556869496266333,0.7477672756013819,1.8,6.0,1.0,2.0,3.0,1.0,89.09,0.15711084369347336,0.8276775294712341,0.7068361054376937,0.7580588600055442,0.9889313312258514,0.7151463910089212,0.0,0.7136460196616353,0.8042829312030982,0.7082917513737902,0.0540043626041763,0.4095876431798937,0.3889195528650888,0.6783519180029473,0.6010571623693577,0.43142636550805374,0.0,2.25884,1.8187400000000002,1.143071125,0,1,0.884376,0.8623689999999999,0.7958746250000001,0,1,0.6189682173913043,0.7200340000000001,0.61164,0.2581395,0.7118875,0.663684,0.57542525,0.863107,0.644124,0,0.019747091304347847,0.98733105,0.121982,-1.1108,0.8037295,0.5001573333333333,0.20056063749999994,2.01326,0.38095500000000015,0,0.3,0.5,0.5,0.789,3.773,0,0,1,1,121,1,657.0,3,1.56625184468,2.976897,-0.14884485,0.18734079725639474,3.7412518446800007,3.4065977621790013,0.5251928348555556,0.6866175907699039,0.008264462809917356,0.0,0.0,0.0,0.11570247933884298,0.46426617125,0
7,V,8,0.046033455999999966,0,0.489501457243,0.008264462809917356,0.033057851239669415,0.016528925619834708,0.9008264462809916,0.0,0.0,0.0,0.0,0.0,0.0,0.016528925619834708,0.0,0.016528925619834708,0.0,0.0,0.0,0.0,0.0,0.0,0.0,1.0835937500000004,0.9006930443548388,0.9283854166666666,1.6296875000000004,0.5924260621355926,0.000952256398100368,0.0549537007904902,0.21333391078327407,0.0,0.0,0.3929312539947187,0.4499812726888577,0.4553140561636876,0.0,0.0,0.4830676320281369,0.5404997162159411,0.2749741524747428,4.2,5.96,1.0,1.0,1.0,2.0,117.14,0.26188053311976617,0.17110399336000154,0.0,0.3714442551800626,0.5701484018264839,0.4097556302432932,1.0,0.3172535609525395,0.181068953345784,0.5858029761774903,0.1945181177096731,0.2066013139956684,0.22030306871925967,0.0,0.0,0.2861958035606152,1.0,1.40774,1.066676,0.8609486249999999,0,0,0.576961,0.5480079999999999,0.510742,0,0,0.40964728695652175,0.5109524999999999,0.27809229999999996,0.334276,0.2910475,0.28115466666666666,0.35359207499999995,0.576961,0.3865505,1,-0.02677312608695652,-0.61408395,-0.24015735,-0.762302,0.03883000000000003,-0.19750366666666666,-0.394428325,0.48361400000000004,-0.09871249999999998,1,0.3,0.5,0.6,1.729,1.5019999999999998,0,0,0,0,121,1,658.0,3,2.510498542757,2.5969580000000003,-0.12984790000000002,0.20104392782080407,3.5940922927570003,2.7203605303155936,0.7834710327476666,0.3020682961504814,0.0,0.0,0.0,0.0,0.9504132231404956,0.55754182,0
8,V,9,0.06549012300000001,0,1.08308084943,0.02479338842975207,0.033057851239669415,0.008264462809917356,0.6776859504132231,0.008264462809917356,0.0,0.0,0.0,0.008264462809917356,0.0,0.0,0.008264462809917356,0.016528925619834708,0.0,0.016528925619834708,0.0,0.0,0.0,0.19834710743801653,0.0,1.6304687500000004,0.9049479166666669,0.8153645833333334,1.8109375000000003,0.9477747502270664,0.18769668385904967,0.2290938495723117,0.2483330570330033,0.0,0.0,0.8405590978489776,0.8216799838657012,0.8307853503831502,0.0,0.0,0.8376823600670525,0.2169987028091229,0.802008807010909,4.2,5.96,1.0,1.0,1.0,2.0,117.14,0.5460046635250828,0.43702844465523816,0.278549061442907,0.6041711782801595,0.7980096007493266,0.5862341623008248,1.0,0.6762650992030512,0.0,0.7000325214471588,0.3446914929218561,0.1832382330215584,0.2432524983800441,0.0447101492421857,0.0414393188642813,0.24539784425336075,1.0,1.86467,1.2797662500000002,0.8855966250000001,0,0,0.838189,0.780229,0.7459995,0,0,0.5908939565217391,0.29635599999999995,0.6499064999999999,0.5407500000000001,0.4614955000000001,0.4319013333333334,0.48712700000000003,0.732654,0.5353964999999999,1,0.0153601043478261,-1.07936,0.0975635,-0.3898465,-0.04920750000000002,-0.10254900000000004,-0.35521262499999995,0.589074,-0.2334600000000001,1,0.4,0.5,0.7,1.44,2.712,1,0,0,0,121,1,659.0,3,1.91691915057,3.90528,0.804736,0.8751903147458033,3.5473879005700004,3.1254767712809306,0.7290866282657777,0.39959397401433705,0.016528925619834708,0.016528925619834708,0.0,0.0,0.7190082644628099,0.58186265375,0
9,G,10,0.49914949799999997,1,0.221013734354,0.0,0.0,0.0,0.0,0.0,0.0,0.0,0.0,0.0,0.0,0.0,0.05785123966942149,0.0,0.0,0.0,0.0,0.0,0.0,0.9421487603305784,0.0,2.71875,0.8148437500000002,0.5135416666666669,1.8567708333333333,2.046657518133699,0.4334360516915832,0.2607295997044958,0.2209374355471796,0.0,1.0,0.0,0.0,0.0,0.0,1.0,0.0,0.0,0.0,-0.4,5.97,1.0,2.0,3.0,1.0,75.06,0.0,0.0,0.1255146111375278,0.0,0.0,0.054857842929766996,0.0,0.0,0.39688462087782295,0.7173565424509739,0.3006874528762141,0.2887521828541537,0.3797803524059971,0.4322100947307524,0.20664097895184386,0.2100702434298171,0.0,2.46595,1.318478,0.8663033750000001,0,1,0.34765300000000005,0.26687950000000005,0.22545775,0,1,0.16274722173913042,0.1524085,0.08410260000000001,0.1439665,0.181376,0.3490813333333333,0.14046340000000002,0.18739,0.08722165,0,-0.06400568260869567,-0.05952250000000004,0.14878215,-0.498984,0.3483935,0.4623433333333334,-0.015332712500000003,1.0095,-0.35014,0,0.4,0.5,0.8,0.361,1.232,1,0,1,1,121,1,660.0,3,2.778986265646,0.44475200000000004,0.9777624,1.0,5.497736265646,7.555368909725063,0.6852894586884445,0.6333422189413823,0.05785123966942149,0.0,0.0,0.0,0.0,1.0,1
10,I,11,-0.07099800299999992,0,1.59383575551,0.15702479338842976,0.33884297520661155,0.05785123966942149,0.3140495867768595,0.008264462809917356,0.0,0.0,0.0,0.0,0.0,0.0,0.0,0.049586776859504134,0.0,0.0,0.0,0.0,0.0,0.06611570247933883,0.008264462809917356,1.22109375,0.9054687500000002,0.44506541174540704,1.6307291666666668,0.904156136577752,0.2006686229473356,0.13629419182116756,0.28628820266220995,0.0,0.0,0.8150665800751564,0.8400875701874013,0.8155724647468233,0.0,0.0,0.7281761705429474,0.15134169937281078,0.559306427337624,4.5,6.02,1.0,1.0,1.0,2.0,131.17,0.5220547307120442,0.591254735055323,0.5285071780708521,0.5460798234536448,0.8067336962884905,0.7384650662117583,1.0,0.6894617692344713,0.5277816802335921,0.3515703732491395,0.2688295560384973,0.25220304930302057,0.3328533350468495,0.15806098114936198,0.14400850948121866,0.31805604335715143,1.0,1.89641,1.16621,0.912326375,0,0,0.823312,0.79172925,0.736467625,0,0,0.5349243913043479,0.25280199999999997,0.478684,0.5233455,0.560349,0.5671750000000001,0.453795125,0.7386149999999999,0.6637915,1,0.01690885217391305,0.27683149999999995,-0.9326685,-0.5779970000000001,0.21066790000000002,0.2681799333333333,-0.2557915250000001,0.8501049999999999,0.006515499999999953,1,0.4,0.5,0.9,1.475,4.56,0,0,0,0,121,1,661.0,3,1.40616424449,6.726,-0.3363,0.05212317572130973,2.62725799449,1.7170583704202111,0.4831598243077778,0.4667534722222222,0.0,0.0,0.0,0.0,0.7107438016528926,0.4112524962500001,0
11,L,12,-0.142288092,0,0.866751396365,0.05785123966942149,0.02479338842975207,0.7603305785123967,0.11570247933884298,0.033057851239669415,0.0,0.0,0.0,0.0,0.0,0.008264462809917356,0.0,0.0,0.0,0.0,0.0,0.0,0.0,0.0,0.0,0.9523437500000008,0.9283854166666666,0.4204560367454069,1.0270833333333338,0.7060457310167334,0.31779207297635303,0.5055970926825918,0.6453812465321941,0.0,0.0,0.3615886686212586,0.3940170242462657,0.3898726131550015,0.0,0.0,0.405940499391268,0.2449964687162935,0.2531309737408421,3.8,5.98,1.0,1.0,1.0,1.0,131.17,0.3539669204840764,0.3671181220786191,0.2762066722675411,0.3632196844097211,0.505864360145182,0.4413252097672969,1.0,0.2148967269396802,0.3749863500527512,0.8901593618558094,0.5449438949749412,0.3478732835847988,0.2952651848876639,0.7979576981587505,0.18802393468415188,0.20301153566670704,1.0,2.18299,1.6181152499999998,1.165216125,0,0,0.55867,0.513044,0.469738625,0,0,0.3702269391304349,0.3149285,0.2626823,0.4011955,0.4166854999999999,0.4306336666666665,0.34887295,0.533037,0.413177,1,-0.03878562043478253,-0.11579245,0.6596755,0.1068135,0.5711755000000001,0.1126566666666667,0.3054680125,0.9621209999999999,-0.3734535,1,0.5,0.5,1.0,1.672,2.218,0,0,0,0,121,1,662.0,3,2.133248603635,3.708496,-0.18542479999999997,0.16095446519311274,3.0855923536350005,2.031585974868021,0.7152140296980001,0.3316840277777779,0.0,0.0,0.0,0.0,0.9008264462809918,0.322139885,0
12,L,13,-0.04226983299999998,1,0.389559100868,0.0,0.016528925619834708,0.9256198347107438,0.008264462809917356,0.02479338842975207,0.0,0.0,0.0,0.0,0.0,0.008264462809917356,0.0,0.008264462809917356,0.0,0.0,0.0,0.0,0.0,0.008264462809917356,0.0,0.9078125000000004,0.8153645833333334,0.4273570784120735,0.8901308234908141,0.7305034811455483,0.18079793364448546,0.0,0.0,0.0,0.0,0.3671799898214992,0.4470837414926788,0.4835509115462122,0.0,0.0,0.5482319726785929,0.33943362279558564,0.4008951876117851,3.8,5.98,1.0,1.0,1.0,1.0,131.17,0.3006459993656285,0.4998081015470449,0.4005793455846303,0.4561082084634077,0.5390747570542089,0.4891843674589266,0.0,0.33618832917965896,0.5046382773708197,0.307052689310591,0.7135397976751593,0.4924835564777919,0.4048551887636993,0.6760416308304465,0.5360375900910282,0.4187760082354365,0.0,1.84779,0.99943075,0.7107091249999999,0,0,0.561933,0.54619775,0.52843425,0,0,0.44295334782608703,0.37757399999999997,0.3669275,0.362447,0.501735,0.4979423333333333,0.402170875,0.555729,0.4535425000000001,0,-0.024550960869565232,0.21736205,-1.0642855,0.5249600000000001,1.1161005,0.5660919999999999,0.1985342625,1.84779,0.3391734,0,0.5,0.5,1.0,1.7,1.274,1,0,0,0,121,1,663.0,3,2.610440899132,2.1658,0.89171,0.9379275477073542,3.5182533991320004,2.3697908787432698,0.6888487395480001,0.3761284722222224,0.0,0.0,0.0,0.0,0.9504132231404958,0.44716270875,0
13,V,14,0.04848284199999997,1,1.48110054115,0.1900826446280992,0.016528925619834708,0.06611570247933883,0.2892561983471074,0.3884297520661157,0.0,0.0,0.0,0.008264462809917356,0.0,0.033057851239669415,0.0,0.0,0.0,0.0,0.0,0.0,0.0,0.0,0.0,0.8102362204724409,0.5135416666666669,0.4334635416666668,0.8409120734908138,0.8555773646677224,0.3275394185105565,0.11555781741987825,0.09283211861768448,0.0,1.0,0.8392413761195923,0.8351000230489986,0.8429391003779132,0.0,1.0,0.8568274412558157,0.7336876928167583,0.6165664564183934,4.2,5.96,1.0,1.0,1.0,2.0,117.14,0.5524564007191379,0.39249708251945503,0.1052664644767412,0.6861132001399634,0.9029592553565156,0.6750022260486941,0.0,0.7300438302144439,0.9214302031400132,0.8552239202262262,0.4672911534289988,0.20928572967754955,0.2348140327951011,0.9649941114825932,0.6771222424542012,0.2702768862783093,0.0,2.20684,1.1408355,0.7760857500000001,0,1,0.83742,0.78861325,0.753614625,0,1,0.6006791739130434,0.639105,0.51908,0.5454385,0.43295249999999996,0.3381233333333333,0.5341440000000001,0.8043640000000001,0.6102654999999999,0,0.021671521739130416,1.2883535000000002,0.5563885000000001,-0.08577850000000001,0.048945499999999975,-0.13746366666666668,0.45197725,2.20684,-0.1512895,0,0.6,0.5,0.9,1.619,4.093,0,0,0,0,121,1,664.0,3,1.51889945885,6.626567,-0.33132835,0.05570939188077457,2.329135679322441,1.2306673568162598,0.636631530344,0.5993144411636044,0.008264462809917356,0.0,0.0,0.0,0.371900826446281,0.5606035524999999,0
14,V,15,0.148907028,1,1.6239776704,0.033057851239669415,0.11570247933884298,0.2644628099173554,0.35537190082644626,0.06611570247933883,0.0,0.0,0.0,0.008264462809917356,0.0,0.1487603305785124,0.0,0.008264462809917356,0.0,0.0,0.0,0.0,0.0,0.0,0.0,0.8046875,0.44506541174540704,0.6101562500000002,0.854714156824147,0.7625767449362185,0.3275394185105565,0.2722907137621141,0.3524840228002796,0.0,1.0,0.7825981908314671,0.6488633162386596,0.6274709343211519,0.0,1.0,0.6098531717906782,0.8299421201118853,0.3675237432943141,4.2,5.96,1.0,1.0,1.0,2.0,117.14,0.43412478404190974,0.3857587945656855,0.2614871307180042,0.5980331950350036,0.9029592553565156,0.3108929840280561,1.0,0.42933397183009697,1.0,0.5444846382246908,0.9315817060927276,0.0,0.0,0.864115025195113,0.6771222424542012,0.2372767046142667,1.0,2.20684,1.332625,0.9589445,0,1,0.8043640000000001,0.67226075,0.618609625,0,1,0.4744484782608696,0.702956,0.3433845,0.4594465,0.4286335,0.42266766666666666,0.483605125,0.8043640000000001,0.30316750000000003,1,-0.013619482608695657,1.490247,-0.36231545,1.065741,-0.7396916,-1.1090210666666669,0.3634952374999999,2.20684,-0.26028249999999997,1,0.6,0.5,0.8,1.63,5.013,0,0,0,0,121,1,665.0,3,1.3760223296,8.17119,-0.4085595,0.0,2.1807098296,1.10726796835,0.4717979881055556,0.3788194444444445,0.008264462809917356,0.0,0.0,0.0,0.7355371900826446,0.686133785,0
15,V,16,0.042907362000000004,1,1.20682087911,0.008264462809917356,0.2479338842975207,0.12396694214876032,0.5619834710743802,0.008264462809917356,0.0,0.0,0.0,0.008264462809917356,0.0,0.016528925619834708,0.0,0.02479338842975207,0.0,0.0,0.0,0.0,0.0,0.0,0.0,0.94921875,0.4204560367454069,0.6825520833333335,0.8669270833333336,0.8605727670728645,0.07437817248510305,0.1646745734760406,0.3997704281495487,0.0,0.0,0.7672327672327672,0.7509623757114778,0.7670689853640691,0.0,0.0,0.8188246337359074,0.517760058128623,0.7914706426827336,4.2,5.96,1.0,1.0,1.0,2.0,117.14,0.6053239044534667,0.5241854456724561,0.3130979159326813,0.7309826746074718,0.7216324200913241,0.6751456891070159,1.0,0.5190109188207258,0.4286141810790521,0.6194040237638256,0.5229701996234128,0.2111612778789924,0.16219532614833831,0.4467046776909259,0.15327125425257948,0.028286756691292214,1.0,1.5874,1.20093825,0.99224575,0,0,0.795397,0.73604775,0.7060770000000001,0,0,0.5812556086956521,0.495868,0.642472,0.5838574999999999,0.51736,0.4505986666666668,0.559889375,0.680467,0.6103864999999999,1,-0.00309508695652175,0.022009999999999967,-0.14081549999999998,0.052315000000000056,0.056013000000000035,-0.437928,-0.0026193749999999802,0.8736780000000001,-0.9505345,1,0.6,0.5,0.7,1.737,3.175,1,0,0,0,121,1,666.0,3,1.79317912089,5.514975,0.72425125,0.8171339931945099,2.7423978708899996,1.7021192436573047,0.608319999945,0.3301215277777779,0.008264462809917356,0.0,0.0,0.0,0.9338842975206612,0.5536342025,0
16,L,17,-0.03052602799999993,0,1.32772139377,0.0,0.15702479338842976,0.4628099173553719,0.2396694214876033,0.0,0.008264462809917356,0.0,0.0,0.0,0.0,0.12396694214876032,0.0,0.0,0.0,0.0,0.0,0.0,0.0,0.008264462809917356,0.0,0.8468750000000007,0.4273570784120735,0.7196614583333334,1.2203125000000004,0.7383272134406434,0.18079793364448546,0.11025328703548573,0.14214604773972733,0.0,0.0,0.433102060889368,0.4632144389169533,0.4656567435945981,0.0,0.0,0.4928287822111246,0.4246140649861725,0.3579948160367771,3.8,5.98,1.0,1.0,1.0,1.0,131.17,0.4010067379612181,0.5820880735891565,0.509631943708748,0.5222962548707377,0.6044579089099636,0.4125626450414483,0.0,0.3048260656350324,0.4646212436376457,0.5268713065622462,0.4873339327546095,0.3788428503173744,0.3142906442661809,0.550006779369613,0.5360375900910282,0.3624118929393242,0.0,1.84779,1.1343444999999999,0.810814875,0,0,0.600404,0.5562755,0.517222375,0,0,0.4146362956521738,0.434079,0.336662,0.43537950000000003,0.5544735000000001,0.55696,0.4401485000000001,0.600404,0.388918,0,-0.028231604347826064,0.11453400000000002,-0.41438945,-0.03606900000000002,0.687876,0.1913756666666667,0.08798788750000003,1.84779,0.153014,0,0.7,0.5,0.6,1.654,3.639,1,0,0,0,121,1,667.0,3,1.67227860623,6.018905999999999,0.6990546999999999,0.7989588853786411,2.5191536062300006,1.4162109446510325,0.6153652254013333,0.2961805555555557,0.0,0.0,0.0,0.0,0.8595041322314051,0.4618424650000001,0
17,G,18,0.688931711,0,1.5682019513999998,0.10743801652892562,0.02479338842975207,0.2396694214876033,0.10743801652892562,0.016528925619834708,0.0,0.0,0.0,0.033057851239669415,0.0,0.0,0.033057851239669415,0.0,0.0,0.0,0.0,0.0,0.0,0.4380165289256198,0.0,1.86484375,0.4334635416666668,0.5606770833333335,1.3651041666666668,1.875834970530452,0.31779207297635303,0.4685632412633787,0.5277539836058647,0.0,0.0,0.6655574271354716,0.6957640262758582,0.7297875901715842,0.0,0.0,0.7771697484340926,0.5693552411109261,0.8847286839066659,-0.4,5.97,1.0,2.0,3.0,1.0,75.06,0.6501647508234101,0.7500920488514177,0.698044292897812,0.8518478975478619,0.8029958435780351,0.6048914737533149,1.0,0.8079018568334017,0.4716729056233113,0.5733116794274872,0.7023693940334734,0.3627616996789688,0.4258352617909398,0.7290461114849875,0.4093384247714865,0.2457425214969117,1.0,2.18299,1.572798,1.082377625,0,0,0.736061,0.70156225,0.68271775,0,0,0.5599654347826087,0.5300940000000001,0.708264,0.6164435,0.662158,0.658926,0.6292398750000001,0.736061,0.5511325,1,0.030808860869565205,0.13265400000000005,-0.277088,0.4972555,0.6272785000000001,0.6528983333333334,0.24502500000000005,1.52535,-0.2323216,1,0.7,0.5,0.5,0.978,4.6160000000000005,0,1,1,1,121,1,668.0,3,1.4317980486000002,4.514448000000002,-0.22572240000000005,0.1318864687919883,3.2966417986,2.6700796421939064,0.5273649241111111,0.5172831911636044,0.06611570247933883,0.0,0.0,0.0,0.371900826446281,1.0,1
18,V,19,0.144125917,1,1.53600468114,0.18181818181818185,0.02479338842975207,0.4380165289256198,0.231404958677686,0.008264462809917356,0.0,0.0,0.008264462809917356,0.0,0.0,0.008264462809917356,0.016528925619834708,0.016528925619834708,0.0,0.0,0.0,0.0,0.0,0.06611570247933883,0.0,1.3835937500000002,0.6101562500000002,0.6601562500000001,1.4393229166666668,1.0891758917589174,1.0,1.0,0.9743017618494684,1.0,1.0,0.81340100722605,0.7465998725902594,0.7355070606103469,1.0,1.0,0.7207501996576086,0.7366732669386671,0.6188400747629215,4.2,5.96,1.0,1.0,1.0,2.0,117.14,0.5944790413146488,0.7291922791295611,0.6333800620366652,0.7950096280674386,0.9292676501580608,0.6819009021217949,1.0,0.5956218724954917,0.3909483045461815,0.6482217803725033,0.4304648471677344,0.3993628204805671,0.44139660311317697,0.580146243415482,1.0,0.2690860784788664,1.0,3.852230000000002,2.22310175,1.3968570000000002,1,1,0.82234,0.7333222500000001,0.686301375,1,1,0.5311289130434782,0.6410855,0.520684,0.5759764999999999,0.648762,0.6239306666666666,0.5966269999999999,0.82234,0.616084,1,0.005895896956521789,-0.07477649999999998,-0.05561550000000004,-0.17711400000000002,0.7652,0.7172843333333333,0.11442349999999996,3.02854,-0.15522249999999999,1,0.8,0.5,0.5,1.408,4.8439999999999985,0,0,0,0,121,1,669.0,3,1.46399531886,6.8203520000000015,-0.3410176,0.048720214259040405,2.8475890688600005,2.025574773203953,0.4854137225411111,0.3084201388888889,0.016528925619834708,0.0,0.0,0.008264462809917356,0.694214876033058,0.6801573962499999,0
19,V,20,0.1473721690000001,0,1.45154772502,0.049586776859504134,0.09090909090909093,0.2727272727272727,0.4793388429752066,0.033057851239669415,0.0,0.0,0.0,0.0,0.0,0.008264462809917356,0.033057851239669415,0.0,0.0,0.0,0.0,0.0,0.0,0.033057851239669415,0.0,1.0695312500000005,0.6825520833333335,0.5798177083333335,1.121354166666667,0.8472408457968025,0.2006686229473356,0.4418501786836495,0.5139896122908801,0.0,0.0,0.8669580847968501,0.8526756845872632,0.8550549453399454,0.0,0.0,0.865759413600097,0.8814106743508203,0.8400415941750009,4.2,5.96,1.0,1.0,1.0,2.0,117.14,0.5474082621041456,0.6443778433734186,0.6509070213777659,0.8662459614575546,0.858876302540686,0.5120702821965781,0.0,0.7613488557794449,0.7993383813166761,0.7950918828125252,0.17985500993883485,0.2644890775821741,0.2867521181882738,0.6809986654176019,0.3622093530420925,0.2276762141213516,0.0,1.89641,1.54011,1.072684125,0,0,0.8535950000000001,0.7995937500000001,0.761206,0,0,0.6052443826086956,0.7370979999999999,0.6767380000000001,0.54177,0.5943989999999999,0.633416,0.6375012499999999,0.774243,0.47284499999999996,0,0.02534544782608696,0.9746255,0.3786075,-0.798669,0.25696450000000004,0.07743333333333335,0.20288212500000005,1.40541,-0.291991,0,0.8,0.5,0.4,1.686,3.73,1,0,0,0,121,1,670.0,3,1.54845227498,6.28878,0.685561,0.7892254316980781,2.6179835249800005,1.6561180972247038,0.5218295155033333,0.4307291666666668,0.033057851239669415,0.0,0.0,0.0,0.8429752066115703,0.6842152112500002,0
20,F,21,0.0,0,1.74443247675,0.016528925619834708,0.11570247933884298,0.4214876033057851,0.09090909090909093,0.19834710743801653,0.0,0.02479338842975207,0.0,0.008264462809917356,0.0,0.008264462809917356,0.016528925619834708,0.08264462809917356,0.0,0.0,0.0,0.0,0.0,0.008264462809917356,0.008264462809917356,0.9109375000000006,0.7196614583333334,0.7376302083333334,1.3203125000000002,0.6250893495353829,0.0,0.1380360815938272,0.2901616729671425,0.0,0.0,1.0,1.0,1.0,0.0,0.0,1.0,0.7759658645087519,0.9444217964589954,2.8,5.48,2.0,1.0,1.0,1.0,165.19,0.8781703954914212,0.6537465442676971,0.5899075855714249,1.0,1.0,0.7023248247883298,0.0,1.0,0.4851675762091245,0.7583930447735598,0.643921787619397,0.07102896754010554,0.15395133906261302,0.6300605966396583,0.3622093530420925,0.0,0.0,1.40541,1.1683415000000001,0.91505425,0,0,0.9312360000000001,0.8916354999999999,0.852023625,0,0,0.6738559130434782,0.6671505,0.7503765,0.7821359999999999,0.600404,0.600404,0.7142471428571427,0.87067,0.63331,0,0.053353304347826064,0.16732999999999998,0.27010700000000004,0.3522955,-0.472038,-0.472038,0.15820385714285715,1.40541,-1.04396,0,0.8,0.5,0.3,1.169,5.761,0,0,0,0,121,1,671.0,3,1.25556752325,6.7346090000000025,-0.33673045,0.05181267784920656,2.1665050232500005,1.1437435407105476,0.36598076618500003,0.21972656250000014,0.024793388429752063,0.0,0.0,0.0,0.628099173553719,0.5,0
21,G,22,0.741650613,0,1.20441319045,0.02479338842975207,0.08264462809917356,0.0,0.3057851239669421,0.02479338842975207,0.0,0.008264462809917356,0.008264462809917356,0.0,0.0,0.0,0.0,0.0,0.0,0.0,0.008264462809917356,0.0,0.0,0.5371900826446281,0.0,1.98046875,0.5606770833333335,0.534375,1.159635416666667,1.8085612366230672,0.0799609288791165,0.14396108104220814,0.18541858435070435,0.0,0.0,0.5383313084856824,0.6091005928714571,0.6209229396669584,0.0,0.0,0.6872870544620565,0.5554893937121291,0.6461362521074202,-0.4,5.97,1.0,2.0,3.0,1.0,75.06,0.5449271952040963,0.7245726749084194,0.6737919726821867,0.7159089786822455,0.6708977286032081,0.37276765256614497,1.0,0.4631264229148717,0.08347774581871853,0.7057844036068872,0.66913155146623,0.4202620136193328,0.4720109347509973,0.4037448703791277,0.15540333982206167,0.1816534455613419,1.0,1.60106,1.17559175,0.841289375,0,0,0.661814,0.64741875,0.614506875,0,0,0.5140256086956522,0.520896,0.539941,0.539967,0.6458010000000001,0.6458010000000001,0.5512403333333332,0.6458010000000001,0.355354,1,-0.009653634782608684,-0.8648549999999999,0.11456900000000007,0.41481999999999997,0.8439530000000001,0.8439530000000001,-0.040299833333333264,0.8791040000000001,-0.443995,1,0.9,0.5,0.2,0.747,3.227,0,1,1,1,121,1,672.0,3,1.79558680955,2.410569,-0.12052844999999998,0.2077663564284745,3.77605555955,3.556103564225977,0.4610549797357143,0.5493303571428572,0.0,0.0,0.008264462809917356,0.008264462809917356,0.3884297520661156,1.0,1
22,I,23,0.01299695400000001,0,1.47129414559,0.033057851239669415,0.4958677685950413,0.10743801652892562,0.08264462809917356,0.231404958677686,0.0,0.008264462809917356,0.0,0.0,0.0,0.0,0.0,0.016528925619834708,0.0,0.008264462809917356,0.0,0.0,0.0,0.008264462809917356,0.008264462809917356,0.5874999999999999,0.6601562500000001,2.523697916666668,1.4752604166666667,0.1845247832488139,0.6633630589908532,0.9320227822674558,1.0,1.0,1.0,0.8582138273390418,0.8715634583741493,0.8836522975337591,1.0,1.0,0.8539442801577498,0.5470512462001954,1.0,4.5,6.02,1.0,1.0,1.0,2.0,131.17,0.6873250232040988,1.0,1.0,0.9005671673912388,0.9292676501580608,0.6410506854985051,1.0,0.9156612262924088,0.08847656470425237,0.6298661885354373,0.0,1.0,1.0,0.4428266844538779,1.0,0.1971860239796536,1.0,3.02854,2.13992,1.414954875,1,1,0.848492,0.811394,0.7791241250000001,1,1,0.5992055652173913,0.5152985,0.789586,0.6434479999999999,0.82234,0.82234,0.6571942,0.82234,0.58163,1,0.043455391304347835,-0.85201,-0.109884,-1.24474,3.02854,3.02854,-0.006020800000000026,3.02854,-0.392694,1,0.9,0.5,0.1,1.186,4.2639999999999985,1,0,0,0,121,1,673.0,3,1.52870585441,5.057103999999999,0.7471448,0.8336478706713066,2.11620585441,0.8981146894658749,0.4987835288783334,0.32851562500000003,0.0,0.008264462809917356,0.0,0.0,0.6859504132231404,0.5162461925,0
23,L,24,-0.2230081230000001,1,1.64516575634,0.008264462809917356,0.033057851239669415,0.4462809917355372,0.09090909090909093,0.0743801652892562,0.016528925619834708,0.1900826446280992,0.0,0.12396694214876032,0.0,0.008264462809917356,0.008264462809917356,0.0,0.0,0.0,0.0,0.0,0.0,0.0,0.0,1.8578125000000003,0.5798177083333335,4.871614583333334,1.06875,0.3407934650201829,0.7524991621778471,0.8117310535266423,0.9666769377024992,1.0,1.0,0.8962169905566134,0.7997266132698208,0.7930111897651625,1.0,1.0,0.7801953109624884,0.5976492278284752,0.5363193520924802,3.8,5.98,1.0,1.0,1.0,1.0,131.17,1.0,0.7890287130010422,0.7501318094355846,0.8745722691640272,1.0,0.7650075104689498,0.0,0.9543428752070899,0.013348344707964985,0.4471906999822933,1.0,0.4777656447655712,0.5243816421577567,0.6210048784383638,0.2954176270744219,0.4565075087804287,0.0,3.24664,1.9927225,1.39148725,1,1,0.87067,0.7665135000000001,0.7223315,1,1,0.5615118260869566,0.548863,0.462467,0.87067,0.6871149999999999,0.6871149999999999,0.64227875,0.87067,0.686178,0,0.04799503043478265,-1.04506,-0.6499659999999999,1.23543,1.06064,1.06064,0.15026100000000006,1.23543,0.463793,0,1.0,0.5,0.0,1.197,4.82,1,0,0,0,121,1,674.0,3,1.35483424366,5.769540000000001,0.7115229999999999,0.8079526840050639,3.2126467436600006,2.5170279932995943,0.580657303728,0.5854687500000002,0.1322314049586777,0.0,0.0,0.0,0.5702479338842975,0.22123984624999987,0
