Residue_i_number,Residue_j_number,Residue_i,Residue_j,Distance
162,162,S,S,0.0
162,163,S,W,1.3180182
162,164,S,T,3.564945
162,165,S,S,3.5916588
162,166,S,A,3.0198686
162,167,S,L,4.7680473
162,168,S,L,6.955922
162,169,S,S,7.654635
162,170,S,G,8.75857
162,171,S,F,10.356232
162,172,S,A,12.321808
162,173,S,M,13.531387
162,174,S,V,14.66412
162,175,S,A,16.521914
162,178,S,E,20.291605
163,163,W,W,0.0
163,164,W,T,1.3301325
163,165,W,S,3.3470094
163,166,W,A,3.380996
163,167,W,L,3.0085814
163,168,W,L,5.014956
163,169,W,S,6.9540005
163,170,W,G,7.854707
163,171,W,F,7.8146243
163,172,W,A,10.757394
163,173,W,M,12.4812355
163,174,W,V,13.254324
163,175,W,A,14.905973
163,178,W,E,18.501543
164,164,T,T,0.0
164,165,T,S,1.3362021
164,166,T,A,3.283473
164,167,T,L,3.315287
164,168,T,L,2.843147
164,169,T,S,4.494253
164,170,T,G,6.552866
164,171,T,F,7.075454
164,172,T,A,8.596206
164,173,T,M,10.459626
164,174,T,V,12.128652
164,175,T,A,12.996379
164,178,T,E,17.23791
165,165,S,S,0.0
165,166,S,A,1.331532
165,167,S,L,3.402052
165,168,S,L,3.6012747
165,169,S,S,2.852754
165,170,S,G,4.713413
165,171,S,F,6.754323
165,172,S,A,7.785874
165,173,S,M,8.85109
165,174,S,V,10.719629
165,175,S,A,12.196685
165,178,S,E,16.496206
166,166,A,A,0.0
166,167,A,L,1.3449503
166,168,A,L,3.4238946
166,169,A,S,3.6210344
166,170,A,G,2.951291
166,171,A,F,4.6972747
166,172,A,A,6.7982674
166,173,A,M,7.84199
166,174,A,V,8.742317
166,175,A,A,10.644065
166,178,A,E,14.367239
167,167,L,L,0.0
167,168,L,L,1.3298746
167,169,L,S,3.4947262
167,170,L,G,3.5862503
167,171,L,F,2.9144092
167,172,L,A,4.835736
167,173,L,M,6.964009
167,174,L,V,7.7802258
167,175,L,A,8.761514
167,178,L,E,12.468015
168,168,L,L,0.0
168,169,L,S,1.3364607
168,170,L,G,3.258879
168,171,L,F,3.1256456
168,172,L,A,2.8588922
168,173,L,M,4.861652
168,174,L,V,6.675913
168,175,L,A,7.4194508
168,178,L,E,11.938852
169,169,S,S,0.0
169,170,S,G,1.3313613
169,171,S,F,3.362533
169,172,S,A,3.4610226
169,173,S,M,3.040601
169,174,S,V,5.0617123
169,175,S,A,6.8535924
169,178,S,E,11.101484
170,170,G,G,0.0
170,171,G,F,1.3384002
170,172,G,A,3.2794118
170,173,G,M,3.2844265
170,174,G,V,3.030639
170,175,G,A,5.026106
170,178,G,E,8.629318
171,171,F,F,0.0
171,172,F,A,1.3372781
171,173,F,M,3.4637673
171,174,F,V,3.3907843
171,175,F,A,2.9354458
171,178,F,E,7.10439
172,172,A,A,0.0
172,173,A,M,1.3365864
172,174,A,V,3.1762695
172,175,A,A,3.0861297
172,178,A,E,7.0067873
173,173,M,M,0.0
173,174,M,V,1.333582
173,175,M,A,3.2168894
173,178,M,E,5.2042465
174,174,V,V,0.0
174,175,V,A,1.3348249
174,178,V,E,3.0116346
175,175,A,A,0.0
175,178,A,E,3.687542
178,178,E,E,0.0
