,residue_num,residue_name,interface,interface_score,Entropy,A,I,L,V,F,W,Y,N,C,Q,M,S,T,D,E,R,H,K,G,P,polarity,polarity_i1-i3_N,polarity_i1-i3_C,polarity_i_i1,relative_polarity,coev_all_max_DI,coev_all_top4_DI,coev_all_top8_DI,CumDI4,CumDI8,coev_all_max_MI,coev_all_top4_MI,coev_all_top8_MI,CumMI4,CumMI8,coev_all_mean_MI,coev_i1_MI,coev_i2_MI,Hydrophobicity_sAA,PI_sAA,Aromatic_sAA,Polar_sAA,Small_sAA,Cbbranched_sAA,residue_mass,coev_i3_MI,coev_i4_MI,coev_i4_cx_MI,coev_i1-i4_MI,coev_i1-i4_max_MI,coev_i5_MI,highest_face_MI,coev_all_mean_DI,coev_i1_DI,coev_i2_DI,coev_i3_DI,coev_i4_DI,coev_i4_cx_DI,coev_i1-i4_DI,coev_i1-i4_max_DI,coev_i5_DI,highest_face_DI,coev_all_max_DI_nonnorm,coev_all_top4_DI_nonnorm,coev_all_top8_DI_nonnorm,CumDI4_nonnorm,CumDI8_nonnorm,coev_all_max_MI_nonnorm,coev_all_top4_MI_nonnorm,coev_all_top8_MI_nonnorm,CumMI4_nonnorm,CumMI8_nonnorm,coev_all_mean_MI_nonnorm,coev_i1_MI_nonnorm,coev_i2_MI_nonnorm,coev_i3_MI_nonnorm,coev_i4_MI_nonnorm,coev_i4_cx_MI_nonnorm,coev_i1-i4_MI_nonnorm,coev_i1-i4_max_MI_nonnorm,coev_i5_MI_nonnorm,highest_face_MI_nonnorm,coev_all_mean_DI_nonnorm,coev_i1_DI_nonnorm,coev_i2_DI_nonnorm,coev_i3_DI_nonnorm,coev_i4_DI_nonnorm,coev_i4_cx_DI_nonnorm,coev_i1-i4_DI_nonnorm,coev_i1-i4_max_DI_nonnorm,coev_i5_DI_nonnorm,highest_face_DI_nonnorm,RelPos_TMD,RelPos_fullseq,residue_depth,LIPS_polarity,LIPS_entropy,LIPS_surface,GxxxG,SmxxxSm,PolarxxxPolar,n_homologues,n_TMDs,res_num_full_seq,n_homol_norm,conservation,LIPS_L*E,LIPS_surface_ranked,LIPS_surface_ranked_norm,cons+polarity,cons*polarity,cons_i4,polar_i4,CS,DE,KR,QN,LIV,interface_score_norm,real_interface
0,1,G,0,4.8773260091980735,1.57521163188,0.5764094955489614,0.03041543026706232,0.005934718100890208,0.08456973293768548,0.0037091988130563795,0.0,0.034124629080118686,0.000741839762611276,0.06528189910979229,0.0,0.007418397626112759,0.04673590504451038,0.017062314540059347,0.0,0.0,0.0,0.0,0.022997032640949558,0.09940652818991096,0.0,2.181176470588236,0.7903716243643131,0.8775915951032235,2.4531003317216578,1.307688589970546,0.2089815382693789,0.4592647438594719,0.5963848186665581,0.0,0.0,0.4208158764220996,0.5385837416268956,0.5602329358759452,0.0,0.0,0.510524094007763,0.3554813087698805,0.20011127238759352,-0.4,5.97,1.0,2.0,3.0,1.0,75.06,0.6806682705856151,0.583041074026902,0.7480866404037374,0.6304518454599843,0.4463112428851185,0.5223634811384498,1.0,0.5388864748142176,0.4569299400483303,0.9837297810986421,0.4581015131765446,0.8128807693936527,0.8657771024719667,1.0,0.2089815382693789,0.3775425958274579,0.0,2.12842,1.7290325000000002,1.1180105000000002,0,0,0.3478,0.34025725,0.313990125,0,0,0.2267107173913044,0.233667,0.153998,0.347582,0.34611,0.34611,0.27033925,0.347582,0.242194,1,0.0235383217391304,2.12842,1.8320900000000002,0.8845799999999999,1.55844,1.55844,1.6008825,2.12842,-0.552822,0,0.0,0.2,0.0,0.8190000000000001,4.598,0,0,1,1,1348,2,17.0,6,1.42478836812,3.765762,-0.1882881,0.244664621309125,3.605964838708237,3.1077148641111534,0.5225468580399999,0.6096357415449403,0.11201780415430268,0.0,0.022997032640949558,0.000741839762611276,0.120919881305638,0.6403342488502408,0
1,2,G,0,3.665270658491676,0.788711560946,0.20771513353115728,0.002225519287833828,0.000741839762611276,0.000741839762611276,0.000741839762611276,0.0,0.0,0.0,0.001483679525222552,0.0,0.000741839762611276,0.04005934718100889,0.001483679525222552,0.0,0.0,0.002225519287833828,0.0,0.0,0.7344213649851632,0.000741839762611276,2.6756698821007507,0.9079874030098182,0.5761469876091759,1.8942842938415592,1.802848784458662,0.2563520747628831,0.4461603751948121,0.5366118517233021,0.0,0.0,0.1778390898562573,0.21473375379633647,0.19827543657580046,0.0,0.0,0.17676813741927894,0.26275330870075075,0.3883351822829539,-0.4,5.97,1.0,2.0,3.0,1.0,75.06,0.3297043358767007,0.15275365267948968,0.19599471106408906,0.35130456861787424,0.21465945163304195,0.2346198305416004,1.0,0.10868640177152128,0.4863610672609006,0.5461837078871365,0.3097766192713701,0.0677732716775129,0.10361597327566856,0.637888327296058,0.2563520747628831,0.3065137716737372,1.0,2.42424,1.7018209999999998,1.0596815,0,0,0.233667,0.21784325000000004,0.19390525000000008,0,0,0.14787789565217396,0.197182,0.198892,0.215694,0.170602,0.170602,0.1959104,0.233667,0.157833,1,-0.028041682608695655,2.27633,0.8944040000000001,0.42361099999999996,-0.288946,-0.288946,1.1163458,2.42424,-0.7890659999999999,1,0.1,0.2,0.1,0.5579999999999999,2.32,1,1,1,1,1348,2,18.0,6,2.211288439054,1.2945599999999997,0.9352719999999999,0.9795570532998094,4.886958321154752,5.9166778770143695,0.6574456909223333,0.8400937157219636,0.04154302670623145,0.0,0.002225519287833828,0.0,0.0037091988130563795,0.7918411676885404,0
2,3,L,0,3.5614581283513633,1.07329262415,0.000741839762611276,0.2678041543026706,0.6216617210682492,0.032640949554896145,0.03783382789317508,0.0,0.0,0.0,0.002967359050445104,0.0,0.013353115727002969,0.002967359050445104,0.001483679525222552,0.0,0.0,0.0,0.0,0.0,0.001483679525222552,0.000741839762611276,0.8260065288356913,1.2265501658608289,0.8326279681750659,1.7551831902064468,0.4011340812058626,0.2563520747628831,0.22482493256449945,0.0,0.0,0.0,0.0642414333401458,0.08630845299950264,0.09375194273358296,0.0,0.0,0.0781716499954193,0.1751477777049203,0.16363749183485402,3.8,5.98,1.0,1.0,1.0,1.0,131.17,0.21200496343815226,0.07792382911380763,0.09998227933844256,0.19634761980263526,0.08816657210661494,0.0,0.0,0.0,0.2656207881536878,0.4435205304423598,0.2900661007203412,0.07714466060729501,0.11320184966364374,0.2743457305367738,0.2563520747628831,0.501801547189893,1.0,2.42424,1.24221325,0.5360328624999999,0,0,0.180307,0.169299,0.159228,0,0,0.12458950434782608,0.16271249999999998,0.1452985,0.171464,0.14007999999999998,0.14007999999999998,0.1545943333333333,0.171464,0.0890469,0,-0.04107293347826084,1.1669707,0.6743910000000001,0.362354,-0.26571100000000003,-0.26571100000000003,0.6298944000000001,2.42424,-0.139533,1,0.1,0.2,0.2,1.167,2.764,1,0,0,0,1348,2,19.0,6,1.9267073758500002,3.225588,0.8387206,0.9164052084113116,2.752713904685691,1.591472871607982,0.4591930225628572,0.2959333060931751,0.005934718100890208,0.0,0.0,0.0,0.922106824925816,0.8048177339560795,0
3,4,I,0,3.698956609640076,2.05894331706,0.3100890207715133,0.18991097922848665,0.04673590504451038,0.06750741839762611,0.001483679525222552,0.0,0.0,0.0,0.052670623145400594,0.0,0.11201780415430268,0.03560830860534125,0.06305637982195847,0.002225519287833828,0.0,0.0,0.0,0.0,0.05341246290801187,0.000741839762611276,1.7638731596828994,0.9471421469207796,0.7462368771973384,1.152293975218352,1.0416292717464677,0.08680007878542342,0.14317407057596931,0.28677465335785884,0.0,0.0,0.6036301859799713,0.6594302585212546,0.6483321596867663,0.0,0.0,0.6256277568753792,0.4490467454848313,0.6569108370249436,4.5,6.02,1.0,1.0,1.0,2.0,131.17,0.5985075623776073,0.0,0.0,0.5855528349811376,0.504578536698451,0.4607292216312716,1.0,0.5837534876694546,0.13847358287212266,0.33227463521028794,0.4039436803715,0.0,0.03429154233196175,0.11358449995014668,0.051703734781362434,0.7016563290168759,0.0,1.36542,1.0726635,0.81587975,0,0,0.433673,0.3859367500000001,0.343218375,0,0,0.2538980869565218,0.2704815,0.26295100000000005,0.316707,0.108296,0.108296,0.25836785714285715,0.376235,0.224124,1,0.02891777391304345,0.5279756999999999,0.43598475,0.7162664999999999,-0.45698,-0.45698,0.4147819857142857,1.14625,0.5251899999999999,0,0.2,0.2,0.3,0.937,7.282999999999999,0,0,0,0,1348,2,20.0,6,0.9410566829400002,6.8241710000000015,-0.34120855,0.14464319708659354,2.7049298426229,1.6599046247780866,0.35298141396500005,0.5279645700162908,0.08827893175074182,0.002225519287833828,0.0,0.0,0.3041543026706232,0.7876304237949905,0
4,5,M,0,4.040674448653343,1.81205407792,0.049703264094955485,0.2767062314540059,0.08605341246290801,0.21439169139465875,0.014094955489614244,0.0,0.005192878338278932,0.0,0.005934718100890208,0.0,0.25741839762611274,0.004451038575667656,0.020771513353115733,0.0,0.0,0.0,0.0,0.0,0.004451038575667656,0.0,0.8670022371364654,0.8775915951032235,1.011710404415832,1.6652559363501318,0.4589008201744195,0.33596058166701626,0.6226557999346263,0.7567155113841503,1.0,1.0,0.4813509094624974,0.5983965438787713,0.6239587418960928,1.0,1.0,0.5641566528032029,0.6904102194211088,0.581634270218327,1.9,5.74,1.0,1.0,1.0,1.0,149.2,0.27061116124281803,0.4681227942645668,0.4874125632150523,0.6509039281406873,0.504578536698451,0.32502470316128834,1.0,0.5528865570654893,0.4108272761343525,0.6976645413844879,0.2838413454004768,0.6646426187456012,0.4507036353691872,0.6723202036161512,0.33596058166701626,0.2220184424073144,1.0,2.92138,2.0683175,1.274468,1,1,0.376235,0.36286625,0.335132125,1,1,0.2393786739130435,0.365449,0.2449965,0.1934875,0.2992365,0.2632426666666667,0.275792375,0.376235,0.184338,1,0.02521689956521748,1.896725,1.219036,0.34300849999999994,1.190905,0.5523523333333334,1.162418625,2.92138,-1.0701,1,0.2,0.2,0.4,1.15,4.942,0,0,0,1,1348,2,21.0,6,1.18794592208,5.6833,-0.284165,0.18195394992383127,2.0549481592164653,1.0299517720405011,0.4880096384755555,0.5837830580504749,0.010385756676557865,0.0,0.0,0.0,0.5771513353115727,0.7449156939183321,0
5,6,G,0,3.5614581283513633,1.2666142935200002,0.1261127596439169,0.04302670623145402,0.008902077151335312,0.009643916913946587,0.007418397626112759,0.0,0.0,0.000741839762611276,0.009643916913946587,0.0,0.005192878338278932,0.02596439169139466,0.018545994065281898,0.0,0.0,0.0,0.0,0.0,0.6513353115727003,0.0,2.364892412231031,0.5761469876091759,0.9852064714989228,1.4924737543946769,1.5146425675976936,1.0,1.0,1.0,1.0,1.0,1.0,0.7126418004423327,0.6493027258365389,1.0,1.0,0.6211112998694966,1.0,0.7483583759094861,-0.4,5.97,1.0,2.0,3.0,1.0,75.06,0.3514799172618385,0.3049642608035833,0.2734455362282673,0.7684993014178014,1.0,0.3433683139874978,0.0,0.6310977933338884,1.0,0.34036961506289665,0.3545304718754193,0.14307438829856955,0.0,0.8819103617104842,1.0,0.4502977273205593,1.0,7.06818,2.85188075,1.5118753375,1,1,0.619859,0.4060505,0.3435403750000001,1,1,0.2528313043478261,0.4872610000000001,0.2847625,0.223877,0.2326865,0.19522333333333333,0.30714675,0.619859,0.189716,0,0.03459424782608704,4.85769,0.45333275,0.5626985,-0.1022478,-0.5400985333333334,1.4428683625,7.06818,-0.31083625000000004,1,0.2,0.3,0.5,0.463,2.085,1,1,1,1,1348,2,22.0,6,1.7333857064799998,0.965355,0.95173225,0.9903232892614412,4.098278118711031,4.099270704724277,0.624227665744889,0.6455629560751788,0.03560830860534125,0.0,0.0,0.000741839762611276,0.06157270029673592,0.8048177339560795,0
6,7,G,0,3.440378031554092,1.71235621791,0.055637982195845696,0.11053412462908012,0.4925816023738873,0.029673590504451036,0.07566765578635015,0.0,0.0,0.0,0.002225519287833828,0.000741839762611276,0.028931750741839762,0.005934718100890208,0.011869436201780416,0.0,0.0,0.0,0.0,0.0,0.0897626112759644,0.002967359050445104,1.2455266138165344,0.8326279681750659,0.9058694209203048,2.023420808831664,0.7164385875003503,1.0,0.9930804946012473,0.8331761102118455,1.0,1.0,1.0,0.7085141112604371,0.6159429053912763,1.0,1.0,0.5474946705310328,0.8453944542632513,0.8122854945919272,-0.4,5.97,1.0,2.0,3.0,1.0,75.06,0.4906900940663603,0.05277951778133812,0.017544503501665604,0.6783619918776751,1.0,0.24434760630886504,0.0,0.3960178091950893,0.7901837808840542,1.0,0.22929787411357044,0.08881079958295603,0.2058534946388128,0.8511622628699674,1.0,0.1618737654200353,0.0,7.06818,2.83751225,1.3490815,1,1,0.619859,0.4044902500000001,0.33247275,1,1,0.2354431304347825,0.4264295,0.30001,0.2761905,0.129824,0.11387333333333333,0.2831135,0.619859,0.160685,0,0.006408695652173936,3.803231,1.866958,0.1734965,-0.2367865,-0.041134666666666674,1.40172475,7.06818,-1.270143,0,0.3,0.3,0.5,1.588,3.958,0,1,1,1,1348,2,23.0,6,1.28764378209,6.285304000000001,-0.3142652,0.16226616537060096,2.5331703959065344,1.6037945997084733,0.6630600051018889,0.5345438716422096,0.008160237388724036,0.0,0.0,0.000741839762611276,0.6327893175074185,0.8199527460557385,1
7,8,G,0,3.8459160157236933,1.11720537122,0.32270029673590506,0.000741839762611276,0.007418397626112759,0.005934718100890208,0.0,0.0,0.0,0.0,0.001483679525222552,0.0,0.000741839762611276,0.049703264094955485,0.000741839762611276,0.000741839762611276,0.0,0.0,0.0,0.0,0.548219584569733,0.000741839762611276,2.4598434004474274,0.7462368771973384,0.952455804533677,1.9704129429978448,1.4480802954544894,0.3172090103622047,0.2778931349727339,0.2821591543245749,0.0,1.0,0.2084291334559575,0.2627177271717161,0.2450973410782705,0.0,1.0,0.1882969019729844,0.23981847321702235,0.5248136585807615,-0.4,5.97,1.0,2.0,3.0,1.0,75.06,0.057443307780798675,0.10417384290444254,0.28861085741787945,0.2576623932870099,0.2326522976059021,0.05545394979417162,1.0,0.05806268116144226,0.08838024634317099,0.9998749449734552,0.14899577937424566,0.1151255064321164,0.2496165511924168,0.15771003424844274,0.3172090103622047,0.544026812746728,0.0,2.80428,1.3524105,0.8113757500000001,0,1,0.248036,0.235981,0.2094391250000001,0,1,0.15060097826086954,0.188158,0.231444,0.1133816,0.15078699999999998,0.20004433333333327,0.17094265,0.242515,0.10530495,1,-0.0341113508695652,0.27622505,1.86669,-0.07606900000000001,-0.171543,0.06494166666666662,0.4738257625,2.80428,0.0009095000000000076,0,0.3,0.3,0.6,0.536,2.4090000000000003,0,0,1,1,1348,2,24.0,6,1.88279462878,1.291224,-0.06456120000000001,0.32559127796386755,4.3426380292274285,4.631379942002346,0.49373659118999996,0.802422633496592,0.05118694362017804,0.000741839762611276,0.0,0.0,0.014094955489614244,0.7692604980345383,0
8,9,A,0,3.599998194443992,1.22064754392,0.6735905044510386,0.004451038575667656,0.02373887240356083,0.031157270029673587,0.002225519287833828,0.0,0.0,0.0,0.01112759643916914,0.0,0.001483679525222552,0.11795252225519287,0.03635014836795252,0.0,0.0,0.0,0.0,0.0,0.029673590504451036,0.0,2.205868814729574,1.011710404415832,1.0844921923019146,1.8117388418406093,1.052316612041004,0.0,0.0,0.0800371366290446,0.0,0.0,0.2843624395394782,0.3388157546640705,0.3650775529827011,0.0,0.0,0.3751021545594687,0.17566498061060948,0.280350654762953,1.8,6.0,1.0,2.0,3.0,1.0,89.09,0.38573195145453065,0.2204393144644759,0.2362971576687997,0.3394614414599743,0.301335431956417,0.4102416560958397,1.0,0.3995022648599189,0.0365808058151498,0.33862493412446504,0.3315586777024377,0.222382232475785,0.24930576279152386,0.0,0.0,0.6521426445341743,1.0,0.82337,0.7753595,0.6141365,0,0,0.283704,0.26474575,0.249244375,0,0,0.1947241913043478,0.162916,0.17313620000000002,0.2367485000000001,0.19821,0.183414,0.192752675,0.27629000000000004,0.209322,1,0.006826473913043459,0.015900150000000002,0.4495938,0.491306,0.09438450000000004,0.06418835333333335,0.2627961125,0.82337,0.360506,1,0.4,0.3,0.7,0.79,2.381,1,0,1,1,1348,2,25.0,6,1.7793524560799998,1.8809900000000002,0.9059504999999999,0.9603785968517612,3.9852212708095736,3.9250180932793466,0.5391978188166666,0.6343175903347262,0.129080118694362,0.0,0.0,0.0,0.05934718100890207,0.8000002256945009,0
9,10,I,1,3.440378031554092,1.3266251538299998,0.020029673590504445,0.5452522255192879,0.2589020771513353,0.08679525222551929,0.04080118694362018,0.0,0.002225519287833828,0.001483679525222552,0.002967359050445104,0.0,0.02225519287833828,0.0,0.005934718100890208,0.0,0.0,0.0,0.000741839762611276,0.001483679525222552,0.001483679525222552,0.0,0.7695043103448276,0.9852064714989228,1.395572684102193,1.904911609067354,0.3232153257619302,0.3172090103622047,0.4426805167536813,0.4891046195749984,0.0,1.0,0.4095476531098849,0.4415040106244511,0.4657368673093651,0.0,1.0,0.4768153212888712,0.12994526036273846,0.5425568667305624,4.5,6.02,1.0,1.0,1.0,2.0,131.17,0.3219672586584081,0.4452401470510719,0.5520143359103439,0.44474037130011856,0.3389174602593589,0.3630523932136144,0.0,0.36014607262856746,0.08708628955386004,0.7822110251311141,0.10421924215361636,0.4792678741043536,0.4333165842358767,0.21202475426871487,0.3172090103622047,0.5361451941203176,1.0,2.80428,1.694595,1.0133219249999998,0,1,0.342507,0.3035615,0.28263962499999995,0,1,0.2187487391304348,0.14492700000000006,0.235676,0.2127865,0.289903,0.2837793333333333,0.220823125,0.294771,0.195487,0,0.0021077565217390765,0.26972209999999996,1.4002238999999999,-0.215227,0.7312951999999999,0.5102082333333333,0.54650355,2.80428,-0.025305000000000025,1,0.4,0.3,0.8,1.764,3.697,1,0,0,0,1348,2,26.0,6,1.6733748461700002,6.521508,0.6739246,0.8086162853066756,2.4428791565148282,1.287669156950428,0.5739413709055555,0.4563836850667058,0.002967359050445104,0.0,0.001483679525222552,0.001483679525222552,0.8909495548961425,0.8199527460557385,1
10,11,G,0,3.542533838935064,0.246811112023,0.03783382789317508,0.0,0.0,0.000741839762611276,0.0,0.0,0.0,0.0,0.0,0.0,0.001483679525222552,0.002967359050445104,0.002225519287833828,0.0,0.002225519287833828,0.001483679525222552,0.0,0.0,0.9502967359050444,0.0,2.7393617021276597,0.9058694209203048,1.101188474251665,2.1689843846038293,1.3648643164291698,0.12292447648527335,0.1893714066253837,0.2113491857382004,0.0,0.0,0.0,0.0,0.0,0.0,0.0,0.0,0.0,0.0,-0.4,5.97,1.0,2.0,3.0,1.0,75.06,0.0,0.02160165046318145,0.10616458824627313,0.0,0.0,0.15411327674260045,1.0,0.011567603003569992,0.05108203814784272,0.38636609037764097,0.13064987726174476,0.4632470945064341,0.4855186362748981,0.02764925183128356,0.12292447648527335,0.3887948244603927,0.0,1.59101,1.16859325,0.7422763750000001,0,0,0.150131,0.13667475,0.128124375,0,0,0.1061254391304348,0.0937984,0.1062687,0.0917951,0.117107,0.14204533333333333,0.1022423,0.128108,0.13423000000000002,1,-0.039686004347826105,0.08877799999999998,0.5519058000000001,-0.13308499999999998,0.691574,0.6367396666666667,0.29979320000000004,1.59101,-0.51539675,0,0.4,0.3,0.9,0.375,1.3130000000000002,0,1,1,1,1348,2,27.0,6,2.7531888879769997,0.4923750000000001,-0.02461875,0.3517166309558137,5.49255059010466,7.541980198447635,0.7554081163997778,0.7443611131190949,0.002967359050445104,0.002225519287833828,0.001483679525222552,0.0,0.000741839762611276,0.8071832701331172,0
11,12,A,0,4.957645913132564,1.3802219910100002,0.44807121661721067,0.0037091988130563795,0.001483679525222552,0.018545994065281898,0.0,0.0,0.0,0.0,0.006676557863501484,0.0,0.0,0.064540059347181,0.11943620178041545,0.000741839762611276,0.0,0.0,0.0,0.000741839762611276,0.017804154302670624,0.3175074183976261,2.998087141339002,0.952455804533677,1.053900901049775,2.791145368204386,1.4942941766016389,0.28279963681841397,0.3071820237813603,0.3588444308083638,0.0,1.0,0.8007698072075755,0.5418079820950487,0.4986976855991117,0.0,1.0,0.4675339248304061,0.06318770831077716,0.489362879632122,1.8,6.0,1.0,2.0,3.0,1.0,89.09,0.1964230354410028,0.6165468005114181,0.6739104676681813,0.42949579908361535,0.8096923036252087,0.28716926159291983,1.0,0.37526018781726944,0.07052854949671497,0.0,0.140464593818265,0.7294748029225342,0.5862024081624774,0.020232335335673517,0.28279963681841397,0.3311649323668157,1.0,2.5894,1.4132295,0.8862085,0,1,0.526275,0.341476,0.293574875,0,1,0.21655648260869567,0.1186604,0.22298850000000006,0.1656085,0.35977650000000005,0.3225296666666667,0.216758475,0.526275,0.1732395,1,0.003919904347826085,0.18650899999999998,-0.27609859999999997,-0.1025825,1.351647,0.8807849000000001,0.289868725,2.5894,-0.7070755,1,0.5,0.3,1.0,0.732,3.982,0,0,1,1,1348,2,28.0,6,1.6197780089899998,2.9148240000000003,-0.14574120000000002,0.27249347960933024,4.617865150329002,4.856235620576609,0.4864473552877777,1.3295336535791067,0.07121661721068248,0.000741839762611276,0.000741839762611276,0.0,0.023738872403560828,0.6302942608584295,0
12,13,G,0,3.379241778861051,1.11451800881,0.2841246290801187,0.001483679525222552,0.0,0.000741839762611276,0.0,0.0,0.0,0.000741839762611276,0.07492581602373888,0.0,0.0,0.05118694362017804,0.006676557863501484,0.000741839762611276,0.0,0.005192878338278932,0.0,0.000741839762611276,0.5734421364985163,0.0,2.6359872611464965,1.0844921923019146,1.6992150809296145,2.2023769485033307,0.9469340711555678,0.08639974634936852,0.09222961238658166,0.1170748767622562,0.0,0.0,0.19390370597452147,0.21132234203536546,0.2101400049206497,0.0,0.0,0.2275422737228072,0.21803368350638647,0.06610225488001119,-0.4,5.97,1.0,2.0,3.0,1.0,75.06,0.2882567533441072,0.09537480493913117,0.10073304819495664,0.22500225734734905,0.2300046161573642,0.2932781137665422,0.0,0.10201965380366944,0.2403754632626766,0.3434549512131411,0.07684341468798356,0.21164980408211007,0.13231254327430822,0.04041701866576982,0.08639974634936852,0.6056427632943779,1.0,1.3629200000000001,0.96687625,0.6502795,0,0,0.241213,0.21655375,0.1978415,0,0,0.15987069565217388,0.17958649999999998,0.122035,0.2001185,0.147198,0.14031866666666667,0.16223449999999998,0.241213,0.1750305,0,-0.0288410104347826,1.0400969999999998,0.45994480000000004,-0.30030650000000003,0.06777500000000003,-0.219389,0.316877575,1.3629200000000001,0.20584600000000008,1,0.5,0.3,1.0,0.5770000000000001,3.277,1,1,1,1,1348,2,29.0,6,1.8854819911900005,1.890829,0.90545855,0.9600568247169926,4.521469252336496,4.9701065098979695,0.6861270782615556,0.8396489039319144,0.1261127596439169,0.000741839762611276,0.005934718100890208,0.000741839762611276,0.002225519287833828,0.8275947776423687,1
13,14,I,0,3.749497166287768,1.2412882145,0.004451038575667656,0.5749258160237388,0.18026706231454007,0.18026706231454007,0.020771513353115733,0.0,0.014094955489614244,0.000741839762611276,0.0,0.002967359050445104,0.007418397626112759,0.0,0.004451038575667656,0.0,0.0,0.0037091988130563795,0.0,0.002225519287833828,0.001483679525222552,0.0,0.9730564430244946,1.395572684102193,1.9895363503440584,2.10780180209955,0.28745202388544944,0.2141938665868137,0.4307470968573041,0.5753006011549148,0.0,0.0,0.4684370529327611,0.4681193716335622,0.458584593543399,0.0,0.0,0.4499315785111114,0.31457780231208754,0.6341930739437299,4.5,6.02,1.0,1.0,1.0,2.0,131.17,0.2079907309415764,0.5376655948789549,0.6104998589686994,0.528536949189666,0.4922430254336036,0.3260564886344992,0.0,0.28175711603039283,0.34583046926540484,0.09903942807670127,0.3657403727935189,0.8980299311716151,0.6308698417175911,0.5272699648474677,0.2141938665868137,0.377095516276161,0.0,2.1609700000000003,1.669815,1.097435625,0,0,0.370169,0.31362199999999996,0.28026675,0,0,0.2123988260869565,0.217573,0.2575325,0.1699555,0.327602,0.30237166666666665,0.24316575,0.370169,0.18464049999999999,0,-0.007290900000000071,1.570075,-0.0638515,0.597537,1.769555,0.9890533333333332,0.968328875,2.1609700000000003,-0.554309,0,0.6,0.3,0.9,1.788,3.306,0,0,0,0,1348,2,30.0,6,1.7587117855,5.9111280000000015,-0.29555640000000005,0.17450312139247046,2.731768228524494,1.7113258343038882,0.4613626663144444,0.6312092745546004,0.0,0.0,0.005934718100890208,0.0037091988130563795,0.9354599406528188,0.7813128542140291,0
14,15,G,0,3.379241778861051,0.242159622469,0.031157270029673587,0.0,0.0,0.001483679525222552,0.000741839762611276,0.0,0.0,0.000741839762611276,0.000741839762611276,0.0,0.000741839762611276,0.006676557863501484,0.000741839762611276,0.0,0.0,0.001483679525222552,0.0,0.0,0.9540059347181008,0.0,2.71436170212766,1.101188474251665,2.1935298529264617,3.3984301618592285,0.8238524306423689,0.2150729966163902,0.4299549065534486,0.628407405098861,0.0,0.0,0.1764936303562913,0.2033983163843004,0.2187217538311177,0.0,0.0,0.1943536593103724,0.31075151742503604,0.22795452506311997,-0.4,5.97,1.0,2.0,3.0,1.0,75.06,0.1604279967502945,0.031154576468150976,0.03369861663498267,0.2258029944755701,0.21337424834926616,0.22353112120801785,1.0,0.07426514072392025,0.13954554765903548,0.6115999922727192,0.0,0.33751520052594325,0.3460414875574899,0.06679134346996705,0.2150729966163902,0.4251359729166604,0.0,2.16646,1.6681700000000002,1.1492595,0,0,0.233035,0.2135585,0.200688625,0,0,0.15203157826086952,0.2160675,0.16063899999999998,0.152082,0.1210035,0.11900866666666668,0.162448,0.233035,0.154582,1,-0.03216871304347828,0.5333629999999999,1.0345947999999998,-0.5391229999999999,0.3798400000000001,0.29866400000000004,0.35216869999999995,2.16646,-0.394525,0,0.6,0.4,0.8,0.3720000000000001,1.272,0,1,1,1,1348,2,31.0,6,2.7578403775309996,0.4731840000000001,-0.0236592,0.3523442485021441,5.47220207965866,7.485776301351433,0.7532021404997779,0.7848086160425232,0.007418397626112761,0.0,0.001483679525222552,0.000741839762611276,0.001483679525222552,0.8275947776423687,1
15,16,D,0,5.293153407941245,2.12454644018,0.004451038575667656,0.2707715133531157,0.03560830860534125,0.06602373887240356,0.08011869436201781,0.020771513353115733,0.0,0.06305637982195847,0.0,0.19362017804154305,0.021513353115727003,0.014094955489614244,0.006676557863501484,0.07344213649851633,0.14614243323442136,0.0,0.0,0.000741839762611276,0.001483679525222552,0.0,6.507872340425532,1.053900901049775,1.3771434862101046,3.9790727006881164,2.676986226385112,0.28279963681841397,0.4628818510766504,0.6066868143856925,0.0,1.0,0.8007698072075755,1.0,1.0,0.0,1.0,1.0,0.3573023204746778,1.0,-3.5,2.77,1.0,3.0,2.0,1.0,133.1,0.7673049079015052,1.0,1.0,1.0,0.8096923036252087,0.5719267033243275,1.0,1.0,0.030394687712380027,0.2920462296702756,0.4349392325778123,0.8942656457022087,0.7540175142989838,0.3468044117592519,0.28279963681841397,0.328456147418995,1.0,2.5894,1.7365434999999998,1.1280636249999998,0,1,0.526275,0.51467075,0.4598895000000001,0,1,0.34232443478260866,0.2343835,0.3447825,0.380139,0.5161815000000001,0.4261923333333333,0.368871625,0.526275,0.256725,1,0.0788247782608696,-0.01518900000000001,0.349773,0.8125954999999999,1.7602220000000002,1.2875483333333333,0.7268503749999999,2.5894,-0.7160850000000001,1,0.6,0.4,0.7,0.95,8.079,1,0,0,1,1348,2,32.0,6,0.8754535598200001,7.6750500000000015,0.6162475000000001,0.7708911433323657,7.3833259002455325,5.697340007279648,0.4186244484233333,1.2767532238525825,0.014094955489614244,0.2195845697329377,0.000741839762611276,0.2566765578635015,0.37240356083086057,0.5883558240073444,0
16,17,G,0,3.53363523867419,0.489690742916,0.08679525222551929,0.000741839762611276,0.0,0.0,0.000741839762611276,0.001483679525222552,0.0,0.0,0.0,0.0,0.0,0.02818991097922848,0.001483679525222552,0.000741839762611276,0.000741839762611276,0.000741839762611276,0.001483679525222552,0.0,0.8761127596439169,0.0,2.7149840595111585,1.6992150809296145,1.255449398443029,4.387059705852924,0.9188806642734691,0.2150729966163902,0.2959689191719083,0.4637052332652358,0.0,0.0,0.2544791879555828,0.2464179515127144,0.24951537627711765,0.0,0.0,0.2242501344067492,0.3136514118495633,0.3530101822200644,-0.4,5.97,1.0,2.0,3.0,1.0,75.06,0.1650961885680726,0.1497699722103384,0.15467201572000935,0.3018488776506485,0.2878672336202671,0.2702957318872192,0.0,0.12376071129065315,0.03646666095594156,0.6725214817004832,0.07547960266848314,0.3941819545809293,0.2474745296642753,0.06447398561552138,0.2150729966163902,0.5217535620544613,1.0,2.16646,1.38994525,0.988536125,0,0,0.269667,0.22981975,0.210904875,0,0,0.15909309565217394,0.2172085,0.19046649999999998,0.15383625,0.16938499999999998,0.15746566666666667,0.1827240625,0.269667,0.16829249999999998,0,-0.02623430739130436,0.015326500000000019,1.165153,-0.3045450000000001,0.5203369999999999,0.0597496666666667,0.349067875,2.16646,-0.07317200000000001,1,0.7,0.4,0.6,0.405,1.653,1,1,1,1,1348,2,33.0,6,2.510309257084,0.6694650000000001,0.96652675,1.0,5.2252933165951605,6.815449617426357,0.6571941758548889,0.975762560044764,0.02818991097922848,0.001483679525222552,0.000741839762611276,0.0,0.000741839762611276,0.8082955951657262,0
17,18,I,1,2.9513207213042785,2.2798226348400004,0.006676557863501484,0.2166172106824926,0.2262611275964392,0.049703264094955485,0.03931750741839762,0.0,0.04451038575667656,0.05118694362017804,0.000741839762611276,0.020771513353115733,0.0830860534124629,0.015578635014836797,0.10237388724035608,0.0,0.001483679525222552,0.0712166172106825,0.014836795252225518,0.055637982195845696,0.0,0.0,3.938322717622081,1.9895363503440584,1.1708775654635526,2.7542869724202093,1.2461414303751677,0.2141938665868137,0.3246317609318951,0.36276873221776895,0.0,0.0,0.4684370529327611,0.5714776082286585,0.5846319742016279,0.0,0.0,0.5941207937617968,0.2883554879167677,0.8590333137956797,4.5,6.02,1.0,1.0,1.0,2.0,131.17,0.4202301351374007,0.6072819455459927,0.6629760854953765,0.6705529296149252,0.4922430254336036,0.6047664736915169,1.0,0.6266332268581536,0.0,0.09898996601396344,0.16042222989459218,1.0,0.7331304665486814,0.1305472607238522,0.2141938665868137,0.6162116697684626,0.0,2.1609700000000003,1.44946425,0.8900379999999999,0,0,0.370169,0.352691,0.32208487499999994,0,0,0.2464561739130436,0.2072555,0.31116,0.2497125,0.3559975,0.3190536666666667,0.281031375,0.370169,0.266353,1,0.03405895652173919,-0.16794149999999994,-0.06395749999999997,-0.04055749999999997,2.0223750000000003,1.2369206666666668,0.437479625,2.1609700000000003,0.2409985,0,0.7,0.4,0.5,1.244,9.041,0,0,0,0,1348,2,34.0,6,0.7201773651599996,11.247003999999999,-0.5623501999999999,0.0,4.658500082782081,2.83629087792684,0.4040950377111111,1.4430430725795087,0.016320474777448073,0.001483679525222552,0.12685459940652818,0.07195845697329377,0.4925816023738873,0.8810849098369652,1
18,19,A,0,3.7221041092371383,1.73221000101,0.3405044510385757,0.17433234421364985,0.2002967359050445,0.13056379821958458,0.0,0.0,0.0,0.0,0.001483679525222552,0.0,0.09643916913946587,0.01112759643916914,0.024480712166172102,0.0,0.0,0.0,0.0,0.000741839762611276,0.007418397626112759,0.012611275964391691,1.6095541401273885,2.1935298529264617,2.248619957537155,2.510898796886058,0.3623367533296684,0.3794078602871824,0.5295735596252628,0.6129671569174112,1.0,1.0,0.7854204986715715,0.6355913819193855,0.5860659706170139,1.0,1.0,0.4884403753217004,0.5246524066073879,0.5877890503610274,1.8,6.0,1.0,2.0,3.0,1.0,89.09,0.8290950826250659,0.3023078780687227,0.32251604034438897,0.7244953269862572,0.7950304117327671,0.4839128443136341,1.0,0.4002467762946793,0.3822577321874873,0.2469715918842274,0.5451822861781827,0.1767094667766415,0.11426612191623026,0.3907621491291794,0.3794078602871824,0.5757810362504246,1.0,3.1927,1.87503025,1.13419225,1,1,0.519065,0.37692575,0.322560625,1,1,0.22149456521739128,0.30022950000000004,0.2464645,0.403359,0.2316030000000001,0.21082266666666669,0.295414,0.519065,0.230921,1,0.006915739130434842,1.7531450000000002,0.2531755,1.1552125,-0.01885449999999994,-0.2631313333333333,0.7856696249999999,3.1927,0.10652499999999998,1,0.8,0.4,0.5,1.27,5.5429999999999975,0,0,1,1,1348,2,35.0,6,1.2677899989899999,7.039609999999999,-0.3519804999999999,0.13759753523656698,2.8773441391173886,2.0405766416864526,0.6037587793767778,0.6709231295943183,0.012611275964391691,0.0,0.000741839762611276,0.0,0.5051928783382789,0.7847369863453577,0
19,20,G,0,4.945107481137291,1.727611533,0.2507418397626113,0.04005934718100889,0.019287833827893168,0.09124629080118694,0.06899109792284866,0.0037091988130563795,0.000741839762611276,0.0,0.04080118694362018,0.0,0.005934718100890208,0.020029673590504445,0.04376854599406528,0.0,0.000741839762611276,0.0,0.0,0.0,0.4139465875370921,0.0,1.9848195329087048,1.3771434862101046,2.203548756068007,2.3417551309271047,0.5543116801476133,0.3794078602871824,0.5082797732024174,0.5406424715218509,1.0,1.0,0.7577938721983785,0.7140908898506864,0.6327394267254581,1.0,1.0,0.5573118348310911,0.5241898467605307,0.5778105920915267,-0.4,5.97,1.0,2.0,3.0,1.0,75.06,0.5054211431501653,0.647220849968925,0.8962271767840458,0.7399571014928681,0.7686410398758721,0.045982159150095264,0.0,0.5561629513203491,0.2758203620778802,0.047283702166335685,0.32034636352725515,0.33689528123241724,0.5234477921308379,0.15451947044039407,0.3794078602871824,0.0,1.0,3.1927,1.83081325,1.06361475,1,1,0.506088,0.40659825,0.33804525,1,1,0.2377619347826088,0.3000475,0.24408449999999998,0.28172625,0.372288,0.39320333333333335,0.29953656249999994,0.506088,0.102528,0,0.02560973173913041,1.21823,-0.17476694999999998,0.4564599999999999,0.3783030000000001,0.7286753333333333,0.4695565125,3.1927,-1.80854,1,0.8,0.4,0.4,0.7929999999999999,5.27,1,0,0,1,1348,2,36.0,6,1.272388467,4.17911,0.7910444999999999,0.8852214692621274,3.2572079999087045,2.5254614827493627,0.3861028438533334,1.0595965347511531,0.06083086053412463,0.000741839762611276,0.0,0.0,0.150593471810089,0.6318615648578386,0
20,21,N,0,2.9513207213042785,1.48104366558,0.2002967359050445,0.0,0.0,0.002967359050445104,0.0037091988130563795,0.0,0.007418397626112759,0.020029673590504445,0.0,0.01112759643916914,0.007418397626112759,0.2440652818991097,0.005192878338278932,0.005934718100890208,0.002225519287833828,0.011869436201780416,0.0,0.025222551928783383,0.4525222551928784,0.0,3.430891719745223,1.255449398443029,1.8056796260148271,4.49723991507431,1.120792914095757,0.4644897122570582,0.33944475646468825,0.4263001182644771,1.0,1.0,0.6598542135022821,0.6130871755256669,0.5962678415942604,1.0,1.0,0.5798415665317138,0.663192893047522,0.7886222935528259,-3.5,5.41,1.0,3.0,1.0,1.0,132.11,0.5488997916111722,0.19646444896913465,0.2520790320534262,0.7324651930165594,0.6750875951446972,1.0,0.0,0.5765261676658822,0.3286813806384332,0.2888727250600847,0.3819809494268193,0.29342429785165897,0.3344315823526691,0.36093059505205416,0.4644897122570582,0.4023755047308653,0.0,3.72402,1.48022375,0.952034625,1,1,0.460083,0.36841925,0.32594525,1,1,0.24308343478260874,0.35474,0.294366,0.298065,0.188431,0.188431,0.297539,0.460083,0.382228,0,0.02805123478260867,1.48389,0.342972,0.6480100000000001,0.270523,0.270523,0.7457524285714285,3.72402,-0.4702270000000001,0,0.8,0.4,0.3,0.679,4.458,0,0,0,1,1348,2,37.0,6,1.51895633442,3.0269820000000003,-0.1513491,0.268825493117677,4.949848054165223,5.211374710416134,0.503658198938,0.7682344724070477,0.2440652818991097,0.008160237388724036,0.0370919881305638,0.03115727002967358,0.002967359050445104,0.8810849098369652,1
21,22,A,1,3.4629379145459707,1.84203381126,0.12166172106824925,0.000741839762611276,0.0,0.002225519287833828,0.0,0.0,0.019287833827893168,0.008902077151335312,0.005192878338278932,0.12091988130563798,0.001483679525222552,0.0956973293768546,0.021513353115727003,0.001483679525222552,0.008160237388724036,0.09718100890207716,0.015578635014836797,0.4347181008902077,0.04376854599406528,0.001483679525222552,8.076008492569002,1.1708775654635526,2.069568514903715,4.407097512136014,2.4922520826680987,0.4644897122570582,0.4927204573514479,0.5006070780020108,1.0,1.0,0.6598542135022821,0.6024785976571182,0.5699434954171267,1.0,1.0,0.523731178108128,0.7234870607778222,0.6077816042509909,1.8,6.0,1.0,2.0,3.0,1.0,89.09,0.5211926727816409,0.5725381265085422,0.734610549141282,0.7972480146360496,0.6750875951446972,0.2203283226647284,1.0,0.3953151812880271,0.383713171170628,0.4105309911086809,0.2745443529301607,0.9441003809458508,1.0,0.6663025739559484,0.4644897122570582,0.39841101854162464,0.0,3.72402,1.798504,1.0245465125000002,1,1,0.460083,0.36440925,0.31721175,1,1,0.2298302173913044,0.3784635,0.251233,0.28765300000000005,0.341826,0.341826,0.31481200000000004,0.460083,0.153643,1,0.00632445217391312,1.7604594999999998,0.60369255,0.31411500000000003,1.88378,1.88378,1.1543665166666666,3.72402,-0.48341300000000004,0,0.9,0.4,0.2,1.554,6.0939999999999985,0,0,1,1,1348,2,38.0,6,1.15796618874,9.470076,-0.4735037999999999,0.05811219797642976,9.233974681309002,9.351744774372,0.26830622198571424,1.716333030027298,0.10089020771513353,0.009643916913946587,0.5318991097922848,0.12982195845697328,0.002967359050445104,0.8171327606817537,1
22,23,L,0,3.894162811182912,1.59180136213,0.4799703264094956,0.002225519287833828,0.10385756676557864,0.01112759643916914,0.1876854599406529,0.0,0.10014836795252226,0.0,0.005192878338278932,0.0,0.014836795252225518,0.008160237388724036,0.06899109792284866,0.000741839762611276,0.0,0.0,0.0,0.0,0.014094955489614244,0.0,1.7143923240938166,2.248619957537155,2.2156305160897785,3.6113592520296542,0.3840269120699621,0.2794864855776236,0.29587055754907393,0.3516507748855676,0.0,1.0,0.7602782887117651,0.7607494523751575,0.7213518147816168,0.0,1.0,0.6947869803738995,0.548042177325113,0.7562174599540991,3.8,5.98,1.0,1.0,1.0,1.0,131.17,1.0,0.5578746976786376,0.7157962396546463,0.8984146811308171,0.6903392163920357,0.7338846194382925,1.0,0.5198610546061221,0.0959078476008438,0.2890906381100713,1.0,0.5044057829556476,0.5502419015606338,0.4513761541423646,0.2794864855776236,0.6073898912517325,1.0,2.56871,1.389741,0.8791886250000001,0,1,0.507255,0.424235,0.36744375,0,1,0.2702334260869565,0.3094325,0.286637,0.46758299999999997,0.335845,0.335845,0.34178600000000003,0.46758299999999997,0.304208,1,0.02125721739130433,0.31405599999999995,0.343439,2.56871,0.793621,0.793621,0.8667763999999998,2.56871,0.211657,1,0.9,0.5,0.1,1.012,4.6560000000000015,1,0,0,0,1348,2,39.0,6,1.40819863787,4.7118720000000005,0.7644063999999999,0.8677981573337213,3.122590961963817,2.4142049355636956,0.44599810614333335,0.5539910773702008,0.013353115727002969,0.000741839762611276,0.0,0.0,0.1172106824925816,0.7632296486021359,0
23,24,I,0,3.6408831346254433,1.67291643214,0.016320474777448073,0.18620178041543026,0.3597922848664689,0.21216617210682487,0.005192878338278932,0.0,0.0,0.008160237388724036,0.06379821958456973,0.002967359050445104,0.13130563798219586,0.002967359050445104,0.010385756676557865,0.0,0.0,0.0,0.0,0.0,0.0,0.0,1.0436769394261427,2.203548756068007,2.2027777777777766,4.13913702980743,0.2368587374107373,0.11115150020577086,0.2620129700093365,0.5376692713647251,0.0,0.0,0.6065276074664486,0.5259784495074024,0.5109235788421099,0.0,0.0,0.44911434203536105,0.5800363236556663,0.6743857168851446,4.5,6.02,1.0,1.0,1.0,2.0,131.17,0.4658582673896632,0.3191876151518011,0.4095423141086874,0.6427629443985577,0.3943316841246891,0.6754668019186775,0.0,0.3095275738609022,0.19881173142121544,0.6655067346331403,0.4063107638023021,0.11395786404125265,0.15085761448222187,0.2763897689677379,0.05232344939237543,1.0,1.0,1.51749,1.319435,1.060713375,0,0,0.43503400000000003,0.3354925,0.297631,0,0,0.21220579565217398,0.322021,0.267119,0.266859,0.238488,0.238488,0.27362175,0.322021,0.287081,0,-0.003961285652173984,0.8312129999999999,1.15012,0.7236229999999999,-0.174438,-0.174438,0.6326295,1.15012,1.51749,1,1.0,0.5,0.0,1.135,4.8039999999999985,1,0,0,0,1348,2,40.0,6,1.32708356786,5.452539999999999,0.7273729999999999,0.8435755408569671,2.370760507286142,1.3850465164668506,0.519894406972,0.6056992944669695,0.06676557863501484,0.0,0.0,0.01112759643916914,0.7581602373887241,0.7948896081718195,0
