,residue_num,residue_name,interface_score,interface,conservation,A,I,L,V,F,W,Y,N,C,Q,M,S,T,D,E,R,H,K,G,P,polarity,polarity3Nmean,polarity3Cmean,polarity1mean,relative_polarity,DImax,DItop4mean,DItop8mean,DI4cum,DI8cum,MImax,MItop4mean,MItop8mean,MIall_mean,MI1mean,MI2mean,MI3mean,MI4mean,Hydrophobicity_sAA,PI_sAA,Aromatic_sAA,Polar_sAA,Small_sAA,branched,mass,MI4value,MI4_inclusive_mean,MI4_inclusive_max,MI5mean,MI_highest_face,DIall_mean,DI1mean,DI2mean,DI3mean,DI4mean,DI4value,DI4_inclusive_mean,DI4_inclusive_max,DI5mean,DI_highest_face,DImax_raw,DItop4mean_raw,DItop8mean_raw,MImax_raw,MItop4mean_raw,MItop8mean_raw,MIall_mean_raw,MI1mean_raw,MI2mean_raw,MI3mean_raw,MI4mean_raw,MI4value_raw,MI4_inclusive_mean_raw,MI4_inclusive_max_raw,MI5mean_raw,DIall_mean_raw,DI1mean_raw,DI2mean_raw,DI3mean_raw,DI4mean_raw,DI4value_raw,DI4_inclusive_mean_raw,DI4_inclusive_max_raw,DI5mean_raw,RelPos_TMD,RelPos_fullseq,residue_depth,LIPS_polarity,LIPS_entropy,LIPS_surface,rate4site,GxxxG,SmxxxSm,PolarxxxPolar,n_homologues,n_TMDs,res_num_full_seq,LIPS_L*E,LIPS_surface_ranked,LIPS_surface_ranked_norm,cons*polarity,cons4mean,rate4site4mean,polarity4mean,CS,DE,KR,QN,LIV,interface_score_norm
O15455-NMR_01F,1,F,8.8003329482469,0,2.112055680677145,0.02904564315352697,0.008298755186721992,0.7344398340248963,0.04149377593360997,0.16182572614107885,0.0,0.0,0.0,0.0,0.0,0.024896265560165973,0.0,0.0,0.0,0.0,0.0,0.0,0.0,0.0,0.0,0.9377762518264968,0.543165732412747,0.4644113509366463,0.9715067049378444,0.9307240779128638,0.7468646251936926,0.7655339549530479,0.35356732423327963,1,1,0.5573295954293479,0.3839154924354263,0.3625915620588901,0.33210613135986755,0.16749724195147558,0.2916626405018121,1.0,0.06565911767059547,2.8,5.48,2.0,1.0,1.0,1.0,165.19,0.06565911767059547,0.430919787433506,0.6687510378483144,0.38677822325929184,1,0.3890389499563142,0.5956777807386445,0.7100852959805206,0.8761484707113729,1.0,1.0,1.0,1.0,0.23622437209484964,1,2.6080400000000004,1.47262575,0.64981015,0.449929,0.34969775000000003,0.296161625,0.2156703294117647,0.159794,0.174966,0.449929,0.174933,0.174933,0.2399055,0.449929,0.237442,-0.0017148117647059185,0.5376029999999999,0.0908032,1.2191,2.6080400000000004,2.6080400000000004,1.11388655,2.6080400000000004,-0.251026,0.1,0.8,0.0,1.2229999999999999,2.411,0,0.2501,0,0,0,6.223084253206059,2,705.0,1.0762908758204184,-0.05381454379102092,0.07504908513375806,1.9806356598742736,0.7824753102740758,-0.01506000000000001,0.4774966690659051,0.0,0.0,0.0,0.0,0.7842323651452282,0.14995838146913743
O15455-NMR_02F,2,F,3.3801789893436114,1,2.4531966327132757,0.0,0.0,0.0,0.0,0.8298755186721992,0.0,0.14937759336099585,0.0,0.004149377593360996,0.0,0.0,0.004149377593360996,0.0,0.0,0.0,0.0,0.004149377593360996,0.0,0.0,0.0,0.9232033279449474,0.6386344100838582,0.5521619785296598,0.9334469485148408,0.7752822705650481,0.8582008980463138,0.8981260124511444,0.9462845187941384,1,1,0.2943523346268984,0.22337993173555154,0.267771565992314,0.28207850292384845,0.08206832347209175,0.5699239361057844,0.0,0.21211116573113986,2.8,5.48,2.0,1.0,1.0,1.0,165.19,0.21211116573113986,0.17869895532436542,0.1899677554469997,0.4230384131117673,1,0.2261208809296127,0.2260504576793688,0.752645307078307,0.40911957342050004,0.07401922202817163,0.10272443853405007,0.2452070069061588,0.018771163648168627,1.0,1,2.8611,1.606984,0.993111875,0.34618000000000004,0.29342225,0.26759575,0.20364175882352945,0.12859890000000002,0.25675,0.0934091,0.238986,0.238986,0.16926857999999995,0.25675,0.24588,-0.03121241176470585,-0.2821635,0.17241199999999998,0.217819,-0.597399,-0.597399,-0.154299,0.5376029999999999,2.8611,0.1,0.8,0.1,1.51,1.6540000000000001,1,-0.19,0,0,0,6.223084253206059,2,706.0,0.7598268608682645,0.9620086569565868,0.9924436367378348,2.264799295424235,0.7381607001961336,-0.06280000000000001,0.3656028578827049,0.008298755186721992,0.0,0.0,0.0,0.0,0.8274776263320486
O15455-NMR_03M,3,M,2.967298097596532,1,1.7004783808012545,0.008298755186721992,0.31950207468879666,0.024896265560165973,0.3402489626556017,0.0,0.0,0.0,0.0,0.0,0.0,0.2904564315352697,0.0,0.012448132780082987,0.0,0.0,0.0,0.0,0.004149377593360996,0.0,0.0,0.9393612657730782,0.4857533524689222,0.607337404126027,0.9288227018732924,0.8593625553099098,0.16671579553123855,0.2974801654560427,0.35303598779264256,0,0,0.16668990182932547,0.16043357766471686,0.2235300902778872,0.27239988967219064,0.1809021040312489,0.21145973540271407,0.4101198839111085,0.016297600402409875,1.9,5.74,1.0,1.0,1.0,1.0,149.2,0.016297600402409875,0.18436579233162625,0.14752440647468645,0.4245811256214896,0,0.2756432640775897,0.0,0.5251819361621738,0.6690389367602979,0.25808098264044044,0.2810803218597505,0.21010386229431946,0.1313123653760939,0.12235204900531578,0,1.2894,0.99833725,0.6495024,0.295815,0.2713565,0.254267375,0.20131464705882351,0.1646889,0.1513935,0.239625,0.153344,0.153344,0.1708556333333333,0.239625,0.246239,-0.022245994117647043,-0.7835025,-0.2637489,0.77507,0.0397619,0.0397619,-0.2132784833333333,0.77507,-0.715017,0.2,0.8,0.3,1.1440000000000001,3.674,0,0.1326,0,0,1,6.223084253206059,2,707.0,1.4886654488911164,-0.07443327244455583,0.056428217532157036,1.5973635242092208,0.5350528848851943,-0.06545714285714285,0.32007156929444186,0.0,0.0,0.004149377593360996,0.0,0.6846473029045643,0.8790877378004335
O15455-NMR_04I,4,I,7.027158600743263,0,2.1387712280612456,0.004149377593360996,0.7385892116182573,0.16182572614107885,0.06639004149377592,0.004149377593360996,0.0,0.0,0.0,0.0,0.0,0.004149377593360996,0.012448132780082987,0.008298755186721992,0.0,0.0,0.0,0.0,0.0,0.0,0.0,0.9239035119018518,0.4667234742574204,0.6702101053570542,1.1043239570593195,0.8126275170930745,1.0,1.0,0.9367905379813836,1,1,1.0,0.7984644064943937,0.8382931263832333,0.7849537391894236,0.3071489083303677,0.906019105116246,0.8925109089282254,0.6444114183805288,4.5,6.02,1.0,1.0,1.0,2.0,131.17,0.6444114183805288,0.7903208143722835,0.6796190136289623,0.6523353401487707,1,0.6955332392020209,0.3216017628129257,0.8291963048751774,1.0,0.27463536700598223,0.2971215236640137,0.6400908038883542,0.5934304718619744,0.0,1,3.1834,1.710215,0.9876129625,0.62457,0.49501725,0.4394735,0.3245523529411765,0.21078899999999998,0.355532,0.41160699999999995,0.428059,0.428059,0.3405592857142857,0.4543140000000001,0.299239,0.053778394117647024,-0.070248,0.3191985,1.48463,0.0970677,0.0970677,0.5091755285714286,1.75016,-1.21356,0.2,0.8,0.4,1.109,2.289,0,-0.3002,0,0,0,6.223084253206059,2,708.0,0.9183795804362066,-0.04591897902181033,0.08217960557843787,1.9760182487604208,0.4153780272732121,0.2710125,0.24402683341652026,0.012448132780082987,0.0,0.0,0.0,0.966804979253112,0.3716051749070921
O15455-NMR_05N,5,N,7.299072064310641,0,1.800320870693234,0.0,0.0,0.0,0.0,0.0,0.0,0.0,0.2863070539419087,0.03319502074688797,0.0,0.0,0.3817427385892116,0.2987551867219917,0.0,0.0,0.0,0.0,0.0,0.0,0.0,1.4497070935030285,0.4644113509366463,0.5999774490116011,1.214674808252054,1.3620089703814204,0.7468646251936926,0.4089034515733176,0.0,1,1,0.15129386059409347,0.030859495904275686,0.03403075539165347,0.0659077038491967,0.18379153384194347,0.10008410715087704,0.07887063246679919,0.05595326557909296,-3.5,5.41,1.0,3.0,1.0,1.0,132.11,0.14755486454867986,0.0890259069059591,0.02355017237576184,0.0,1,0.09367314632577302,0.18822410665613384,0.4019523864282625,0.21456893809429187,0.5974083657708411,0.6389407891737493,0.3592150351097015,1.0,0.581155237492208,1,2.6080400000000004,1.11124475,0.445024,0.289741,0.2259345,0.197178,0.15166596470588234,0.165744,0.118659,0.12152805,0.170688,0.21075133333333326,0.14415476249999998,0.189604,0.14743599999999998,-0.05519311764705884,-0.3660555,-0.5000415,-0.1992855,1.214401,1.3181873333333334,0.03725462500000007,2.6080400000000004,1.15445,0.3,0.8,0.5,0.494,3.318,1,-0.3254,0,0,0,6.223084253206059,2,709.0,0.5924849227335169,0.9703757538633242,1.0,2.60993793682553,0.6451516785352678,-0.05826666666666666,0.3771848558535603,0.4149377593360996,0.0,0.0,0.2863070539419087,0.0,0.33761599196116987
O15455-NMR_06T,6,T,3.9363029609012568,0,1.9757675684635247,0.07883817427385892,0.008298755186721992,0.0,0.0,0.024896265560165973,0.0,0.0,0.012448132780082987,0.008298755186721992,0.008298755186721992,0.0,0.17012448132780086,0.6887966804979253,0.0,0.0,0.0,0.0,0.0,0.0,0.0,1.270413819351282,0.5521619785296598,0.5561052053451404,1.3404202107141083,1.146306448332769,0.2959012448227709,0.2801640744463377,0.5603452089833412,0,0,0.7623930020759563,0.7236937256898829,0.6872940450119788,0.7357766888416689,0.3155438918245239,0.9326037015312127,0.4951950788721751,0.2795754118413681,-0.7,5.66,1.0,2.0,2.0,2.0,119.12,0.15238911816598638,0.5701994079955182,0.6796190136289623,1.0,0,0.6256365457189487,0.2529561700030526,0.4753938658132637,0.6701329516058766,0.15345468972546636,0.0,0.3181878456866212,0.133535540711217,0.27756576008795825,0,1.58303,0.9807905,0.769575875,0.53083,0.4688065,0.393982875,0.31272829411764697,0.2138545,0.3633455,0.269956,0.2684925,0.21286566666666665,0.278912125,0.4543140000000001,0.380143,0.04112304705882354,-0.22249149999999995,-0.3592175,0.7774154999999999,-0.32241970000000003,-0.9643731333333332,-0.03167829999999998,0.7797609999999999,-0.08257390000000002,0.3,0.8,0.6,0.68,2.719,1,-0.1868,0,0,0,6.223084253206059,2,710.0,0.6801796326422271,0.9659910183678888,0.9960401254364172,2.5100424228021425,0.6759513591760878,0.0672888888888889,0.35160462159210865,0.17842323651452285,0.0,0.0,0.020746887966804985,0.008298755186721992,0.7579621298873429
O15455-NMR_07S,7,S,3.05092526948793,1,2.0448918133951057,0.020746887966804985,0.008298755186721992,0.0,0.004149377593360996,0.0,0.0,0.0,0.020746887966804985,0.0,0.0,0.0,0.4605809128630705,0.4813278008298755,0.0,0.0,0.0,0.0,0.0,0.004149377593360996,0.0,1.301139719288015,0.607337404126027,0.5010526599692625,1.1999548980232022,1.173900562118495,0.8582008980463138,0.7664988520413826,0.35480215271109994,1,1,0.36305659832149184,0.31726137752693273,0.3564188250016389,0.34883350653807743,0.4961380474317252,0.2970588355378571,0.4896315745628786,0.18320396007911013,-0.8,5.68,1.0,2.0,3.0,1.0,105.09,0.1992172822852004,0.4229264057815268,0.4787931961762569,0.517788463604447,0,0.18644975126153496,0.6425589734779981,0.5350256936181731,0.5808227663299963,0.0,0.1351888528308885,0.3562385548987617,0.5934304718619744,0.7120325376841259,0,2.8611,1.4736034999999998,0.6505253624999999,0.373285,0.32633225,0.294302,0.2196922352941177,0.2798,0.176552,0.2679725,0.226343,0.2333466666666667,0.237666875,0.373285,0.26792900000000003,-0.03839518235294119,0.6415770000000001,-0.2448735,0.5859399999999999,-0.85362905,-0.4814227,0.03225361250000003,1.75016,1.6877305,0.4,0.8,0.8,0.617,2.603,0,-0.5908,0,0,1,6.223084253206059,2,711.0,0.5902620742496684,-0.02951310371248342,0.09699582616878827,2.6606899600552683,0.5497246956112496,0.09393333333333337,0.3668449338526322,0.4605809128630705,0.0,0.0,0.020746887966804985,0.012448132780082987,0.8686343413140087
O15455-NMR_08I,8,I,5.403090689596093,0,1.184252990124451,0.12448132780082988,0.3360995850622407,0.06639004149377592,0.2199170124481328,0.07468879668049792,0.0,0.0,0.004149377593360996,0.0,0.0,0.05394190871369295,0.008298755186721992,0.1078838174273859,0.0,0.0,0.0,0.0,0.0,0.004149377593360996,0.0,1.0283111554303102,0.6702101053570542,0.5065180373329771,1.1122104106902808,0.8738731726765402,0.5055993706812429,0.4807659570688642,0.6199979756556406,0,1,0.7442695752020827,0.7566713307858969,0.6710122425744177,0.6997953788070689,0.4779213029518273,0.6190766041941975,0.609828231187095,0.38383729836635305,4.5,6.02,1.0,1.0,1.0,2.0,131.17,0.2795910357100668,0.6180588265994843,0.7234602048681591,0.5358326135440706,1,0.6937437561808721,0.4801494170624384,0.3984384350556545,0.3850162644628716,0.09466471094341036,0.010172125109008914,0.2499699510759771,0.2135883357937864,0.2563660526277039,1,2.05966,1.1840645,0.80412675,0.52368,0.48036675,0.38907775,0.304077,0.273148,0.27119649999999995,0.310825,0.314093,0.26849933333333337,0.292315625,0.472003,0.27212800000000004,0.0534543941176471,0.281382,-0.5067795,0.16614300000000004,-0.52593115,-0.9280341,-0.1462964125,0.948676,-0.1689555,0.4,0.8,0.9,1.515,6.095,0,2.4683,0,0,0,6.223084253206059,2,712.0,2.73831517584385,-0.13691575879219253,0.0,1.2177805605966738,0.5781978428312372,0.33016666666666666,0.3080794226401488,0.008298755186721992,0.0,0.0,0.004149377593360996,0.6224066390041494,0.5746136638004884
O15455-NMR_09L,9,L,5.943626670644784,0,1.8939885554470304,0.0,0.0995850622406639,0.3734439834024896,0.4896265560165975,0.0,0.0,0.0,0.0,0.0,0.0,0.004149377593360996,0.016597510373443983,0.016597510373443983,0.0,0.0,0.0,0.0,0.0,0.0,0.0,1.0071803573525175,0.5999774490116011,0.4754046671790871,1.002105319938525,0.9365790468231322,0.2707047366971501,0.4135939715025996,0.1373759921823188,0,0,0.3167772237951723,0.3141141667986027,0.3650047259175292,0.4250381300796581,0.3277673492788269,0.7147535919061156,0.4916188409118257,0.059609250854549364,3.8,5.98,1.0,1.0,1.0,1.0,131.17,0.02505992325250837,0.4300101603294393,0.4335417704514981,0.5403017528480019,1,0.2907509322482037,0.08011744871876375,0.7928122015155676,0.4695466939808893,0.11406969999052913,0.06982436167283895,0.2674405323932311,0.133535540711217,0.030612615531111782,1,1.52576,1.11599775,0.5245921575,0.355027,0.325229,0.296888625,0.2380147647058824,0.21831799999999998,0.299317,0.268681,0.172287,0.15717633333333333,0.23965075,0.355027,0.273168,-0.019510631764705896,-0.6058165000000001,0.24943200000000001,0.347371,-0.4587575,-0.7149316666666667,-0.11694275000000005,0.7797609999999999,-1.088824,0.5,0.8,1.0,1.724,2.9160000000000004,1,-0.4491,0,0,0,6.223084253206059,2,713.0,1.845046891588414,0.9077476554205792,0.943440279522644,1.9075880700967185,0.6576955754918139,-0.1219222222222222,0.3741185312512447,0.016597510373443983,0.0,0.0,0.0,0.962655601659751,0.507046666169402
O15455-NMR_10L,10,L,2.4712759862063183,1,1.654598031407989,0.008298755186721992,0.03319502074688797,0.5435684647302904,0.004149377593360996,0.04149377593360997,0.004149377593360996,0.0,0.0,0.012448132780082987,0.0,0.26141078838174275,0.03319502074688797,0.05809128630705394,0.0,0.0,0.0,0.0,0.0,0.0,0.0,0.9708244470327484,0.5561052053451404,0.4652971477412384,1.013036074665954,0.9504818978526932,0.4120242822712846,0.6713487983318209,0.7017264118021436,0,1,0.3457316161280756,0.33445799939238063,0.33593722122687963,0.33094633888849284,0.4105313979365949,0.4205861097992996,0.3278860450706961,0.38594194780103575,3.8,5.98,1.0,1.0,1.0,1.0,131.17,0.4257443249154977,0.455107923670354,0.37886234475648056,0.47057888245733903,0,0.4165748311214384,0.2539431757055016,0.6512755283638928,0.603400378182578,0.4978129986169532,0.3948792074197763,0.5247771370228356,0.6393110099547639,0.35311670176161936,0,1.84697,1.377186,0.85146385,0.36645,0.33236049999999995,0.288131625,0.2153914705882353,0.24854,0.212858,0.210307,0.3150135,0.3324216666666667,0.246679625,0.332965,0.256943,0.0032707764705882203,-0.22030250000000007,-0.02196450000000001,0.6343449999999999,0.8696347999999999,0.4462985333333333,0.31542819999999994,1.84697,0.2252705,0.5,0.8,1.0,1.4280000000000002,3.863,0,0.9824,0,0,0,6.223084253206059,2,714.0,1.929862151500958,-0.09649310757504788,0.036505880118418564,1.6063242189031348,0.6086104274521469,0.2387888888888889,0.33813749316964553,0.04564315352697095,0.0,0.0,0.0,0.5809128630705394,0.9410905017242102
O15455-NMR_11I,11,I,2.629394416971328,1,1.202152066304886,0.004149377593360996,0.26141078838174275,0.3775933609958506,0.0954356846473029,0.02904564315352697,0.0,0.0,0.0,0.012448132780082987,0.03319502074688797,0.04979253112033195,0.03734439834024896,0.07053941908713693,0.0,0.0,0.0,0.0,0.0,0.02904564315352697,0.0,1.0611034196125968,0.5010526599692625,0.4221131064962689,0.9508093343581742,1.149418076533729,0.0168108708831845,0.1553365889666695,0.3957565166946904,0,0,0.8961033364848664,0.8223519712678846,0.8691841962662351,0.9572942129227882,0.7662508518559951,0.8612385118205933,0.9577386844324818,0.6750551598779052,4.5,6.02,1.0,1.0,1.0,2.0,131.17,0.5998033678963794,1.0,1.0,0.9575732573579652,1,1.0,0.693569222736391,1.0,0.40524003026206906,0.0038844556789737117,0.02227445810345527,0.4517237091481195,0.2135883357937864,0.3362956909288137,1,0.948676,0.85430025,0.674246125,0.583581,0.503391,0.4487798750000001,0.3659896470588235,0.378434,0.34237049999999997,0.434862,0.44146149999999995,0.408549,0.399282,0.583581,0.37027,0.10890450000000004,0.7547085,0.6467145000000001,0.20950150000000006,-0.84018235,-0.8847995666666666,0.1926855375,0.948676,0.1567306,0.6,0.8,0.9,1.514,6.006,0,1.3036,0,0,0,6.223084253206059,2,715.0,2.714237079915564,-0.13571185399577818,0.001087251895868994,1.2756076684504636,0.5179793907301895,0.34753333333333336,0.37625144033556995,0.04979253112033195,0.0,0.0,0.03319502074688797,0.7344398340248962,0.921325697878584
O15455-NMR_12F,12,F,5.534880938195513,0,1.8807563672954384,0.0,0.024896265560165973,0.3360995850622407,0.1037344398340249,0.5186721991701245,0.0,0.0,0.0,0.004149377593360996,0.0,0.008298755186721992,0.0,0.004149377593360996,0.0,0.0,0.0,0.0,0.0,0.0,0.0,0.8205001364291771,0.5065180373329771,0.4560330544446591,0.9305942954824769,0.8524224256126292,0.16671579553123855,0.2462930040396893,0.3648880708063,0,0,0.4913603216084478,0.3030921541527065,0.294813855278215,0.3242232318914109,0.5456261396590604,0.3048452115403721,0.49434519643924496,0.0616315891760886,2.8,5.48,2.0,1.0,1.0,1.0,165.19,0.05552570507470877,0.3951363604525199,0.6042470611853404,0.5682145358755861,1,0.16530672346523004,0.5768874736847326,0.2713951164002912,0.5218357527129982,0.15257424738508726,0.2941662756922272,0.3191201434991983,0.23979346412043345,0.44014862589762094,1,1.2894,0.94646825,0.656367125,0.423903,0.32136525000000005,0.275742625,0.2137749764705882,0.297871,0.17884049999999999,0.26965300000000003,0.17317149999999998,0.17050099999999999,0.229884,0.423903,0.2796635,-0.04222329411764708,0.4959295,-0.7503850000000001,0.4594755,-0.3254675,0.08651033333333331,-0.030111875,1.00397,0.579896,0.6,0.8,0.8,1.841,3.074,1,0.8034,0,0,0,6.223084253206059,2,716.0,2.0674055266593,0.8966297236670351,0.9333996248021166,1.5431608559559506,0.5931985624502113,0.2884,0.32413115483897953,0.004149377593360996,0.0,0.0,0.0,0.4647302904564316,0.5581398827255609
O15455-NMR_13I,13,I,6.4543276179630045,0,2.2249507532860617,0.0,0.7966804979253111,0.07053941908713693,0.024896265560165973,0.0,0.0,0.0,0.004149377593360996,0.0,0.0,0.07883817427385892,0.0,0.024896265560165973,0.0,0.0,0.0,0.0,0.0,0.0,0.0,0.9101793304056568,0.4754046671790871,0.4823980163256043,0.8442262129925379,0.950278534483975,0.5393003052442351,0.7707660113458674,0.8093637364821601,1,1,0.4495978627030014,0.4355160555529405,0.4518719861384148,0.43135452927510864,0.5230660763660061,0.8919893382618128,0.24352890259421706,0.15902278417340207,4.5,6.02,1.0,1.0,1.0,2.0,131.17,0.11536893288976792,0.5000286843483259,0.5634122221974377,0.6213349834770763,0,0.3075046713856473,0.8675306686433835,0.9051527783970741,0.6977142062876817,0.1591911422034986,0.11696905828193027,0.6553648506281056,0.7764123513953493,0.4964961493719722,0,2.13626,1.4779275,0.913807375,0.407427,0.36778625,0.32305862499999993,0.2395334705882353,0.28963300000000003,0.3514085,0.180232,0.215767,0.1966743333333333,0.259260125,0.407427,0.292025,-0.016477235294117612,1.1405235,0.464845,0.836548,-0.30256200000000005,-0.5465113333333335,0.534838625,2.13626,0.8094929999999999,0.7,0.8,0.6,1.7590000000000001,2.18,1,-0.3228,0,0,0,6.223084253206059,2,717.0,1.3708324582929552,0.9314583770853524,0.9648535400721712,2.0251041868114688,0.7068514200544177,-0.059711111111111125,0.3182545290645165,0.0,0.0,0.0,0.004149377593360996,0.8921161825726139,0.44320904775462444
O15455-NMR_14F,14,F,2.5219042408465886,1,1.847128247197808,0.012448132780082987,0.03734439834024896,0.1078838174273859,0.08298755186721991,0.6887966804979253,0.0,0.0,0.0,0.004149377593360996,0.0,0.008298755186721992,0.04149377593360997,0.012448132780082987,0.0,0.0,0.0,0.0,0.0,0.004149377593360996,0.0,0.8019991721427797,0.4652971477412384,0.50655333327222,0.9120661088893182,0.8252289707223733,0.5393003052442351,0.9689493600494612,0.6704579312970329,1,1,0.7353269947809602,0.7246450919059703,0.7478542508777595,0.7825341409229811,1.0,0.346357806518168,0.7045732931036949,0.4159786448389789,2.8,5.48,2.0,1.0,1.0,1.0,165.19,0.3339925843784178,0.7593880093115822,0.8427947922940229,0.4282681655472332,0,0.8884830763606907,1.0,0.0,0.1379277292533646,0.5803868079185674,0.4819509023937638,0.4792011550214194,0.7764123513953493,0.06122523106222361,0,2.13626,1.67875075,0.83335315,0.5201520000000001,0.46913999999999995,0.41222749999999997,0.3239705882352941,0.4637895,0.1910415,0.3446035,0.3281505,0.2922926666666667,0.33189625,0.5201520000000001,0.247097,0.08871348235294117,1.4343165,-1.270785,-0.3635995,1.155478,0.7573546000000001,0.2388525,2.13626,-0.964088,0.7,0.8,0.5,1.815,3.138,0,1.3535,0,0,0,6.223084253206059,2,718.0,2.075607962574176,-0.1037803981287088,0.029924694883660945,1.4813953250941858,0.5897545209626485,0.2704555555555556,0.30850364112301965,0.045643153526970966,0.0,0.0,0.0,0.2282157676348548,0.9347619698941765
O15455-NMR_15I,15,I,2.457360168961805,1,1.4147706368717148,0.024896265560165973,0.5186721991701245,0.04564315352697095,0.14937759336099585,0.008298755186721992,0.0,0.0,0.004149377593360996,0.004149377593360996,0.0,0.06639004149377592,0.04149377593360997,0.11618257261410787,0.0,0.0,0.0,0.0,0.0,0.020746887966804985,0.0,1.024019824119518,0.4221131064962689,0.5031682210742418,0.9647960326512086,1.1067118654693515,1.0,0.8465784023909512,1.0,1,1,1.0,1.0,1.0,1.0,0.6206524535711954,0.9829012748085472,0.6016225181259167,1.0,4.5,6.02,1.0,1.0,1.0,2.0,131.17,1.0,0.9036930231307814,1.0,0.941157764914678,1,0.8947064031789586,0.16309897245897886,0.7350166714515441,0.3879025419578364,0.2658498939983878,0.28860839853964626,0.3238612798003072,0.23979346412043345,0.1250781660310308,1,3.1834,1.5547497499999998,1.024223875,0.62457,0.56566525,0.48819,0.3762577647058824,0.32526750000000004,0.3781285,0.3078995,0.583581,0.583581,0.3723102857142857,0.583581,0.36645,0.08984026470588234,-0.4217785,0.1386091,0.17233099999999998,0.0666553,0.0666553,-0.022145928571428528,1.00397,-0.703909,0.8,0.8,0.4,1.537,4.815,0,2.415,0,0,0,6.223084253206059,2,719.0,2.4157583015493858,-0.12078791507746932,0.014565128993037487,1.4487531787388317,0.3271153378970751,0.464825,0.26064040546651435,0.045643153526970966,0.0,0.0,0.004149377593360996,0.7136929460580913,0.9428299788797744
O15455-NMR_16V,16,V,5.7651690348158935,0,2.273777704632012,0.1867219917012448,0.03319502074688797,0.004149377593360996,0.7593360995850622,0.0,0.0,0.0,0.0,0.0,0.0,0.0,0.016597510373443983,0.0,0.0,0.0,0.0,0.0,0.0,0.0,0.0,1.0683691016913284,0.4560330544446591,0.4840638910821013,1.01310666654444,1.1364456684759183,0.0,0.0,0.08813749312359577,0,0,0.0,0.0,0.0,0.0,0.0,0.1545686650507568,0.025527046316348667,0.0,4.2,5.96,1.0,1.0,1.0,2.0,117.14,0.0,0.0,0.0,0.3019247379752221,1,0.0,0.0045820916855703895,0.09553822569445268,0.2264216595815737,0.390454439889336,0.4093502287538711,0.0,0.0,0.3536842337765605,1,0.910466,0.6968945,0.496073225,0.230053,0.21511675,0.18692575000000008,0.13581921176470588,0.09863095,0.13467259999999998,0.10251,0.146216,0.146216,0.11922218333333336,0.18010199999999998,0.217696,-0.07215337882352939,-0.77334025,-1.0875905000000001,-0.173874,0.497995,0.497995,-0.5662900833333333,0.497995,0.227583,0.8,0.8,0.3,0.929,2.075,1,-0.6761,0,0,0,6.223084253206059,2,720.0,0.6781339117711928,0.9660933044114404,0.9961325004274496,2.4292338437434733,0.5935048674182072,0.01818571428571428,0.26983846258864363,0.016597510373443983,0.0,0.0,0.0,0.7966804979253111,0.5293538706480133
O15455-NMR_17L,17,L,6.174524192194895,0,2.242723471756668,0.0,0.03319502074688797,0.8049792531120332,0.016597510373443983,0.0954356846473029,0.0,0.0,0.0,0.0,0.0,0.03734439834024896,0.0,0.012448132780082987,0.0,0.0,0.0,0.0,0.0,0.0,0.0,0.9469310738224735,0.4823980163256043,0.6044441635030006,1.0063364421484835,0.8712682405938685,0.2959012448227709,0.3692323899496754,0.3927223309569949,0,0,0.3880719968974721,0.3659964313069375,0.4006781421957633,0.3958747292997986,0.11651240262620165,1.0,0.5555844147830178,0.2450744801252959,3.8,5.98,1.0,1.0,1.0,1.0,131.17,0.2450744801252959,0.4386812721972669,0.5032529574029875,0.5238905576540457,0,0.4081898945840502,0.5772588971417415,0.6805285738014535,0.2153896241402503,0.28505961596762114,0.30722262301987946,0.4517039508088226,0.22097253850036366,0.4562321764269903,0,1.58303,1.07104525,0.672488725,0.383154,0.34341625,0.30763575,0.2310027588235294,0.14117644999999998,0.383154,0.291486,0.25340300000000004,0.25340300000000004,0.24207918,0.383154,0.269349,0.0017526176470588205,0.49675325,0.0341282,-0.197526,0.133153,0.133153,0.19265234,0.964257,0.6454310000000001,0.9,0.8,0.1,1.214,2.142,0,0.2345,0,0,0,6.223084253206059,2,721.0,0.9247523260390259,-0.046237616301951306,0.08189184280187976,2.123704545397408,0.744612370840455,-0.014716666666666663,0.3095184007046884,0.0,0.0,0.0,0.0,0.8547717842323652,0.4781844759756382
O15455-NMR_18L,18,L,2.268425665522236,1,1.8060644100580392,0.004149377593360996,0.13692946058091288,0.6473029045643154,0.03319502074688797,0.05394190871369295,0.0,0.0,0.0,0.008298755186721992,0.0,0.004149377593360996,0.012448132780082987,0.0995850622406639,0.0,0.0,0.0,0.0,0.0,0.0,0.0,1.0037091509316485,0.50655333327222,0.5277011348351964,0.9681277821642026,0.9704663425514004,0.35173656604195297,0.5090571048350447,0.22499659551894768,0,0,0.3745136457998008,0.31465831404213684,0.3244647348631641,0.3490926408640447,0.31997895160882844,0.0,0.6175220513637527,0.40711305202748266,3.8,5.98,1.0,1.0,1.0,1.0,131.17,0.40711305202748266,0.4156875058060512,0.3573197118065624,0.5955858654875014,1,0.3194611340304781,0.7880532631382452,0.18315206861853164,0.0,0.3980377760259896,0.4166984830067339,0.3235916227775972,0.22097253850036366,0.6026122424938523,1,1.7099400000000002,1.2127325,0.575342,0.377805,0.32541975,0.284675375,0.21975454117647056,0.215474,0.0892432,0.313568,0.324273,0.324273,0.23563955,0.324273,0.286033,-0.0143124235294118,0.964257,-0.919591,-0.659308,0.524246,0.524246,-0.022599000000000008,0.964257,1.24188,0.9,0.8,0.0,1.131,3.321,0,0.0982,0,0,0,6.223084253206059,2,722.0,1.3575007808483035,-0.06787503904241518,0.062350987938310176,1.8127633755472232,0.7306385314511694,0.29034,0.3611416646148856,0.020746887966804985,0.0,0.0,0.0,0.8174273858921163,0.9664467918097205
