,residue_num,residue_name,interface,interface_score,conservation,A,I,L,V,F,W,Y,N,C,Q,M,S,T,D,E,R,H,K,G,P,polarity,polarity3Nmean,polarity3Cmean,polarity1mean,relative_polarity,DImax,DItop4mean,DItop8mean,DI4cum,DI8cum,MImax,MItop4mean,MItop8mean,MIall_mean,MI1mean,MI2mean,MI3mean,MI4mean,Hydrophobicity_sAA,PI_sAA,Aromatic_sAA,Polar_sAA,Small_sAA,branched,mass,MI4value,MI4_inclusive_mean,MI4_inclusive_max,MI5mean,MI_highest_face,DIall_mean,DI1mean,DI2mean,DI3mean,DI4mean,DI4value,DI4_inclusive_mean,DI4_inclusive_max,DI5mean,DI_highest_face,DImax_raw,DItop4mean_raw,DItop8mean_raw,MImax_raw,MItop4mean_raw,MItop8mean_raw,MIall_mean_raw,MI1mean_raw,MI2mean_raw,MI3mean_raw,MI4mean_raw,MI4value_raw,MI4_inclusive_mean_raw,MI4_inclusive_max_raw,MI5mean_raw,DIall_mean_raw,DI1mean_raw,DI2mean_raw,DI3mean_raw,DI4mean_raw,DI4value_raw,DI4_inclusive_mean_raw,DI4_inclusive_max_raw,DI5mean_raw,RelPos_TMD,RelPos_fullseq,residue_depth,LIPS_polarity,LIPS_entropy,LIPS_surface,rate4site,GxxxG,SmxxxSm,PolarxxxPolar,n_homologues,n_TMDs,res_num_full_seq,LIPS_L*E,LIPS_surface_ranked,LIPS_surface_ranked_norm,cons*polarity,cons4mean,rate4site4mean,polarity4mean,CS,DE,KR,QN,LIV,interface_score_norm
3h9vA2-crystal_01K,1,K,0,15.325899679953539,2.303138722774225,0.0028763183125599234,0.001917545541706616,0.0,0.005752636625119847,0.0009587727708533076,0.0,0.0,0.0,0.0,0.032598274209012464,0.009587727708533078,0.013422818791946308,0.005752636625119847,0.0,0.005752636625119847,0.08149568552253117,0.0009587727708533076,0.8389261744966443,0.0,0.0,1.870911248764944,0.7156000967409802,0.5061453263609567,1.2402555608714552,1.5313429568778862,0.4251021045061669,0.28562979720025145,0.3036597567934741,0,1,0.453841163322301,0.3899474973180842,0.35638924690925033,0.3304432921863701,0.06654762417720016,0.3085655829004913,0.3068215142871733,0.8332132959496974,-3.9,9.74,1.0,3.0,1.0,1.0,146.18,0.8521068863137763,0.3955216482597975,0.5588049239361191,0.8040629069577582,1,0.3412795719192345,0.4091950995232352,0.3398424621781017,0.0,1.0,1.0,0.7451701642293066,0.6031184436449054,0.23104086491992296,1,2.40785,1.11205025,0.7944062500000001,0.435692,0.38342,0.344611,0.2398834642857143,0.160598,0.237213,0.225734,0.435692,0.435692,0.26480925,0.435692,0.423689,0.00147617607142857,0.598046,0.488415,-0.8180270000000001,2.40785,2.40785,0.669071,2.40785,0.564418,0.0,0.9,0.0,2.181,2.009,0,-0.3904,0,0,1,10.141326603300758,3,307.0,1.5215464842013309,-0.07607732421006655,0.05871363916734298,4.308968143904424,0.8212564733808485,-0.056080000000000005,0.5735748992043033,0.013422818791946308,0.005752636625119847,0.9204218600191756,0.032598274209012464,0.007670182166826463,0.0
3h9vA2-crystal_02F,2,F,0,13.574293867454026,2.8186742016873065,0.009587727708533078,0.0009587727708533076,0.010546500479386385,0.001917545541706616,0.9702780441035476,0.0,0.001917545541706616,0.0,0.0,0.0,0.0,0.0028763183125599234,0.001917545541706616,0.0,0.0,0.0,0.0,0.0,0.0,0.0,0.4731835154436664,0.742044954067904,0.5934419483297743,1.3170399968916855,0.3543153546426642,1.0,1.0,1.0,1,1,0.1268265609715301,0.06677310959588408,0.02683180311007921,0.04030452394456238,0.0643665866572717,0.3008740869279743,0.18626505496750093,0.3642382464548761,2.8,5.48,2.0,1.0,1.0,1.0,165.19,0.3764653037727764,0.2046190167451353,0.19468504783293167,0.5033613899868848,1,0.15328397452650072,0.2728307952722121,0.7879901736327337,0.3123688859636172,0.16056783264645705,0.2396107692854492,0.2898540193394807,0.25945581761320097,1.0,1,4.52632,2.0647740000000003,1.367776375,0.306654,0.26389775,0.229740375,0.16512419642857146,0.15973749999999998,0.234589,0.184419,0.25783,0.25783,0.19926259999999998,0.25783,0.306654,-0.019359517857142856,0.08761449999999997,1.27139,-0.138888,0.0309655,0.0309655,0.2677393,1.27139,4.52632,0.1,0.9,0.1,1.5519999999999998,1.195,1,-1.2369,0,0,0,10.141326603300758,3,308.0,0.2764828797151517,0.9861758560142424,1.0,1.3337501676447696,0.7645325168321871,-0.1864333333333333,0.32063265152447434,0.0028763183125599234,0.0,0.0,0.0,0.013422818791946308,0.0
3h9vA2-crystal_03N,3,N,0,10.185076239282651,1.4173852416819572,0.015340364333652925,0.0,0.0,0.0,0.0,0.0,0.006711409395973154,0.28667305848513897,0.007670182166826463,0.0028763183125599234,0.0009587727708533076,0.3432406519654842,0.0,0.20421860019175456,0.004793863854266539,0.004793863854266539,0.02109300095877277,0.001917545541706616,0.099712368168744,0.0,1.6070252264664466,0.6201277804357275,0.5673731428692298,1.012290652721913,1.3532833490300815,0.09048155334536424,0.12856281101078953,0.24579987281473384,0,0,0.3373999604656938,0.29232035896773795,0.2832630800557436,0.2938278279939609,0.19651135381472465,0.4185020928841937,0.7854027910505467,0.4416396170563563,-3.5,5.41,1.0,3.0,1.0,1.0,132.11,0.4549669435580652,0.42525723569419466,0.4647420215324963,0.2885859706112346,0,0.24464679838270675,0.2664432538832308,0.17666978987325538,0.7913099192008672,0.3341715113532803,0.3968675112057291,0.3565200052981771,0.14787568802983814,0.2468963327389053,0,1.17479,0.902577,0.746764125,0.389745,0.34731375000000003,0.319122125,0.23044885714285715,0.21187350000000002,0.2747185,0.389745,0.287185,0.287185,0.275019,0.389745,0.223062,-0.009233707142857114,0.06370500000000001,0.20333015,0.902405,0.5225310000000001,0.5225310000000001,0.32650105,0.902405,0.6461100000000001,0.1,0.9,0.1,0.868,4.815,0,-0.1052,0,0,1,10.141326603300758,3,309.0,1.3642668872770771,-0.06821334436385387,0.0656820880351918,2.2777738390041464,0.4608631297486068,-0.10705714285714284,0.39705510684671796,0.3509108341323107,0.20901246404602108,0.006711409395973155,0.2895493767976989,0.0,0.0
3h9vA2-crystal_04I,4,I,0,8.304705834645803,1.4445114894475506,0.01725790987535954,0.5100671140939598,0.16490891658676893,0.07861936720997123,0.1227229146692234,0.0028763183125599234,0.0009587727708533076,0.0,0.0,0.0,0.026845637583892617,0.0028763183125599234,0.03835091083413232,0.0,0.0,0.0,0.0009587727708533076,0.0,0.0009587727708533076,0.032598274209012464,0.9566632162556268,0.6585199984458429,0.6033226937367218,1.1868838966595483,0.7581477645212021,0.33681054017015155,0.4934848242293455,0.5911878736484667,0,1,0.6055185836581398,0.4886210390623468,0.4785155507548553,0.4695457135689618,0.510396996986341,0.6833296204668833,0.4015188100466147,0.5184925466738438,4.5,6.02,1.0,1.0,1.0,2.0,131.17,0.5329123462091235,0.5538764740158634,0.6813321568731819,0.6182695280950437,1,0.37447860535023664,0.3073580351928564,0.6853333112018754,0.2466539904891873,0.4274639034574314,0.4813752689763682,0.4465417948413438,0.25945581761320097,0.08286040465097863,0,2.0825,1.38925725,1.031158375,0.495543,0.41991325,0.387179375,0.27572560714285715,0.335713,0.365066,0.258187,0.316332,0.316332,0.3191805714285714,0.495543,0.351377,0.0051556499999999795,0.216855,1.0920345,-0.2817625,0.7866920000000001,0.7866920000000001,0.4058494285714286,1.27139,-0.199051,0.1,0.9,0.2,1.151,4.703,0,0.7032,0,0,0,10.141326603300758,3,310.0,1.7819788940103105,-0.08909894470051552,0.0471748892800417,1.3819110074130996,0.3243440301267995,0.1121375,0.24666773837431066,0.0028763183125599234,0.0,0.0,0.0,0.7535953978906998,0.21191177066927458
3h9vA2-crystal_05I,5,I,0,5.621182526835433,1.8031436441300168,0.006711409395973154,0.6049856184084372,0.06327900287631831,0.2521572387344199,0.027804410354745925,0.0009587727708533076,0.0009587727708533076,0.001917545541706616,0.0,0.015340364333652925,0.005752636625119847,0.0028763183125599234,0.0038350910834132313,0.0009587727708533076,0.0028763183125599234,0.001917545541706616,0.0,0.0028763183125599234,0.0009587727708533076,0.0038350910834132313,0.9969632472565724,0.5061453263609567,0.6066086009837695,1.1347462857384596,0.8959422409189283,0.4740172865303464,0.6558481556893814,0.5314698520974105,1,1,1.0,0.7654413787649059,0.7234280156730437,0.7257906198773312,1.0,0.6039583064639051,0.5089779035752583,0.8976195156395987,4.5,6.02,1.0,1.0,1.0,2.0,131.17,0.7977133127068005,0.8052788294726059,1.0,1.0,1,0.7802595394220014,0.5795719696747066,0.0619488122275541,0.4790413019850913,0.5919568107585329,0.4877869274539241,0.7560468848959694,0.6576255871802827,0.1606226898630745,1,2.5881,1.605794,0.9819862499999998,0.651203,0.522292,0.472546125,0.3417515357142857,0.5288795000000001,0.337988,0.29501350000000004,0.46011850000000004,0.4153520000000001,0.405499875,0.651203,0.499949,0.05012865714285712,1.2357915000000002,0.002896999999999997,0.223484,1.2524600000000001,0.8067340666666666,0.678658125,2.5881,0.201603,0.2,0.9,0.3,1.088,3.298,1,0.11,0,0,0,10.141326603300758,3,311.0,1.298328051861499,0.9350835974069251,0.9547260040576696,1.7976679427219109,0.6291122791081994,0.0042888888888888855,0.4308914941682415,0.0028763183125599234,0.0038350910834132313,0.004793863854266539,0.01725790987535954,0.9204218600191754,0.5473521841455709
3h9vA2-crystal_06P,6,P,0,6.098918100778202,1.768520899305816,0.01821668264621285,0.0038350910834132313,0.0028763183125599234,0.007670182166826463,0.0009587727708533076,0.0,0.001917545541706616,0.016299137104506232,0.0,0.11984659635666348,0.0038350910834132313,0.031639501438159155,0.04218600191754554,0.001917545541706616,0.03547459252157239,0.0028763183125599234,0.006711409395973154,0.009587727708533078,0.0,0.6941514860977949,1.4506123937031796,0.5934419483297743,0.5331980272820156,1.2066453874734435,1.2875562958037825,0.4740172865303464,0.6415461114208277,0.7647136335227448,1,1,1.0,1.0,1.0,1.0,0.9936596567622304,1.0,1.0,0.8094101662237609,-1.6,6.3,1.0,2.0,1.0,1.0,115.13,0.6124105775265756,1.0,1.0,0.6541643505228779,0,1.0,0.5641179905886652,0.5120643155426938,0.5824257700800816,0.21776438851175786,0.19148936692051846,0.7259256465520297,0.6576255871802827,0.22158837270868964,1,2.5881,1.5867200000000001,1.174040375,0.651203,0.60904075,0.5689481249999999,0.4124063214285714,0.526378,0.4731,0.463288,0.4266645000000001,0.34605966666666665,0.472357625,0.651203,0.3653475000000001,0.0744826582142857,1.177945,0.7893100000000001,0.4482580649999999,0.19291975,-0.11945616666666667,0.65210820375,2.5881,0.5157160000000001,0.2,0.9,0.4,0.93,3.303,1,0.1183,0,0,1,10.141326603300758,3,312.0,1.1111929661600468,0.9444403516919976,0.963017233826774,2.5654383350561094,0.6697981994600143,-0.1959111111111111,0.3893164327218173,0.031639501438159155,0.037392138063279005,0.012464046021093002,0.1361457334611697,0.014381591562799619,0.48763523740272474
3h9vA2-crystal_07T,7,T,0,7.010628787776457,1.8086566665582904,0.029721955896452545,0.013422818791946308,0.2751677852348993,0.00862895493767977,0.07574304889741132,0.0,0.0,0.0,0.0,0.0,0.01917545541706616,0.00862895493767977,0.5695110258868649,0.0,0.0,0.0,0.0,0.0,0.0,0.0,1.1723605214605788,0.5673731428692298,0.6011466045968374,1.2132172019675391,1.003286871276964,1.0,0.6240723335224124,0.5109374319233196,1,1,0.3673243891189424,0.3255375829839125,0.3085546186061089,0.3341027733730648,0.4239843157929422,0.6567919075144509,0.5064261276179778,0.2604220596147439,-0.7,5.66,1.0,2.0,2.0,2.0,119.12,0.2465411454580607,0.47633649320519,0.4889154115597446,0.3658225947122421,0,0.3421074977341658,0.1986406621595844,0.20476474069562986,0.4229081892430032,0.2252047605921657,0.4006181259262129,0.09324227162460316,0.033002752421750145,0.6117463839394195,0,4.52632,1.563416,0.96507975,0.401553,0.35959875,0.32793775,0.2408263928571429,0.30162,0.3560125,0.29413900000000004,0.218457,0.209246,0.292557125,0.401553,0.253123,0.0015679357142857064,-0.19009,0.25241585,0.1014418,0.21398745,0.5342549666666666,0.094438775,0.5225310000000001,2.5259240000000003,0.2,0.9,0.4,1.081,3.2710000000000004,0,-0.6442,0,0,1,10.141326603300758,3,313.0,1.281088504189303,-0.06405442520946515,0.0693673995491617,2.120397672749429,0.5253804394731962,-0.08802222222222221,0.41426634271866175,0.00862895493767977,0.0,0.0,0.0,0.2972195589645254,0.37367140152794287
3h9vA2-crystal_08L,8,L,0,4.467983213934448,1.1502407515668451,0.12751677852348994,0.3029721955896453,0.21284755512943432,0.13998082454458294,0.027804410354745925,0.0009587727708533076,0.0,0.0,0.0,0.0,0.10067114093959732,0.03068072866730585,0.052732502396931925,0.0,0.0,0.0,0.0,0.0,0.0038350910834132313,0.0,1.0166786907388583,0.6033226937367218,0.5898687122305162,1.0663960545640312,0.8520667226183273,0.059181264331944775,0.17509731711075308,0.2715050200835221,0,0,0.4917662204696472,0.4159135784359783,0.3594468244729571,0.3714144565640637,0.4148166078213198,0.6562818769126146,0.5101115398924723,0.4717300425819601,3.8,5.98,1.0,1.0,1.0,1.0,131.17,0.3813591208672093,0.5328471426324145,0.5894413383803747,0.19126746453778848,1,0.3122857727412711,0.3583525729426529,0.11240452946994396,0.7522179860976002,0.3459910575116673,0.26976191793153503,0.5171081766925024,0.1921965728690202,0.17890909521432402,1,1.05945,0.9646379999999999,0.767929875,0.450657,0.39302325,0.34567675000000003,0.2504403928571429,0.298003,0.35583849999999995,0.295402,0.298597,0.25966,0.311960125,0.450657,0.185185,-0.0017372285714285624,0.407735,0.09105000000000002,0.8174130000000002,0.5559985000000001,0.1252143333333334,0.4680491250000001,1.0489700000000002,0.2958199,0.3,0.9,0.5,1.501,6.345,0,0.1939,0,0,0,10.141326603300758,3,314.0,2.7733483188506933,-0.13866741594253465,0.003251155488455489,1.1694252613374605,0.530652846261259,-0.04251111111111112,0.35697630019098514,0.03068072866730585,0.0,0.0,0.0,0.6558005752636625,0.691502098258194
3h9vA2-crystal_09L,9,L,1,3.2953901134767034,1.5557281450695533,0.0,0.4793863854266539,0.11697027804410355,0.2396931927133269,0.0028763183125599234,0.0,0.0,0.0028763183125599234,0.0,0.004793863854266539,0.07190795781399809,0.001917545541706616,0.07094918504314478,0.0,0.0,0.0028763183125599234,0.0,0.0038350910834132313,0.001917545541706616,0.0,1.0101489514926567,0.6066086009837695,0.6280846861024703,1.2022932091936749,0.8181375585806525,0.4541391335024898,0.455538555496528,0.4013161200569403,1,1,0.7101527139287472,0.6374590783944061,0.5996370068015503,0.716803531752791,0.6905993607697126,0.3893365498481634,0.95342315857048,0.7696191907937853,3.8,5.98,1.0,1.0,1.0,1.0,131.17,0.6169032620722846,0.7386400666926434,0.7658571337909519,0.628296337767183,1,0.5971498859975087,0.4376012851221939,0.08595667423715153,0.3065091734405565,0.610851132696942,0.5194429649493437,0.5260005102473494,0.6354749726783888,0.049211399509189305,1,2.51485,1.33865,0.874817,0.5368310000000001,0.47495925,0.4293975,0.3394358571428571,0.4068095000000001,0.2647685,0.447326,0.4115735,0.3477396666666667,0.382619375,0.5368310000000001,0.3552795,0.02983447607142857,0.7043745,0.04484200000000002,-0.151627935,1.30596,0.9056870000000001,0.47588714125,2.51485,-0.3724205,0.3,0.9,0.6,1.662,4.115,1,0.319,0,0,0,10.141326603300758,3,315.0,2.351129742322453,0.8824435128838773,0.9080804448660652,1.571517154549625,0.5919177938082402,-0.0776111111111111,0.3659098160195196,0.001917545541706616,0.0,0.006711409395973155,0.007670182166826463,0.8360498561840843,0.8380762358154121
3h9vA2-crystal_10N,10,N,1,3.3293460318807355,1.4409886941470051,0.062320230105465,0.0009587727708533076,0.0,0.005752636625119847,0.010546500479386385,0.0,0.14381591562799614,0.5234899328859061,0.0,0.007670182166826463,0.0009587727708533076,0.10642377756471716,0.099712368168744,0.0,0.0,0.009587727708533078,0.010546500479386385,0.016299137104506232,0.001917545541706616,0.0,1.58005198534951,0.5331980272820156,0.5790887127819597,1.1797374244610324,1.4205437576812523,0.2330452244942265,0.3483320842601406,0.3411300725144259,0,0,0.858832116048394,0.661163359928293,0.6269680062485611,0.6315565537112445,0.4378359951031209,0.438388889540269,0.3981120651293761,1.0,-3.5,5.41,1.0,3.0,1.0,1.0,132.11,1.0,0.6032662910721479,0.8859625238755219,0.6490552381505399,0,0.7166061497377118,0.2255602640132124,0.2023626094362431,0.5053130017749409,0.3556504705833949,0.4666575940177504,0.2762081219238736,0.17142458842192673,0.30604602767079203,0,1.70013,1.1956735,0.8252594999999999,0.595499,0.483726,0.438924,0.31747050000000004,0.307085,0.281503,0.2570195,0.498947,0.4909953333333334,0.336138625,0.595499,0.363359,0.04307390392857143,-0.08932599999999999,0.2482190000000001,0.2806028,0.5833495,0.7406863333333332,0.25571132500000004,0.980279,0.9508665000000001,0.3,0.9,0.6,0.457,4.688,0,-0.6446,0,0,1,10.141326603300758,3,316.0,0.7060677658895431,-0.03530338829447716,0.09484433801514937,2.2768370470531734,0.5451964557312612,-0.11616666666666667,0.4774940012473219,0.10642377756471716,0.0,0.025886864813039312,0.5311601150527325,0.006711409395973154,0.8338317460149081
3h9vA2-crystal_11I,11,I,0,5.5906773292687895,1.502382047018519,0.007670182166826463,0.42953020134228187,0.27325023969319273,0.13806327900287632,0.08245445829338446,0.0,0.0,0.0,0.0038350910834132313,0.0,0.024928092042186004,0.00862895493767977,0.031639501438159155,0.0,0.0,0.0,0.0,0.0,0.0,0.0,0.9490113365409302,0.6011466045968374,0.6320504287206727,1.2561693722049403,0.7695536973422067,0.09048155334536424,0.04222342276547425,0.0,0,0,0.1277186171102449,0.004581732689898861,0.0,0.046445721620596264,0.09622291445415776,0.07118151227004656,0.22283905136379206,0.0,4.5,6.02,1.0,1.0,1.0,2.0,131.17,0.0,0.0940374573455162,0.09412636574126199,0.3195849350428455,1,0.0,0.16471351905589576,0.00304269387157038,0.6558512103771715,0.17133263418456082,0.1925395676208848,0.057642265838585435,0.1921965728690202,0.13541982868983354,0,1.17479,0.78743,0.54437125,0.307006,0.24089699999999997,0.220387875,0.1667065821428571,0.172306,0.156228,0.196953,0.11969015,0.11705410000000002,0.16129428750000002,0.20871,0.235127,-0.03634809642857142,-0.31708425,-0.10002,0.6078965000000001,0.061446449999999986,-0.11617336666666668,0.06305967500000002,1.0489700000000002,0.07175050000000002,0.4,0.9,0.7,1.743,4.468,0,-0.0428,0,0,0,10.141326603300758,3,317.0,2.6091679559437213,-0.13045839779718607,0.010525350529615774,1.4257775944361433,0.5527744203362192,-0.0823111111111111,0.34269988397323536,0.012464046021093002,0.0,0.0,0.0,0.8408437200383508,0.5511653338414013
3h9vA2-crystal_12G,12,G,1,3.0575809065337918,2.1811233753369352,0.0613614573346117,0.005752636625119847,0.0,0.16874400767018216,0.0,0.0,0.0,0.0,0.0009587727708533076,0.0,0.0028763183125599234,0.011505273250239692,0.0028763183125599234,0.0,0.0,0.0,0.0,0.0,0.7449664429530202,0.0,1.2394447947243816,0.5898687122305162,0.5859641458928774,1.1581774255639194,1.0540994718437375,0.09467156949212333,0.17673417160578564,0.2331299249564424,0,0,0.2965072961068846,0.3300679418637742,0.3293394040198216,0.28307489673941216,0.06504839850254861,0.3884029593499749,0.3628890947687864,0.36368716873538337,-0.4,5.97,1.0,2.0,3.0,1.0,75.06,0.3602827253515859,0.2992565156588751,0.39938706699067095,0.1927538218460096,1,0.1988902880370882,0.3537523649892363,0.2386989335689952,0.3028629717173139,0.4172487854217769,0.3637041428809548,0.35493940139108343,0.2349132391425701,0.15605695484650325,1,1.19023,0.966821,0.736331625,0.373609,0.36127425,0.3351825,0.2276781785714285,0.1600065,0.26445,0.2449485,0.257621,0.25177866666666665,0.2317565,0.357821,0.18576350000000005,-0.014304935714285719,0.39051575,0.3117035000000001,-0.15955534999999998,0.7577674999999999,0.4188663333333333,0.32510785,1.19023,0.178079,0.4,0.9,0.8,0.638,2.267,1,-1.2797,0,1,1,10.141326603300758,3,318.0,0.5221758030332,0.97389120984834,0.9891142995861142,2.7033820142130383,0.5604106344859411,-0.2725333333333333,0.3889218984044695,0.012464046021093,0.0,0.0,0.0,0.17449664429530198,0.867802386683276
3h9vA2-crystal_13A,13,A,1,3.2953901134767034,1.9683883550745915,0.2233940556088207,0.005752636625119847,0.0009587727708533076,0.0,0.0,0.0,0.0,0.0009587727708533076,0.0,0.0,0.0,0.5781399808245445,0.18696069031639492,0.0,0.0,0.0,0.0,0.0,0.0028763183125599234,0.0,1.2860761454264469,0.6280846861024703,0.5789803883513005,1.2641008574413457,1.0654571759591591,0.4541391335024898,0.3122656113216643,0.3767146214932776,1,1,0.20779079256146826,0.06486416697029036,0.04306715983822019,0.0748324954333755,0.10052669331393513,0.0,0.1976583188042106,0.2991214265477341,1.8,6.0,1.0,2.0,3.0,1.0,89.09,0.3530543168235793,0.1539093516380112,0.3600418448587532,0.0,0,0.04553020003186091,0.2612193058993691,0.2797429621964174,0.4730691021853527,0.5201039999985875,0.4810155834475173,0.4646009165165564,0.6354749726783888,0.03223097603940149,1,2.51485,1.14757325,0.8545599999999999,0.338602,0.26319175,0.235399375,0.17402092499999994,0.174004,0.131944,0.18832349999999998,0.233134,0.2490756666666667,0.181851375,0.338602,0.11074245,-0.03130195000000004,0.044151,0.383413,0.21049949999999995,1.0490059999999999,0.7855676666666668,0.421767375,2.51485,-0.45990859999999995,0.4,0.9,0.9,0.639,2.7910000000000004,1,-1.1275,0,0,0,10.141326603300758,3,319.0,0.6558695709601244,0.9672065214519938,0.9831908473140596,2.531497308396635,0.5505048415912247,-0.18131111111111112,0.3804987771752629,0.5781399808245445,0.0,0.0,0.0009587727708533076,0.006711409395973154,0.8380762358154121
3h9vA2-crystal_14G,14,G,0,5.832555529097002,1.6972585081285303,0.224352828379674,0.0009587727708533076,0.0009587727708533076,0.020134228187919462,0.0,0.0,0.001917545541706616,0.007670182166826463,0.011505273250239692,0.0,0.0038350910834132313,0.05177372962607862,0.12847555129434324,0.0,0.0,0.0,0.0,0.0,0.5474592521572388,0.0,1.2667816321732082,0.5790887127819597,0.5558940992654763,1.1719282917857547,1.1161240670138568,0.33681054017015155,0.534228292088924,0.6161218331012941,0,1,0.5536906288488929,0.49632373071200697,0.5018737793537847,0.4998289530051345,0.07908763943559162,0.5619613900971989,0.4225005653591672,0.5663954388694628,-0.4,5.97,1.0,2.0,3.0,1.0,75.06,0.5168661528544992,0.41725304086409776,0.5275134040710707,0.5248628266918941,0,0.4391166720797359,0.03228941644274625,0.3745787391479541,0.3742774785813536,0.2615706973435113,0.26658841027111296,0.0,0.3150032084371312,0.0011708381434902926,0,2.0825,1.4435950000000002,1.0516891250000002,0.475092,0.422762,0.395321125,0.2835286071428572,0.16554549999999998,0.3236605,0.2653775,0.3344995,0.3103316666666667,0.27227075,0.420407,0.3150225,0.012319535714285727,-0.812767,0.549104,-0.004289000000000001,0.316959,0.11529433333333332,0.012251750000000013,1.45508,-0.6199395000000001,0.5,0.9,0.9,0.546,3.6189999999999998,0,-0.5192,0,0,1,10.141326603300758,3,320.0,0.7022639685415566,-0.03511319842707783,0.09501286952108824,2.150055903146924,0.5049088714423091,-0.18844444444444444,0.4230034077213776,0.06327900287631831,0.0,0.0,0.007670182166826463,0.022051773729626082,0.5209305588628748
3h9vA2-crystal_15L,15,L,0,3.5433606929015853,1.6639310694491631,0.045062320230105465,0.12080536912751676,0.5973154362416108,0.10450623202301054,0.07861936720997123,0.0,0.0009587727708533076,0.0,0.006711409395973154,0.0,0.04218600191754554,0.0009587727708533076,0.0028763183125599234,0.0,0.0,0.0,0.0,0.0,0.0,0.0,0.9629270977576097,0.6320504287206727,0.5554390916341546,1.1579607767026008,0.8108931331620363,0.2330452244942265,0.3547042320899212,0.4336571259499993,0,0,0.0,0.0,0.004210893238686828,0.0,0.0,0.008682245072635453,0.0,0.017142735853024126,3.8,5.98,1.0,1.0,1.0,1.0,131.17,0.07598609300195748,0.0,0.0,0.14275466330152975,1,0.07614753966901884,0.0,0.5333153801421298,0.2853787237996152,0.3116298789509661,0.3764743121136893,0.029762580405083658,0.18150379841459047,0.2689564178427775,1,1.70013,1.20417175,0.90144675,0.25660900000000003,0.2392025,0.221855625,0.15473903928571436,0.13434249999999998,0.13490600000000005,0.1205855,0.12619165,0.14546843333333334,0.1290064125,0.162732,0.16630350000000002,-0.02790860714285716,-0.933631,0.8264385000000001,-0.19756885,0.4587035,0.4587843333333333,0.038485537500000035,1.01361,0.75977,0.5,0.9,1.0,1.679,3.77,0,-0.0538,0,0,0,10.141326603300758,3,321.0,2.2281589274512044,-0.1114079463725602,0.027406382686110533,1.6022443155733983,0.5790052579684802,-0.022311111111111108,0.3590857175302919,0.007670182166826463,0.0,0.0,0.0,0.8226270373921379,0.8070799133873019
3h9vA2-crystal_16A,16,A,1,3.0575809065337918,1.7123315834696895,0.5110258868648131,0.001917545541706616,0.0009587727708533076,0.00862895493767977,0.0,0.0,0.0,0.0,0.0,0.0,0.0009587727708533076,0.1888782358581016,0.1716203259827421,0.0,0.0,0.0,0.0,0.0009587727708533076,0.11409395973154365,0.0009587727708533076,1.2441736001769852,0.5859641458928774,0.5680489955170049,1.1117881985309526,1.0781277574161343,0.7812670456858302,0.793925417770931,0.7088290833749665,1,1,0.4427031328403373,0.4323876721783104,0.3534388961449276,0.3580282845101502,0.3522394604308342,0.627561877850602,0.2402988014385655,0.25789474863802725,1.8,6.0,1.0,2.0,3.0,1.0,89.09,0.19970134344639007,0.3813615846776716,0.5498074604224202,0.2045496151079678,1,0.1341694052024554,0.6201864688152692,0.7039829755668704,0.3805704923793452,0.25228793463341576,0.21447378407016668,0.7838057304833225,1.0,0.05278621630916881,1,3.7203,1.7899415,1.1280247499999998,0.431297,0.39911599999999997,0.343582625,0.2469912142857143,0.273314,0.34604050000000003,0.2029365,0.2174985,0.1917306666666667,0.259947375,0.431297,0.1903545,-0.02147800000000001,1.3878175,1.1246180000000001,0.009393000000000012,0.29067449999999995,-0.047609666666666696,0.70312575,3.7203,-0.354002,0.5,0.9,0.9,0.6990000000000001,3.591,1,-1.367,0,1,1,10.141326603300758,3,322.0,0.8936230699555182,0.9553188465022241,0.9726569119956758,2.1304377509022414,0.5834229342606987,-0.2355333333333333,0.39135262908879387,0.1888782358581016,0.0,0.0009587727708533076,0.0,0.011505273250239692,0.867802386683276
3h9vA2-crystal_17L,17,L,0,4.548158308590414,1.4304270741768768,0.0,0.050814956855225316,0.4707574304889741,0.009587727708533078,0.0987535953978907,0.04218600191754554,0.15915627996164908,0.0,0.005752636625119847,0.0,0.0038350910834132313,0.15532118887823587,0.0,0.0,0.0,0.001917545541706616,0.0,0.0,0.001917545541706616,0.0,1.1282638976582626,0.5789803883513005,0.5530975570569243,1.1108781832683092,0.99663093184932,0.7812670456858302,0.9030248066310976,0.6584324150277793,1,1,0.4427031328403373,0.29517904110783555,0.2579242039217037,0.2239721133173969,0.5603568233144169,0.10810743472194544,0.351705925693568,0.09668078506690124,3.8,5.98,1.0,1.0,1.0,1.0,131.17,0.07335885308894795,0.29539494490644913,0.5498074604224202,0.25508704825239964,0,0.1785064571733281,1.0,0.2292466070185721,0.31687888685131754,0.030804278310183675,0.1407281201709245,0.7346397395611306,1.0,0.012779749284396135,0,3.7203,1.9354425,1.0865278750000005,0.431297,0.348371,0.31029,0.212449325,0.3554240000000001,0.16882550000000002,0.241116,0.156357,0.144486,0.230430625,0.431297,0.210024,-0.01656409107142861,2.809515,0.29518900000000003,-0.12908255000000002,-0.336465,-0.27812966666666666,0.6597891125,3.7203,-0.560127,0.6,0.9,0.9,1.426,4.762,0,-0.8233,0,0,0,10.141326603300758,3,323.0,2.225512208740221,-0.11127561043701104,0.0275236485258364,1.6138992260267078,0.5387108158962974,-0.3175555555555556,0.4030446968738399,0.16107382550335572,0.0,0.001917545541706616,0.0,0.5311601150527325,0.6814802114261983
3h9vA2-crystal_18L,18,L,0,6.785918139795086,1.4059326407052457,0.0009587727708533076,0.060402684563758385,0.3978906999041227,0.11409395973154365,0.22627037392138066,0.0009587727708533076,0.05944391179290509,0.0,0.0,0.0,0.1361457334611697,0.0,0.0038350910834132313,0.0,0.0,0.0,0.0,0.0,0.0,0.0,0.96019705196968,0.5558940992654763,0.5952417531919526,1.13609799103401,0.834130089789024,0.286940121304224,0.3905560693897336,0.4571824531696958,0,1,0.05814077254089019,0.09660912574618764,0.1281173771249017,0.10439853089059097,0.30503222764911797,0.2318308926121774,0.10225195322473572,0.30361442383967485,3.8,5.98,1.0,1.0,1.0,1.0,131.17,0.4561034857794498,0.24767886177189485,0.23915237547367205,0.07181662281891202,1,0.07397198958890071,0.6256027683665023,0.5300182698999962,0.4798020566132069,0.0,0.20983999368454911,0.5619278330427561,0.4491618449390457,0.06235370588468199,0,1.89873,1.25198575,0.920817625,0.27955100000000005,0.27493225,0.2650445,0.181639125,0.25468900000000005,0.2110345,0.1556275,0.23483800000000002,0.28761,0.21404725,0.27955100000000005,0.13869395,-0.02814972499999998,1.4080915,0.820678,0.2251380000000001,-0.4236885,-0.06209433333333336,0.5075547499999999,1.89873,-0.30470749999999996,0.6,0.9,0.8,1.64,4.9430000000000005,0,-0.5322,0,0,0,10.141326603300758,3,324.0,2.6206747922927085,-0.13103373961463546,0.010015527244862321,1.3499723768731242,0.5121976220010372,-0.1080777777777778,0.39259700516491625,0.0,0.0,0.0,0.0,0.5723873441994247,0.4017602325256142
3h9vA2-crystal_19G,19,G,0,5.546602924313222,2.0447342052486395,0.0987535953978907,0.0,0.0009587727708533076,0.0038350910834132313,0.0009587727708533076,0.0,0.0,0.005752636625119847,0.0,0.0,0.0,0.09683604985618408,0.01917545541706616,0.001917545541706616,0.0,0.009587727708533078,0.0009587727708533076,0.01917545541706616,0.7420901246404602,0.0,1.3198330234740874,0.5554390916341546,0.5930019763364979,1.1061951141138486,1.149238790115972,0.020646955861002188,0.032784141031923175,0.029253066648085406,0,0,0.32176870403503344,0.3344725701032816,0.3273085499565715,0.4348247190705055,0.2545654780160036,0.23603571386697,0.5233752307030148,0.3290167336463401,-0.4,5.97,1.0,2.0,3.0,1.0,75.06,0.3162401543130173,0.3463223899347669,0.3921133496154327,0.3730051562595748,1,0.4457865265112253,0.3960362486528711,0.016970058427048598,0.4892698641358467,0.2380684564239547,0.2925240509172669,0.26100343161905537,0.1524261651223228,0.0,1,0.917453,0.77484125,0.5684583750000001,0.383577,0.36290325,0.334474625,0.2667791428571428,0.23477800000000001,0.212469,0.2999475,0.24447199999999997,0.2353093333333333,0.247916625,0.354268,0.2559185,0.013058760714285713,0.5487905000000001,-0.075687,0.24572249999999998,0.25041149999999995,0.196366,0.242309375,0.917453,-0.625972,0.6,0.9,0.7,0.4270000000000001,2.575,1,-0.1042,0,0,0,10.141326603300758,3,325.0,0.40387775106740376,0.97980611244663,0.9943556274023776,2.698707728314197,0.5574299785555369,0.07362222222222221,0.3601842732373346,0.09683604985618408,0.001917545541706616,0.028763183125599237,0.005752636625119847,0.004793863854266539,0.5566746344608472
3h9vA2-crystal_20L,20,L,0,4.237659023564778,1.3573514495396637,0.17833173537871524,0.13039309683604985,0.3317353787152445,0.26558005752636626,0.005752636625119847,0.0,0.0,0.0,0.006711409395973154,0.0,0.050814956855225316,0.0009587727708533076,0.01725790987535954,0.0,0.0,0.0,0.0,0.0,0.010546500479386385,0.0,1.0385552668977784,0.5680489955170049,0.5797258215042537,1.1904835063839052,0.9048423536535412,0.059181264331944775,0.07427292880357776,0.09480782622041607,0,0,0.2855339919005357,0.3018089664873765,0.269974487911344,0.2408541973682311,0.15576739317225005,0.2648656333173094,0.3573317965290593,0.1821663867112749,3.8,5.98,1.0,1.0,1.0,1.0,131.17,0.17384879638395942,0.2431179342347597,0.3340403012666054,0.12883660359775548,0,0.26695475027588145,0.23485084471725115,0.26455067035422536,0.4152514974769532,0.039595241244291764,0.0,0.007526049134068539,0.131181835830834,0.08461981580236523,1,1.05945,0.8301729999999999,0.6224365,0.369279,0.350823,0.31449025,0.21679928571428567,0.1957985,0.22230450000000002,0.243044,0.188778,0.18206333333333333,0.21248125,0.325901,0.1608865,-0.00676130000000001,-0.05455000000000002,0.35687,0.08479495000000001,-0.31157305,-0.7180287,0.018885475,0.8472,-0.189986,0.7,0.9,0.6,1.515,5.093,1,0.5269,0,0,0,10.141326603300758,3,326.0,2.466218577572238,0.8766890711213879,0.9029813049942568,1.4096844969507518,0.4915381739087476,0.03246666666666668,0.3583137340535724,0.007670182166826463,0.0,0.0,0.0,0.7277085330776606,0.7202926220544027
3h9vA2-crystal_21V,21,V,0,7.021852604548174,1.4495819138152086,0.436241610738255,0.031639501438159155,0.0028763183125599234,0.11409395973154365,0.0,0.0,0.0,0.0,0.040268456375838924,0.0,0.0009587727708533076,0.01821668264621285,0.08724832214765099,0.0,0.0028763183125599234,0.0,0.0009587727708533076,0.0,0.26174496644295303,0.0009587727708533076,1.2130622287798496,0.5530975570569243,0.5345645732755101,1.1860039526729955,1.1152932468183734,0.10760525923011163,0.15307907476855898,0.17643001068277298,0,0,0.2582705261610667,0.23725912611797184,0.2455644325478881,0.2695549696917421,0.3063134763026029,0.4450456682573368,0.2813591963875372,0.2912244037253381,4.2,5.96,1.0,1.0,1.0,2.0,117.14,0.29656950552925565,0.34228061012016964,0.4008201100986548,0.2996109649233807,0,0.2503910136624563,0.3761440243046891,0.3010340923660207,0.7542001336610006,0.09597309024758098,0.15480309584629753,0.4299014022867816,0.24932550244851226,0.167615791185748,0,1.23789,0.93527325,0.689644625,0.358521,0.32695,0.305981875,0.2241945357142857,0.2551945,0.283774,0.217008,0.23013899999999998,0.2279536666666667,0.246528875,0.358521,0.2273530000000001,-0.008597071428571438,0.4743310000000001,0.42061149999999997,0.8217225000000001,-0.151937,-0.23413299999999998,0.39118200000000003,1.23789,0.23763350000000005,0.7,0.9,0.6,0.825,4.673,0,-0.9072,0,0,0,10.141326603300758,3,327.0,1.2719860425675884,-0.06359930212837941,0.06977069431607939,1.7584330671716368,0.5331098724585817,-0.25373333333333337,0.3856327269117348,0.058485139022051776,0.0028763183125599234,0.0,0.0,0.14860977948226273,0.37226842443147823
3h9vA2-crystal_22N,22,N,0,9.145840639328897,1.5065874491755584,0.13710450623202305,0.005752636625119847,0.0,0.04314477468839885,0.0,0.0009587727708533076,0.0,0.023969319271332692,0.0009587727708533076,0.016299137104506232,0.001917545541706616,0.13135186960690318,0.5599232981783318,0.001917545541706616,0.0038350910834132313,0.0009587727708533076,0.0,0.011505273250239692,0.004793863854266539,0.054650047938638535,1.3063943623413583,0.5952417531919526,0.5050602488465339,1.1594516430085071,1.187305267027646,0.11258768775695736,0.31414053329364283,0.4796423874578145,0,0,0.7215238954469659,0.6646824659158428,0.6478241566558437,0.6606666301762711,0.6967888943242333,0.5936477740388562,0.6757946031908141,0.2828764991324481,-3.5,5.41,1.0,3.0,1.0,1.0,132.11,0.1957390452706606,0.5874825256369234,0.60853151978316,0.6623592280242971,1,0.7837382347517755,0.4711805256861474,0.3816136809040624,0.5835185775452278,0.04949217536685446,0.029872890887715286,0.4281480120065541,0.2548775199536969,0.10778591353129828,1,1.25625,1.15007375,0.9393112500000002,0.5413180000000001,0.48502749999999994,0.446193625,0.3249712142857142,0.4092515,0.3344705,0.352182,0.226973,0.190249,0.33071925,0.459982,0.368537,0.05051420357142857,0.8300665,0.5613950000000001,0.450634,-0.2835495,-0.6246496666666667,0.3896365,1.25625,-0.07062750000000001,0.7,0.9,0.5,0.698,4.4030000000000005,0,0.0787,0,0,1,10.141326603300758,3,328.0,1.0346357164879845,-0.051731785824399225,0.08028676660643196,1.9681973499771968,0.6185171764672561,-0.19176666666666667,0.4615203987577215,0.13231064237775647,0.005752636625119847,0.012464046021093,0.040268456375838924,0.0488974113135187,0.10676992008388786
3h9vA2-crystal_23V,23,V,0,8.77661831231141,1.3082045323020297,0.028763183125599237,0.12943432406519656,0.07574304889741132,0.3998082454458293,0.26174496644295303,0.005752636625119847,0.011505273250239692,0.0009587727708533076,0.0,0.0009587727708533076,0.03835091083413232,0.004793863854266539,0.03355704697986577,0.0009587727708533076,0.0009587727708533076,0.0,0.001917545541706616,0.0009587727708533076,0.0,0.0038350910834132313,0.9588983379043144,0.5930019763364979,0.6597592216138907,1.0691291465510202,0.7654278720263241,0.15028969185470625,0.20754628912788955,0.3280640559530161,0,0,0.8184665757715527,0.6618967886636927,0.6281234736318901,0.6708557113638757,0.683036065058537,0.6622967205618545,0.5507356964130695,0.6984668833272226,4.2,5.96,1.0,1.0,1.0,2.0,117.14,0.6348748916607839,0.6841412057049311,0.60853151978316,0.4388044086102868,1,0.6466082343511966,0.4921909270971529,0.41181739715740495,0.5875042602719123,0.14500014744634412,0.17985503830757518,0.5445816921889611,0.29688960012773263,0.2105691991059513,1,1.39518,1.0079137500000002,0.8145008750000002,0.5795710000000001,0.48399725,0.43932675,0.32759660714285715,0.4038255,0.3578905,0.309324,0.3845885,0.35446,0.363907125,0.459982,0.281528,0.035315982142857104,0.9087115,0.614165,0.4592995,-0.013114999999999988,-0.15582366666666667,0.49226525,1.39518,0.4589420000000001,0.8,0.9,0.4,1.7109999999999999,5.376,1,0.8206,0,0,0,10.141326603300758,3,329.0,2.877807216110872,0.8561096391944565,0.8847454089318753,1.2544351516633074,0.4919654669267803,0.2204,0.36565631456120734,0.004793863854266539,0.0019175455417066152,0.0009587727708533076,0.0019175455417066152,0.6049856184084372,0.1529227109610738
3h9vA2-crystal_24I,24,I,0,10.210553608889184,1.3541605321693757,0.04122722914669223,0.1610738255033557,0.32502396931927136,0.2301054650047939,0.20134228187919465,0.0009587727708533076,0.0,0.0,0.00862895493767977,0.0,0.01821668264621285,0.006711409395973154,0.0038350910834132313,0.0,0.0,0.0,0.0,0.0,0.0009587727708533076,0.001917545541706616,0.942094739407388,0.5797258215042537,0.6714393433247369,1.0101204976930678,0.7529739205424199,0.3218442584024207,0.4825235977356969,0.481874277865346,0,1,0.2993405880474613,0.2177972397392644,0.1969035482387908,0.23063101905268504,0.40718741208048936,0.5243627548687404,0.3732771135314157,0.2336565575545965,4.5,6.02,1.0,1.0,1.0,2.0,131.17,0.2506710278985905,0.3980001599673978,0.4339971052529217,0.2999385544770508,0,0.2053635106111744,0.4983634087476149,1.0,0.6594585855575287,0.1904113081987054,0.2421103757694329,0.9234418949094672,0.4880562072220983,0.12109542704489573,0,2.02735,1.37463875,0.941149,0.374727,0.31975225,0.289020625,0.2141651071428572,0.294993,0.3108335,0.2485085,0.208306,0.21079033333333333,0.26566025,0.374727,0.2274805,-0.013587503571428568,0.931816,1.6418,0.6157395,0.11546845,0.03877896666666667,0.8262059875,2.02735,-0.002053000000000027,0.8,0.9,0.4,1.734,5.164,0,1.1323,0,0,0,10.141326603300758,3,330.0,2.8467276941549438,-0.14233638470774715,0.0,1.275747513669878,0.4802688231463258,0.2481777777777777,0.32476666023447515,0.015340364333652925,0.0,0.0,0.0,0.7162032598274208,0.0
3h9vA2-crystal_25C,25,C,0,12.500125519369796,1.917979864135149,0.03068072866730585,0.11984659635666348,0.022051773729626082,0.060402684563758385,0.0028763183125599234,0.001917545541706616,0.0,0.0,0.7152444870565676,0.0,0.0028763183125599234,0.014381591562799615,0.024928092042186004,0.0,0.0,0.0,0.0,0.001917545541706616,0.0028763183125599234,0.0,1.1293684157675008,0.5345645732755101,0.6402529299976716,1.3195184432277811,0.9613139169453516,0.12527442706142555,0.18493700209686825,0.23718458152662106,0,0,0.8953025134695407,0.5697997705753798,0.5337298214584137,0.5669370906187587,0.35314938776337845,0.6707605904630142,0.5186699834404476,0.5964502684658168,2.5,5.05,1.0,1.0,1.0,1.0,121.15,0.5173163127147341,0.5553048323660718,0.5196500918171192,0.2702743568935312,1,0.4277046450164512,0.4111089976185807,0.3162724596139052,0.4957841131068271,0.354348881359021,0.3230877235682029,0.5227234501910378,0.2400177083957029,0.08279616139768475,0,1.3030000000000002,0.97776075,0.7396702500000001,0.6098899999999999,0.44993625,0.406424875,0.30082017857142856,0.273673,0.360778,0.298335,0.34589800000000004,0.31050000000000005,0.319671,0.416566,0.215935,0.011054732142857182,0.60521,0.4472350000000001,0.2598855,0.5796640000000001,0.2919043333333334,0.472998625,1.20711,-0.199382,0.8,0.9,0.3,1.1159999999999999,2.949,0,-0.5531,0,0,0,10.141326603300758,3,331.0,1.2069162008937833,-0.06034581004468916,0.07265368660122178,2.16610588063228,0.5536361798906384,-0.2222222222222222,0.3681233715836174,0.7296260786193672,0.0,0.001917545541706616,0.0,0.20230105465004794,0.0
3h9vA2-crystal_26D,26,D,0,13.496433936414466,2.6541344983245017,0.0009587727708533076,0.0,0.005752636625119847,0.0,0.0009587727708533076,0.0,0.0,0.013422818791946308,0.0009587727708533076,0.0,0.0,0.0009587727708533076,0.0009587727708533076,0.9328859060402684,0.037392138063279005,0.0009587727708533076,0.0,0.001917545541706616,0.001917545541706616,0.0,1.887092174508456,0.5050602488465339,0.4875175175304634,1.3428786866494735,1.90120334993652,0.3218442584024207,0.5388599229711118,0.5277904664486999,0,1,0.15466276730006034,0.1767590291161068,0.1880521373277647,0.2358323557321753,0.3827068183719145,0.2220890149960722,0.5171555503680304,0.3458971143171177,-3.5,2.77,1.0,3.0,2.0,1.0,133.1,0.3578634503799482,0.3867560506388816,0.2913110501954057,0.3250267756285191,1,0.2207297005650312,0.2818596976981394,0.610337718414594,0.8413442543477769,0.18578574863100045,0.26245410610462905,0.6813270499125473,0.4880562072220983,0.2883629266353693,1,2.02735,1.4497719999999998,0.978956625,0.31763800000000003,0.30457475,0.285935375,0.2155053214285714,0.2853345,0.207711,0.297816,0.250874,0.250874,0.2617995714285714,0.305029,0.237245,-0.01188445714285713,0.12141100000000005,0.9610070000000002,1.0111875,0.102371,0.102371,0.6127974285714286,2.02735,0.859758,0.9,0.9,0.2,1.187,1.383,1,-1.2724,0,0,1,10.141326603300758,3,332.0,0.3848907475342713,0.9807554626232864,0.9951968678802384,5.0085964418810915,0.5200902434375075,-0.1492125,0.3991858171062268,0.0019175455417066152,0.9702780441035476,0.0028763183125599234,0.013422818791946308,0.005752636625119847,0.0
3h9vA2-crystal_27W,27,W,0,14.42033151491324,1.0747504647903532,0.0038350910834132313,0.17641418983700866,0.26749760306807285,0.06327900287631831,0.11984659635666348,0.2109300095877277,0.0038350910834132313,0.0038350910834132313,0.013422818791946308,0.006711409395973154,0.10834132310642378,0.001917545541706616,0.005752636625119847,0.0,0.0,0.0009587727708533076,0.0,0.0009587727708533076,0.0,0.0009587727708533076,1.0121754696724643,0.6597592216138907,0.5012226022110539,1.2805058599953432,0.8718271456979179,0.15171169215321778,0.22388671587227726,0.19035921108700912,0,0,0.7099246313932802,0.6357299441039426,0.596807868940879,0.609849573589773,0.3267057335560418,0.5348095885753146,0.42186882208329385,0.8523902732409445,-0.9,5.89,2.0,1.0,1.0,1.0,204.22,0.8715564664929076,0.5287892228816095,0.5736942418280716,0.9717682037982146,0,0.6211209174008505,0.1681971528762169,0.2459943015311916,0.5656127869330504,0.2106958814086406,0.2850186413183595,0.10435792078884976,0.0,0.2786334703079717,1,1.40042,1.02970625,0.7011140000000001,0.536741,0.47431975,0.428411375,0.31187732142857144,0.26324000000000003,0.3143975,0.26516100000000004,0.442965,0.442965,0.3105668333333333,0.442965,0.488961,0.03249120357142856,-0.3040445,0.3244495,0.411704,0.172905,0.172905,0.1042365,0.413394,0.809629,0.9,0.9,0.1,1.486,6.515,1,1.2672,0,0,1,10.141326603300758,3,333.0,2.7849233149171373,0.8607538342541432,0.8888607343063839,1.087836056479875,0.3404221424417689,0.2982571428571429,0.2815819725109684,0.015340364333652925,0.0,0.0019175455417066152,0.010546500479386385,0.5071907957813998,0.0
3h9vA2-crystal_28I,28,I,0,15.996928892759385,1.6109074266078929,0.005752636625119847,0.40076701821668265,0.25407478427612656,0.2502396931927133,0.062320230105465,0.0009587727708533076,0.0,0.0009587727708533076,0.004793863854266539,0.0,0.01821668264621285,0.0,0.0009587727708533076,0.0,0.0,0.0,0.0,0.0,0.0,0.0,0.9422499358051096,0.6714393433247369,0.5950083044189188,0.9750350350609268,0.7440101748255072,0.0,0.0,0.02480704744216899,0,0,0.3438572304697993,0.3372805544045268,0.27825462025575204,0.27951784554275466,0.2703536043514297,0.10710056396487233,0.367632275807734,0.3163630399820069,4.5,6.02,1.0,1.0,1.0,2.0,131.17,0.3279095458582306,0.28641864050501936,0.20084713319726247,0.6400266131184071,0,0.2596332168798183,0.31476637566367965,0.0,0.3299504129646572,0.2362286438980081,0.30814717794391705,0.10598969124504604,0.055858860215561024,0.2499710808315989,0,0.8413700000000001,0.7311185,0.5647975000000001,0.392293,0.36394175,0.317376375,0.22676164285714284,0.24100700000000005,0.168482,0.246574,0.239673,0.239673,0.22734859999999998,0.26084,0.359845,-0.007572751071428573,0.2445855,-0.105336,-0.100663,0.245202,0.245202,0.1056748,0.598114,0.6619520000000001,0.9,0.9,0.1,1.128,3.975,0,0.5744,0,0,0,10.141326603300758,3,334.0,1.5566679158639007,-0.07783339579319505,0.0571575447629039,1.5178774193092617,0.4941779931295448,0.28445000000000004,0.3140574458687496,0.004793863854266539,0.0,0.0,0.0009587727708533076,0.9050814956855224,0.0
3h9vA2-crystal_29V,29,V,0,18.132742208502272,1.6151638410653884,0.03451581975071908,0.1610738255033557,0.5148609779482263,0.16874400767018216,0.005752636625119847,0.0,0.001917545541706616,0.0,0.0,0.0,0.10354745925215723,0.0009587727708533076,0.0038350910834132313,0.0,0.0009587727708533076,0.0,0.0,0.0,0.0,0.0,0.9706796997052064,0.6402529299976716,0.607981590656939,1.0024452044221075,0.7776420886005889,0.13969253314156224,0.18319892206045715,0.20350781154052205,0,0,0.6181619588741846,0.4733427383457498,0.4100489083307693,0.42991528707169,0.22008455480728045,0.4336168790817104,0.5319468051735835,0.7827830927773618,4.2,5.96,1.0,1.0,1.0,2.0,117.14,0.8009598121344734,0.5129400482312262,0.5196500918171192,0.2652693023794178,1,0.2692316775804167,0.4092132660601536,0.2969030458991171,1.0,0.5759407827228908,0.615871210869443,1.0,0.28508097901784923,0.2289701360093721,1,1.3561299999999998,0.97544275,0.711940625,0.500532,0.41426275,0.363314625,0.2655141428571429,0.221174,0.279875,0.302885,0.416566,0.416566,0.305125,0.416566,0.213987,-0.0065089464285714395,0.598114,0.413394,1.3561299999999998,1.20711,1.20711,0.8936870000000001,1.3561299999999998,0.5537489999999999,1.0,0.9,0.0,1.139,3.885,0,-0.5397,0,0,0,10.141326603300758,3,335.0,1.5457630785705363,-0.07728815392852682,0.05764069580459698,1.567806752220059,0.7066287410401075,-0.21856,0.42000962309454143,0.0009587727708533076,0.0009587727708533076,0.0,0.0,0.8446788111217641,0.0
