,Counter1,Counter2,Residue_i,Residue_j,Distance
0,1,1,T,T,6.144973
1,1,2,T,I,8.024072
2,1,3,T,I,5.8428216
3,1,4,T,A,8.031486
4,1,5,T,T,10.579978
5,1,6,T,I,11.987878
6,1,7,T,F,9.952456
7,1,8,T,M,11.356011
8,1,9,T,P,14.919745
9,1,10,T,L,16.025784
10,1,11,T,T,13.610491
11,1,12,T,F,17.539839
12,1,13,T,I,19.927208
13,1,14,T,A,19.288717
14,1,15,T,G,20.767944
15,1,16,T,I,23.305984
16,1,17,T,Y,25.013142
17,1,18,T,G,25.22934
18,1,19,T,M,25.904686
19,1,20,T,N,29.13186
20,1,21,T,F,32.174885
21,2,1,I,T,9.535773
22,2,2,I,I,11.404785
23,2,3,I,I,7.935667
24,2,4,I,A,10.352252
25,2,5,I,T,13.014185
26,2,6,I,I,13.776688
27,2,7,I,F,10.747078
28,2,8,I,M,13.359683
29,2,9,I,P,16.856426
30,2,10,I,L,16.949797
31,2,11,I,T,14.171615
32,2,12,I,F,18.449768
33,2,13,I,I,20.828856
34,2,14,I,A,19.382895
35,2,15,I,G,21.093536
36,2,16,I,I,23.791752
37,2,17,I,Y,25.249512
38,2,18,I,G,24.795637
39,2,19,I,M,25.749758
40,2,20,I,N,28.940313
41,2,21,I,F,32.224453
42,3,1,I,T,11.059964
43,3,2,I,I,12.429354
44,3,3,I,I,7.7527804
45,3,4,I,A,10.103272
46,3,5,I,T,12.569046
47,3,6,I,I,13.276691
48,3,7,I,F,9.858948
49,3,8,I,M,11.322896
50,3,9,I,P,15.248173
51,3,10,I,L,15.409754
52,3,11,I,T,11.993043
53,3,12,I,F,16.156015
54,3,13,I,I,18.660015
55,3,14,I,A,17.226126
56,3,15,I,G,18.660555
57,3,16,I,I,21.296873
58,3,17,I,Y,22.828115
59,3,18,I,G,22.165602
60,3,19,I,M,23.057543
61,3,20,I,N,26.219116
62,3,21,I,F,29.538876
63,4,1,A,T,7.961864
64,4,2,A,I,9.486731
65,4,3,A,I,4.7669654
66,4,4,A,A,6.573126
67,4,5,A,T,9.304375
68,4,6,A,I,9.982475
69,4,7,A,F,6.6964755
70,4,8,A,M,8.190794
71,4,9,A,P,12.069564
72,4,10,A,L,12.331348
73,4,11,A,T,9.371016
74,4,12,A,F,13.536619
75,4,13,A,I,15.94247
76,4,14,A,A,14.900777
77,4,15,A,G,16.437616
78,4,16,A,I,19.065432
79,4,17,A,Y,20.656946
80,4,18,A,G,20.749865
81,4,19,A,M,21.490303
82,4,20,A,N,24.72824
83,4,21,A,F,27.931463
84,5,1,T,T,7.28326
85,5,2,T,I,7.0623317
86,5,3,T,I,3.2350554
87,5,4,T,A,6.3294415
88,5,5,T,T,9.043228
89,5,6,T,I,8.634854
90,5,7,T,F,5.9367332
91,5,8,T,M,10.046745
92,5,9,T,P,13.00894
93,5,10,T,L,12.327921
94,5,11,T,T,10.953124
95,5,12,T,F,15.311674
96,5,13,T,I,17.345665
97,5,14,T,A,15.870515
98,5,15,T,G,18.022581
99,5,16,T,I,20.789295
100,5,17,T,Y,21.975437
101,5,18,T,G,22.39782
102,5,19,T,M,23.337112
103,5,20,T,N,26.587074
104,5,21,T,F,29.68698
105,6,1,I,T,10.986432
106,6,2,I,I,10.87599
107,6,3,I,I,6.2748404
108,6,4,I,A,9.247551
109,6,5,I,T,11.796133
110,6,6,I,I,11.178355
111,6,7,I,F,6.961235
112,6,8,I,M,11.320854
113,6,9,I,P,14.132724
114,6,10,I,L,12.52667
115,6,11,I,T,9.965958
116,6,12,I,F,14.479061
117,6,13,I,I,16.534845
118,6,14,I,A,14.216264
119,6,15,I,G,16.420984
120,6,16,I,I,19.2838
121,6,17,I,Y,20.198606
122,6,18,I,G,19.897215
123,6,19,I,M,21.071058
124,6,20,I,N,24.217556
125,6,21,I,F,27.433842
126,7,1,F,T,12.611976
127,7,2,F,I,11.887679
128,7,3,F,I,7.579238
129,7,4,F,A,9.387774
130,7,5,F,T,11.354646
131,7,6,F,I,10.928235
132,7,7,F,F,6.7178993
133,7,8,F,M,9.004419
134,7,9,F,P,11.822864
135,7,10,F,L,10.707999
136,7,11,F,T,6.969538
137,7,12,F,F,11.312842
138,7,13,F,I,13.592533
139,7,14,F,A,11.358654
140,7,15,F,G,13.080302
141,7,16,F,I,15.870765
142,7,17,F,Y,17.094988
143,7,18,F,G,16.444876
144,7,19,F,M,17.481276
145,7,20,F,N,20.676823
146,7,21,F,F,23.927145
147,8,1,M,T,7.3498936
148,8,2,M,I,7.1650863
149,8,3,M,I,3.6784093
150,8,4,M,A,3.7029533
151,8,5,M,T,5.4026694
152,8,6,M,I,5.966303
153,8,7,M,F,3.6424017
154,8,8,M,M,3.4316964
155,8,9,M,P,6.7015266
156,8,10,M,L,7.281389
157,8,11,M,T,4.5532174
158,8,12,M,F,8.8041725
159,8,13,M,I,11.047562
160,8,14,M,A,9.3124485
161,8,15,M,G,11.3954115
162,8,16,M,I,14.19207
163,8,17,M,Y,15.435535
164,8,18,M,G,16.02256
165,8,19,M,M,16.84298
166,8,20,M,N,20.10155
167,8,21,M,F,23.131214
168,9,1,P,T,10.868747
169,9,2,P,I,8.894113
170,9,3,P,I,4.983457
171,9,4,P,A,7.698531
172,9,5,P,T,9.658522
173,9,6,P,I,7.36603
174,9,7,P,F,3.234805
175,9,8,P,M,7.84434
176,9,9,P,P,10.578373
177,9,10,P,L,8.163551
178,9,11,P,T,6.7729607
179,9,12,P,F,10.901442
180,9,13,P,I,12.318112
181,9,14,P,A,9.424408
182,9,15,P,G,12.208608
183,9,16,P,I,15.093125
184,9,17,P,Y,15.209012
185,9,18,P,G,16.037443
186,9,19,P,M,17.224224
187,9,20,P,N,20.369968
188,9,21,P,F,23.282522
189,10,1,L,T,14.055313
190,10,2,L,I,12.162439
191,10,3,L,I,8.839799
192,10,4,L,A,10.872403
193,10,5,L,T,12.37797
194,10,6,L,I,10.283301
195,10,7,L,F,5.9674883
196,10,8,L,M,9.861306
197,10,9,L,P,12.3766
198,10,10,L,L,9.929278
199,10,11,L,T,7.227617
200,10,12,L,F,11.192936
201,10,13,L,I,12.474904
202,10,14,L,A,8.979097
203,10,15,L,G,11.490511
204,10,16,L,I,14.36801
205,10,17,L,Y,14.380036
206,10,18,L,G,13.956309
207,10,19,L,M,15.411068
208,10,20,L,N,18.165825
209,10,21,L,F,21.511951
210,11,1,T,T,13.250765
211,11,2,T,I,12.424677
212,11,3,T,I,8.8621435
213,11,4,T,A,9.280379
214,11,5,T,T,11.170208
215,11,6,T,I,9.829977
216,11,7,T,F,6.331715
217,11,8,T,M,7.6087294
218,11,9,T,P,9.879517
219,11,10,T,L,7.293157
220,11,11,T,T,4.3146772
221,11,12,T,F,7.879299
222,11,13,T,I,9.430523
223,11,14,T,A,6.018088
224,11,15,T,G,7.997982
225,11,16,T,I,10.862742
226,11,17,T,Y,11.5958805
227,11,18,T,G,11.010467
228,11,19,T,M,12.175086
229,11,20,T,N,15.354707
230,11,21,T,F,18.468315
231,12,1,F,T,13.264154
232,12,2,F,I,11.194176
233,12,3,F,I,8.43391
234,12,4,F,A,9.396171
235,12,5,F,T,10.32569
236,12,6,F,I,6.880273
237,12,7,F,F,4.547694
238,12,8,F,M,6.872378
239,12,9,F,P,6.8578777
240,12,10,F,L,3.7586238
241,12,11,F,T,4.109451
242,12,12,F,F,6.5431156
243,12,13,F,I,6.4372888
244,12,14,F,A,4.5827613
245,12,15,F,G,7.575878
246,12,16,F,I,10.106843
247,12,17,F,Y,9.341967
248,12,18,F,G,11.17962
249,12,19,F,M,12.357928
250,12,20,F,N,15.405137
251,12,21,F,F,18.159512
252,13,1,I,T,16.201855
253,13,2,I,I,13.995864
254,13,3,I,I,11.23451
255,13,4,I,A,12.433314
256,13,5,I,T,13.413407
257,13,6,I,I,10.28609
258,13,7,I,F,7.3731203
259,13,8,I,M,9.936041
260,13,9,I,P,10.8072605
261,13,10,I,L,7.738429
262,13,11,I,T,6.620641
263,13,12,I,F,9.7080965
264,13,13,I,I,10.197297
265,13,14,I,A,6.796869
266,13,15,I,G,9.640246
267,13,16,I,I,12.180548
268,13,17,I,Y,10.659965
269,13,18,I,G,11.163139
270,13,19,I,M,12.798392
271,13,20,I,N,14.90142
272,13,21,I,F,18.171013
273,14,1,A,T,18.587753
274,14,2,A,I,16.614082
275,14,3,A,I,13.647184
276,14,4,A,A,14.642406
277,14,5,A,T,15.914198
278,14,6,A,I,12.85796
279,14,7,A,F,10.100099
280,14,8,A,M,12.099593
281,14,9,A,P,12.832847
282,14,10,A,L,9.263553
283,14,11,A,T,7.6805887
284,14,12,A,F,10.431398
285,14,13,A,I,10.242557
286,14,14,A,A,6.642411
287,14,15,A,G,8.755827
288,14,16,A,I,11.175123
289,14,17,A,Y,9.545717
290,14,18,A,G,8.5822935
291,14,19,A,M,10.449344
292,14,20,A,N,12.3196745
293,14,21,A,F,16.064274
294,15,1,G,T,18.687687
295,15,2,G,I,17.007029
296,15,3,G,I,14.017831
297,15,4,G,A,14.337448
298,15,5,G,T,15.51657
299,15,6,G,I,12.366648
300,15,7,G,F,9.281926
301,15,8,G,M,10.865082
302,15,9,G,P,10.633087
303,15,10,G,L,7.0263286
304,15,11,G,T,6.1563997
305,15,12,G,F,8.317568
306,15,13,G,I,6.6767707
307,15,14,G,A,3.7056897
308,15,15,G,G,5.538901
309,15,16,G,I,7.6928196
310,15,17,G,Y,6.240752
311,15,18,G,G,6.8736296
312,15,19,G,M,8.223145
313,15,20,G,N,10.89956
314,15,21,G,F,13.656926
315,16,1,I,T,18.41224
316,16,2,I,I,15.848488
317,16,3,I,I,13.873305
318,16,4,I,A,14.36761
319,16,5,I,T,14.168736
320,16,6,I,I,10.590229
321,16,7,I,F,9.028955
322,16,8,I,M,11.012575
323,16,9,I,P,9.259035
324,16,10,I,L,5.860943
325,16,11,I,T,7.3626323
326,16,12,I,F,8.692676
327,16,13,I,I,6.4935875
328,16,14,I,A,4.277106
329,16,15,I,G,7.105319
330,16,16,I,I,9.478491
331,16,17,I,Y,7.356251
332,16,18,I,G,9.052949
333,16,19,I,M,10.459238
334,16,20,I,N,12.131034
335,16,21,I,F,15.178307
336,17,1,Y,T,21.745787
337,17,2,Y,I,19.621445
338,17,3,Y,I,17.047537
339,17,4,Y,A,17.54264
340,17,5,Y,T,18.165312
341,17,6,Y,I,14.653829
342,17,7,Y,F,12.325113
343,17,8,Y,M,14.26505
344,17,9,Y,P,13.359243
345,17,10,Y,L,9.680872
346,17,11,Y,T,9.972875
347,17,12,Y,F,11.651545
348,17,13,Y,I,9.696031
349,17,14,Y,A,6.8158
350,17,15,Y,G,9.189614
351,17,16,Y,I,11.237416
352,17,17,Y,Y,7.9220185
353,17,18,Y,G,8.355706
354,17,19,Y,M,10.348867
355,17,20,Y,N,10.696474
356,17,21,Y,F,14.688519
357,18,1,G,T,23.06041
358,18,2,G,I,21.2729
359,18,3,G,I,18.506187
360,18,4,G,A,18.618908
361,18,5,G,T,19.457624
362,18,6,G,I,16.136124
363,18,7,G,F,13.399293
364,18,8,G,M,14.806697
365,18,9,G,P,14.102697
366,18,10,G,L,10.601591
367,18,11,G,T,9.786739
368,18,12,G,F,10.640756
369,18,13,G,I,8.957196
370,18,14,G,A,5.680514
371,18,15,G,G,7.0864096
372,18,16,G,I,8.227804
373,18,17,G,Y,4.391192
374,18,18,G,G,3.9491637
375,18,19,G,M,5.9336357
376,18,20,G,N,6.610839
377,18,21,G,F,10.252164
378,19,1,M,T,20.96873
379,19,2,M,I,19.069313
380,19,3,M,I,17.07803
381,19,4,M,A,16.650776
382,19,5,M,T,16.187115
383,19,6,M,I,12.96181
384,19,7,M,F,11.221557
385,19,8,M,M,12.036959
386,19,9,M,P,9.934365
387,19,10,M,L,7.109942
388,19,11,M,T,7.879434
389,19,12,M,F,7.9266505
390,19,13,M,I,4.6755185
391,19,14,M,A,3.762537
392,19,15,M,G,5.784362
393,19,16,M,I,6.688117
394,19,17,M,Y,3.1550484
395,19,18,M,G,4.8214674
396,19,19,M,M,6.9275126
397,19,20,M,N,7.1157255
398,19,21,M,F,10.121229
399,20,1,N,T,25.809565
400,20,2,N,I,24.215267
401,20,3,N,I,21.871294
402,20,4,N,A,21.231768
403,20,5,N,T,21.229485
404,20,6,N,I,18.182745
405,20,7,N,F,15.860458
406,20,8,N,M,16.166761
407,20,9,N,P,14.672129
408,20,10,N,L,11.952605
409,20,11,N,T,11.396517
410,20,12,N,F,10.990738
411,20,13,N,I,8.537213
412,20,14,N,A,6.677969
413,20,15,N,G,7.6792006
414,20,16,N,I,7.3000917
415,20,17,N,Y,2.6082597
416,20,18,N,G,3.7281795
417,20,19,N,M,4.8266716
418,20,20,N,N,2.2494593
419,20,21,N,F,6.259018
420,21,1,F,T,24.623407
421,21,2,F,I,22.674622
422,21,3,F,I,20.995058
423,21,4,F,A,20.424358
424,21,5,F,T,19.464539
425,21,6,F,I,16.40644
426,21,7,F,F,15.113782
427,21,8,F,M,15.511945
428,21,9,F,P,12.910467
429,21,10,F,L,10.82058
430,21,11,F,T,11.791734
431,21,12,F,F,10.547833
432,21,13,F,I,7.118467
433,21,14,F,A,7.664198
434,21,15,F,G,9.291413
435,21,16,F,I,7.526758
436,21,17,F,Y,3.8087132
437,21,18,F,G,7.0383677
438,21,19,F,M,8.517366
439,21,20,F,N,7.84691
440,21,21,F,F,9.803006
