0,1,2,3,4,5,6,7,8,9,10,11,12,13,14,15,16,17,18,19,20,21,22,23,24,25,26,27,28,29,30,31,32,33,34,35,36,37,38,39,40,41,42,43,44,45,46,47,48,49,50,51,52,53,54,55,56,57,58,59,60,61,62
0.0022955101,0.019248683,0.040183436,0.6632036,0.15989149,0.048131146,0.018318411,0.013395785,0.0035834473,0.0021287135,0.038254514,0.007366271,0.0042670285,0.010688473,0.036428586,0.006119117,0.015442869,0.011869155,0.021809982,0.01233929,0.016327884,0.008513448,0.0047292737,0.0035483525,0.0029972256,0.003883023,0.0041886633,0.0030630091,0.003701243,0.0030329549,0.0031725091,0.0040345388,0.0038196216,0.002728533,0.0047039213,0.005664639,0.0024861146,0.002799642,0.0028982067,0.004581369,0.0027115468,0.0018411566,0.002655555,0.004636333,0.003126211,0.0018307396,0.003111396,0.0038521055,0.0032715811,0.0056940354,0.0043758396,0.0049720188,0.0037193173,0.006913751,0.0019975407,0.0025685995,0.00718266,0.007875313,0.0036347655,0.0066193175,0.013579225,0.0041588577,0.0042699208
0.019248683,0.004803222,0.0156927,0.009986055,0.09050275,0.011716651,0.005586671,0.0056320033,0.00022013632,0.0013504145,0.028183278,0.0048610494,0.0033843443,0.019739833,0.012951982,0.005723068,0.0056501217,0.0069595496,0.007110271,0.004811232,0.01026104,0.015537301,0.005854294,0.008775425,0.009567909,0.007525617,0.005612806,0.011564884,0.011951464,0.007960956,0.019972542,0.025475664,0.006350444,0.01495578,0.018575707,0.016730642,0.003949993,0.008221011,0.0106370235,0.005570945,0.0037303395,0.002829996,0.0031596213,0.0029423258,0.0030290587,0.0031582327,0.0028731988,0.0035223172,0.005615138,0.0047774957,0.0035252923,0.0049730917,0.007105465,0.0053363796,0.0052114143,0.004167627,0.0029235233,0.005665979,0.004049658,0.0021929427,0.0031890601,0.006633888,0.00470374
0.040183436,0.0156927,0.0007390523,0.028264355,0.053852804,0.028216992,0.048390925,0.033016205,0.002816317,0.0016040305,0.0041377936,0.00967955,0.0063975835,0.0037744234,0.008555733,0.005850504,0.0045120474,0.0055540795,0.007844005,0.0058961394,0.0196667,0.0044858647,0.00391397,0.003902255,0.004034863,0.0052489326,0.005088373,0.011705029,0.0036879878,0.0047008144,0.01779487,0.0125652505,0.0052132537,0.008928937,0.0146766,0.007257241,0.003299277,0.008509762,0.0074568456,0.0034905558,0.0026557776,0.0031721292,0.0026188127,0.0022211347,0.0014234079,0.0039913626,0.0021616563,0.0019188385,0.0037676324,0.0018383046,0.005414316,0.0030573355,0.0054516057,0.00659598,0.0050438438,0.0016222078,0.0015981841,0.1324434,0.021837203,0.002808856,0.008302682,0.07191852,0.010421613
0.6632036,0.0099860495,0.028264355,0.0017406348,0.007173516,0.01757891,0.04494166,0.3541299,0.0109589305,0.004066355,0.011545098,0.0035015529,0.005190274,0.016364036,0.015884537,0.0042330204,0.010713763,0.008206735,0.010856428,0.004022371,0.005992872,0.008344896,0.0051562637,0.0047926735,0.0034532067,0.010331073,0.0061342595,0.0072728265,0.0038342883,0.004572627,0.01013047,0.0056604045,0.0038945097,0.003007048,0.0052787946,0.0035958008,0.003065022,0.0022748325,0.003327037,0.0026330738,0.0028537605,0.0014298115,0.0030381284,0.0020684453,0.0022661425,0.0017856633,0.0026831082,0.004917291,0.0027013419,0.004704964,0.0037075875,0.0030958166,0.0028494273,0.0137719065,0.0029078021,0.002146228,0.005145317,0.031534612,0.0024046004,0.0037971875,0.028113859,0.028407972,0.004494659
0.15989149,0.09050275,0.053852804,0.007173516,0.0020584466,0.030784855,0.0052251522,0.15197164,0.05348182,0.018412588,0.013054439,0.0036308786,0.018004285,0.005244132,0.010218488,0.004041099,0.010427314,0.0074828085,0.009566676,0.0066905087,0.0046984055,0.00804065,0.010352834,0.0038655845,0.010844985,0.010322603,0.012342539,0.018773444,0.020131364,0.008885826,0.009789052,0.084083304,0.013159398,0.007434785,0.0043754987,0.01425772,0.0037791333,0.002744004,0.0027584408,0.006748539,0.004844685,0.0021896292,0.003861762,0.0027600494,0.0021150673,0.0019728595,0.0017747148,0.0020398311,0.0019434531,0.002234206,0.0019311226,0.0016256821,0.0020568802,0.0029180187,0.0013694075,0.0013130852,0.0028671804,0.0030300107,0.0014202286,0.0026960378,0.0050233374,0.0025923352,0.002568365
0.048131146,0.011716645,0.028216992,0.01757891,0.030784855,0.0007341376,0.007461025,0.009017168,0.009438955,0.0019323473,0.012747067,0.0049013407,0.0017768178,0.011886985,0.010830242,0.003314155,0.004175152,0.003963292,0.0053633214,0.0030867062,0.006797738,0.012084304,0.016174704,0.0040043574,0.046350267,0.0054492615,0.021476543,0.08436721,0.023801723,0.045086212,0.11607664,0.18004365,0.018195381,0.028401352,0.06467111,0.026286026,0.004086977,0.007004661,0.002936046,0.0070678773,0.0019734465,0.0024588655,0.0024522173,0.0014118797,0.002070413,0.0021254467,0.0017934308,0.0023253816,0.00200404,0.0017620039,0.0015888279,0.0014746401,0.0019205277,0.0028661925,0.0034393228,0.0013873258,0.0011577873,0.006423746,0.004282338,0.0013725111,0.0028033175,0.004142172,0.004851186
0.018318411,0.0055866684,0.048390914,0.04494167,0.0052251522,0.007461025,0.002094787,0.014983136,0.004352409,0.012316334,0.06233834,0.02232537,0.01006802,0.010115174,0.019816315,0.0070135486,0.0096390685,0.008189928,0.012444092,0.0057540806,0.010105024,0.009832395,0.011976283,0.0067834137,0.006357764,0.0046616346,0.0071377624,0.039529726,0.0046636174,0.005148437,0.017688852,0.008049052,0.0032841286,0.004542863,0.008015746,0.005394178,0.0025320551,0.003487028,0.0024134894,0.0028404628,0.0015394322,0.002207479,0.0022484022,0.0018886216,0.0019048525,0.0021899098,0.0023868766,0.0020697431,0.0015264163,0.0034531164,0.002927933,0.0025275177,0.0026532083,0.004125112,0.0031548357,0.0016273453,0.0028559512,0.043195985,0.005026363,0.0027626625,0.010807687,0.21176375,0.015196975
0.013395785,0.0056320033,0.033016205,0.3541299,0.15197164,0.009017168,0.014983132,0.0016601573,0.009816526,0.016091539,0.25919256,0.09300649,0.017804107,0.014955231,0.050861355,0.006230379,0.013168096,0.006037856,0.03468991,0.0066430387,0.008577469,0.009660449,0.007063197,0.0056868293,0.007752844,0.01246423,0.006681179,0.011459847,0.00541076,0.0069853943,0.005207537,0.007251592,0.00396285,0.0036471146,0.0043761865,0.004133179,0.0032209652,0.0015751296,0.00198255,0.0029191982,0.002235532,0.0015377796,0.0019551553,0.0021456848,0.0027791336,0.0018310351,0.0017624384,0.0018211701,0.0017981131,0.003362239,0.002660538,0.0029923525,0.0016119352,0.004955474,0.0012736431,0.0013696331,0.0022375728,0.01575027,0.0015749675,0.0015722001,0.009607165,0.0104068555,0.0047437744
0.003583446,0.00022013632,0.0028163157,0.0109589305,0.053481832,0.009438955,0.004352409,0.009816526,0.0010602591,0.0089472225,0.009274618,0.09040545,0.032013647,0.019379789,0.015149876,0.043355018,0.007333226,0.01337089,0.006945851,0.010747257,0.01879455,0.013042686,0.010389359,0.012227095,0.06237475,0.024753798,0.08107961,0.2791377,0.069814034,0.016475135,0.021250485,0.12547217,0.01165935,0.007424429,0.0061745583,0.0057189236,0.004702227,0.0027979799,0.0034604275,0.0025872053,0.0037366254,0.002657857,0.0017583157,0.003049251,0.003098112,0.0034394094,0.0018834342,0.0019321974,0.0015050403,0.001591529,0.002317243,0.00135023,0.0021893294,0.0017774403,0.002205392,0.0013335599,0.0014272191,0.0036118669,0.0012558714,0.0018977067,0.0015307466,0.0029317413,0.002615568
0.0021287135,0.0013504145,0.0016040305,0.004066355,0.018412584,0.0019323473,0.012316334,0.016091539,0.0089472225,0.0014381873,0.028015174,0.016653605,0.024677997,0.028146023,0.074891195,0.0155896675,0.0016725328,0.009163996,0.006182252,0.005584298,0.02045218,0.0073043643,0.009329507,0.061906133,0.025504306,0.019695362,0.031123962,0.104998484,0.011704586,0.009366714,0.055117104,0.016912123,0.0074414313,0.011378383,0.013189254,0.004248745,0.007144236,0.0052505243,0.005926331,0.0028644197,0.003527965,0.002441183,0.002232881,0.0015994803,0.0021710177,0.0018091619,0.0025812306,0.0019039905,0.0018303685,0.0021330756,0.0023553497,0.002110929,0.0017831121,0.004363542,0.0044794343,0.002874095,0.0016101344,0.006003436,0.0048356657,0.0023942671,0.0031885703,0.010396009,0.009427825
0.0382545,0.028183272,0.0041377936,0.011545098,0.013054439,0.012747067,0.06233834,0.25919256,0.009274618,0.02801518,0.005277197,0.019720612,0.007957921,0.07230152,0.11578144,0.0036785544,0.0033367674,0.004178812,0.0042077447,0.0060234903,0.006427086,0.003315062,0.006368674,0.010441947,0.0071555492,0.004447058,0.009120774,0.008498572,0.007005537,0.003662911,0.0065841367,0.0047489237,0.004579482,0.0035204329,0.0042619063,0.004346429,0.0034637903,0.0023150546,0.0031894555,0.002876906,0.0045394097,0.0029761686,0.003188078,0.001801298,0.0026591998,0.0014726775,0.0026106094,0.0022485615,0.0026347935,0.0031956332,0.003953747,0.002422054,0.0026721011,0.00535163,0.0026989125,0.0036602726,0.0051635457,0.014760243,0.0033393418,0.0042191767,0.013079431,0.011488275,0.007709365
0.007366271,0.0048610494,0.009679546,0.0035015529,0.003630877,0.0049013407,0.02232537,0.09300651,0.09040545,0.016653605,0.019720612,0.0014319146,0.01494776,0.026505332,0.4298505,0.4301275,0.03350505,0.012234364,0.026168345,0.055047475,0.016724264,0.01039876,0.020983698,0.008331553,0.011457007,0.018509693,0.020855032,0.01342091,0.012044124,0.004281246,0.008955289,0.005658047,0.0042152335,0.003518702,0.0042786025,0.002727032,0.005891649,0.0026169615,0.001884859,0.0039485767,0.00203201,0.0013469984,0.0017685157,0.0021620772,0.0026708217,0.0012083437,0.0020282373,0.0025397793,0.0018979551,0.0025384524,0.0028489179,0.00138659,0.001328295,0.0026089016,0.0024435462,0.0016345015,0.0025909338,0.0031470798,0.0023104292,0.0014569445,0.0037397435,0.0025743295,0.0023396371
0.0042670285,0.0033843426,0.0063975835,0.005190274,0.018004281,0.0017768178,0.01006802,0.017804107,0.032013647,0.024677997,0.007957921,0.01494776,0.0011534019,0.025425594,0.017913954,0.13326618,0.00393022,0.053158708,0.006102899,0.013837388,0.1041852,0.01672141,0.01911643,0.747307,0.17542988,0.010041276,0.059998244,0.34485066,0.018311642,0.012316136,0.021020385,0.008774413,0.004748049,0.004740977,0.0025653522,0.0035147883,0.0023901751,0.0028753825,0.0016246615,0.0033362424,0.0016201787,0.0019634229,0.0021882162,0.00138979,0.0015609085,0.0023497685,0.0021397246,0.001738789,0.0019182732,0.0011094026,0.0020257486,0.0015213969,0.0019430666,0.002375096,0.0018339385,0.0009984922,0.00096051814,0.0025159852,0.0018863598,0.0015008206,0.0025357625,0.0030202072,0.0024504473
0.010688473,0.019739833,0.0037744234,0.016364036,0.005244132,0.011886985,0.010115174,0.014955231,0.019379789,0.028146023,0.07230152,0.026505332,0.025425594,0.0030779175,0.05883198,0.008709227,0.0010103312,0.0030293667,0.0019501101,0.002461816,0.0056317146,0.004044357,0.0066080457,0.09661465,0.013782757,0.0049073217,0.014360418,0.0170124,0.014520497,0.0075328,0.0091904625,0.012750739,0.009401921,0.005175208,0.008281923,0.004534489,0.0038841718,0.0043236776,0.0024857786,0.0029300456,0.0028330202,0.0042744423,0.0034635304,0.0020576057,0.0025601913,0.0024938781,0.003248442,0.0033626263,0.004589507,0.0038586634,0.00472744,0.0027239018,0.004933697,0.004582178,0.004627835,0.0037601604,0.0030731221,0.006824116,0.0039469623,0.002898372,0.0027763403,0.004982246,0.0071942755
0.036428586,0.012951982,0.008555733,0.015884537,0.010218483,0.010830242,0.019816315,0.050861366,0.015149876,0.074891195,0.11578144,0.4298505,0.017913954,0.05883198,0.0019463393,0.007730207,0.023063011,0.034098558,0.004505162,0.018921232,0.0133689465,0.005202357,0.0053410083,0.03226156,0.01372572,0.009960163,0.006102127,0.00911688,0.004470115,0.004204511,0.004004886,0.0028217512,0.0026453729,0.0029693183,0.003454577,0.0039228494,0.003253034,0.0024826478,0.0028240746,0.003720471,0.0033494378,0.0017476177,0.0019283879,0.0022824372,0.0029822446,0.0015755023,0.0031237584,0.0023241574,0.0021824008,0.0044301255,0.004334598,0.0021711797,0.002035894,0.0049236924,0.0017119518,0.001948164,0.00241666,0.0045419983,0.0013821536,0.0020109594,0.0041067395,0.0050484454,0.002832954
0.006119117,0.005723068,0.005850504,0.0042330204,0.004041099,0.003314153,0.0070135486,0.006230379,0.043355025,0.0155896675,0.0036785544,0.4301275,0.13326621,0.008709227,0.007730203,0.0027269193,0.016570723,0.065837376,0.23928654,0.8135957,0.24685146,0.027032504,0.6068627,0.36895552,0.027958669,0.014943645,0.116561726,0.02010682,0.005179324,0.003907816,0.0037845282,0.0027677722,0.00314181,0.003853262,0.0041057197,0.0015597824,0.0021965713,0.0016909055,0.0016666284,0.0018436725,0.0016830267,0.0015685735,0.0019794144,0.0023243928,0.0018544851,0.0018972487,0.0014619235,0.0021707006,0.0017191971,0.0018016762,0.0018209976,0.001120594,0.0013858468,0.0017209568,0.0011448512,0.0010982088,0.001245584,0.0017408644,0.0009049399,0.0008249391,0.0012480239,0.0017145615,0.0015523518
0.015442869,0.0056501217,0.0045120474,0.010713763,0.010427314,0.004175152,0.009639071,0.013168096,0.007333226,0.0016725328,0.0033367674,0.03350505,0.003930218,0.0010103312,0.023063025,0.016570723,0.0008941567,0.029724406,0.80396056,0.8745622,0.12481462,0.06138007,0.06394657,0.09876308,0.031193612,0.017372899,0.007722223,0.009213809,0.008255107,0.005290922,0.0050787404,0.0049093943,0.0036233065,0.002981366,0.0029404478,0.0044716136,0.00223578,0.0023864077,0.0018429498,0.0036299783,0.0026734585,0.0022241634,0.0019283466,0.0030906687,0.0039365757,0.0026231096,0.0032800757,0.0033552686,0.0032720072,0.0033460082,0.0026618808,0.0025727202,0.0021544122,0.0043199314,0.0016683501,0.0016334436,0.0019442192,0.0024450389,0.0015014067,0.0015004535,0.0027294334,0.0039081355,0.0019345105
0.011869155,0.0069595496,0.0055540795,0.008206735,0.0074828085,0.003963292,0.008189928,0.006037856,0.01337089,0.009163996,0.004178812,0.012234369,0.053158708,0.0030293667,0.034098558,0.06583737,0.029724406,0.0010509184,0.096042834,0.15447474,0.3072832,0.006911738,0.02376617,0.24716756,0.009730056,0.010570031,0.008784268,0.0077855997,0.0043148743,0.0045451904,0.0047564325,0.0028915836,0.004867237,0.0042315656,0.0022965707,0.0024194585,0.0018372411,0.0024269267,0.0017835388,0.004859993,0.00460897,0.0025487624,0.004661121,0.0037415153,0.0041391086,0.0061692027,0.0049305847,0.004868794,0.0041016466,0.0072250506,0.0036517822,0.0030735135,0.003345119,0.0039007545,0.0017129699,0.0024243307,0.0018991657,0.0027308187,0.0015186708,0.001441356,0.004956609,0.0022479508,0.0019072371
0.021809982,0.007110271,0.007844001,0.010856428,0.009566676,0.0053633214,0.012444092,0.03468992,0.006945847,0.006182252,0.0042077447,0.026168345,0.006102899,0.0019501094,0.004505162,0.2392866,0.8039606,0.096042834,0.00082646706,0.08055075,0.07690746,0.02280829,0.04109975,0.04494576,0.011333068,0.004066702,0.002377911,0.009361101,0.009591122,0.00659528,0.004917213,0.0047430247,0.0074547553,0.004144671,0.0024622877,0.0033909513,0.0026438246,0.0023696022,0.0020892862,0.0030700588,0.002295672,0.0031094179,0.0023374634,0.005581026,0.0053409934,0.0030163373,0.0028510143,0.0061076214,0.003621866,0.0037898046,0.0034692148,0.0030036848,0.002472263,0.0042635696,0.0014280253,0.0017305886,0.0019549672,0.0026445603,0.0020352372,0.0017586478,0.0028938472,0.0022480665,0.0018413871
0.01233929,0.004811232,0.0058961394,0.004022371,0.0066905087,0.0030867062,0.0057540806,0.0066430387,0.010747257,0.0055843005,0.0060234903,0.055047475,0.013837388,0.002461816,0.018921232,0.8135957,0.87456226,0.15447475,0.08055075,0.0016267358,0.011067452,0.18981585,0.96274966,0.024960114,0.006724674,0.013417563,0.003619274,0.0055577094,0.007872571,0.0040196367,0.003365667,0.0029902263,0.0030550284,0.0026344664,0.0017141934,0.0021712254,0.002761085,0.0017371344,0.0014928486,0.002620005,0.0021529817,0.0020853141,0.0028671147,0.005292405,0.0037520097,0.0040602493,0.0038173017,0.0030467152,0.0027252182,0.0026686115,0.0022036908,0.0016443995,0.0019000156,0.0029223396,0.0015241753,0.0011825282,0.0016992965,0.001746693,0.0012697877,0.0014126396,0.0021749197,0.0019591062,0.0021926651
0.016327884,0.01026104,0.019666694,0.005992872,0.0046984055,0.006797738,0.010105024,0.008577473,0.01879455,0.02045218,0.006427089,0.016724264,0.1041852,0.0056317146,0.0133689465,0.24685146,0.12481464,0.3072833,0.07690746,0.011067452,0.00079702045,0.010625192,0.02142608,0.069281064,0.027359504,0.01414662,0.00677979,0.02403441,0.0071852347,0.0051410696,0.0044799424,0.0036765994,0.0042468267,0.0029685195,0.0025652496,0.00267615,0.004311301,0.0049861292,0.0022815068,0.0033130243,0.0035625747,0.002612147,0.0024154063,0.0022210798,0.003704503,0.0035390006,0.0029527436,0.0041031763,0.0027123464,0.0027222135,0.00305026,0.0020767446,0.002640422,0.0017525309,0.0017011337,0.0018119558,0.002149264,0.002495739,0.001336236,0.0011228465,0.0021228106,0.001872577,0.0019569583
0.008513452,0.015537308,0.0044858647,0.008344896,0.00804065,0.012084304,0.009832395,0.009660449,0.013042686,0.0073043643,0.003315062,0.01039876,0.01672141,0.004044357,0.005202357,0.027032511,0.06138007,0.0069117416,0.022808293,0.18981579,0.010625192,0.00087135116,0.07684472,0.003937015,0.039579052,0.2760802,0.007333594,0.0067307563,0.01927695,0.019531623,0.008869317,0.009826079,0.0074703144,0.004869871,0.0027725827,0.00602988,0.004387351,0.005615894,0.002529868,0.004242004,0.0039891168,0.0025095278,0.0027602513,0.003316454,0.005537283,0.0056395787,0.0044665243,0.003923196,0.002893454,0.0038928364,0.003604781,0.0020080982,0.0023092413,0.0030840514,0.0027973014,0.0017943787,0.0022553285,0.0020057887,0.0023923488,0.0015939297,0.0021420217,0.0025431784,0.0015482929
0.0047292737,0.005854291,0.00391397,0.0051562637,0.010352834,0.016174704,0.011976283,0.007063197,0.010389359,0.009329507,0.006368671,0.020983687,0.019116435,0.0066080457,0.0053410083,0.6068629,0.06394657,0.02376617,0.04109973,0.96274966,0.02142608,0.076844715,0.00046260867,0.003914939,0.004812636,0.40172118,0.01679692,0.010436622,0.014040617,0.010308976,0.0045988634,0.0042955154,0.0054477886,0.0039676935,0.002484812,0.0032077527,0.0076840804,0.0024457416,0.0016253138,0.0036540036,0.0042217015,0.0029963555,0.0016721148,0.0016445261,0.0025860057,0.0032821062,0.0036145241,0.0028986516,0.002660766,0.0037671565,0.0024579708,0.0010226965,0.0025623827,0.0030736686,0.0014508276,0.0023961063,0.0017877994,0.0022739582,0.00092496397,0.0009970512,0.0022975248,0.0017955241,0.001493519
0.0035483525,0.008775425,0.0039022574,0.0047926735,0.0038655845,0.0040043574,0.0067834137,0.005686831,0.012227095,0.061906133,0.010441947,0.008331553,0.747307,0.09661465,0.03226156,0.36895552,0.09876311,0.24716756,0.04494576,0.024960114,0.06928105,0.003937015,0.003914939,0.0010998978,0.0033048403,0.004184693,0.00958256,0.01682467,0.009536703,0.009141851,0.008534859,0.0036650295,0.004731233,0.005846401,0.0032223542,0.0036022488,0.002738788,0.004261831,0.0035125765,0.0028764533,0.0031361773,0.002352307,0.0037297052,0.0019821858,0.0028034628,0.0025390715,0.0044447402,0.0035068411,0.0029037045,0.0032204494,0.002064233,0.0018239296,0.0025206436,0.0023630217,0.0015424443,0.0024443332,0.001990976,0.0019007428,0.0017900392,0.001298345,0.0034027821,0.0026084,0.0015005092
0.0029972256,0.009567909,0.004034863,0.0034532067,0.010844979,0.04635028,0.00635776,0.007752844,0.062374763,0.025504306,0.0071555492,0.011457007,0.17542988,0.013782757,0.01372572,0.027958663,0.031193612,0.009730056,0.011333068,0.006724674,0.027359504,0.039579045,0.004812636,0.0033048403,0.0007158669,0.00503902,0.017461471,0.09606449,0.061956435,0.02617537,0.032363337,0.0095966635,0.016579838,0.0088597825,0.0047683767,0.005639582,0.005209326,0.0031878203,0.002327748,0.0052419757,0.0033487454,0.0022404992,0.0040975623,0.003476892,0.0034422446,0.0027909705,0.0026201734,0.0032274767,0.0023885407,0.0027630643,0.0027027014,0.0025733479,0.0020564976,0.0018722259,0.002405488,0.0024340136,0.0014307573,0.0024136442,0.0016217978,0.0016113574,0.0022433207,0.0014066028,0.001739881
0.003883023,0.007525617,0.0052489326,0.010331073,0.010322603,0.0054492643,0.0046616346,0.01246423,0.024753803,0.019695362,0.004447058,0.018509693,0.010041276,0.0049073217,0.009960163,0.014943645,0.017372899,0.010570025,0.004066702,0.01341757,0.01414662,0.2760801,0.40172118,0.004184693,0.00503902,0.0011662629,0.002706166,0.008702004,0.15467036,0.106115974,0.005072172,0.010156083,0.007774119,0.009573677,0.0037019956,0.006617179,0.021075139,0.0036966759,0.0024485446,0.005533924,0.00644623,0.0037793233,0.0038418595,0.0049092406,0.0046909438,0.00548694,0.0048641223,0.002214701,0.0026128201,0.003835203,0.0028073112,0.0018116747,0.0017122991,0.0021601215,0.0050587426,0.0027281307,0.0019565355,0.0018651481,0.0011655821,0.001367652,0.0017389875,0.0025023678,0.0015600303
0.0041886633,0.005612806,0.005088373,0.0061342595,0.012342539,0.021476543,0.0071377624,0.006681179,0.08107961,0.031123966,0.009120779,0.020855032,0.059998237,0.014360418,0.006102127,0.1165617,0.007722223,0.008784272,0.0023779122,0.003619274,0.00677979,0.007333591,0.016796928,0.009582557,0.017461471,0.002706166,0.0007989214,0.0059082145,0.03876456,0.0562953,0.05048388,0.021075148,0.018682133,0.011291901,0.011860031,0.004432831,0.0055691777,0.0029699635,0.0045327996,0.002971243,0.0028928195,0.005589737,0.0024624085,0.0024966164,0.0033967283,0.0030900857,0.003120571,0.0023445173,0.0033553597,0.0036250025,0.0028018341,0.0025656032,0.0019539525,0.0027239409,0.0024466852,0.0027672444,0.0019520937,0.005578775,0.0024930113,0.00199038,0.002042901,0.003464737,0.003965891
0.0030630091,0.011564884,0.011705029,0.0072728265,0.01877344,0.08436721,0.039529715,0.011459847,0.2791377,0.104998484,0.008498572,0.01342091,0.34485066,0.0170124,0.00911688,0.020106817,0.009213809,0.0077855997,0.009361101,0.0055577094,0.024034407,0.0067307535,0.010436622,0.01682467,0.09606449,0.008702004,0.0059082145,0.0006057226,0.009947091,0.01126634,0.1162632,0.018196506,0.003897671,0.009409847,0.00046024664,0.006738061,0.00330887,0.001717679,0.0022247476,0.0020580287,0.0020890813,0.0015752001,0.0019772002,0.0024534562,0.0026595956,0.0015659471,0.0025937373,0.0015833405,0.002035491,0.0041441023,0.003369386,0.002218144,0.0020350358,0.0022624636,0.001623001,0.0021957618,0.0019319481,0.002645096,0.004127589,0.0019335026,0.0017535816,0.004821009,0.0016458655
0.003701243,0.011951464,0.0036879862,0.0038342883,0.020131364,0.023801735,0.0046636174,0.00541076,0.06981404,0.011704586,0.00700554,0.012044124,0.018311642,0.014520497,0.004470115,0.005179324,0.008255107,0.0043148743,0.009591122,0.007872575,0.007185238,0.01927695,0.014040617,0.009536703,0.061956435,0.15467036,0.03876456,0.009947091,0.0024910793,0.05866619,0.021185229,0.014223909,0.024567675,0.0014661262,0.006701984,0.00015728892,0.0021646523,0.0041141314,0.000931352,0.0010123507,0.003350519,0.005410165,0.002774821,0.007078466,0.0036670032,0.004375524,0.0026217988,0.003722191,0.003189148,0.0044018636,0.005753197,0.003501786,0.004632701,0.0038049405,0.005723516,0.003696367,0.0028307552,0.004667667,0.0061017047,0.0029257315,0.003085541,0.00362108,0.004590507
0.0030329549,0.007960952,0.0047008144,0.004572627,0.008885826,0.0450862,0.005148437,0.0069853943,0.016475135,0.009366714,0.003662911,0.004281246,0.012316136,0.0075327973,0.004204513,0.003907816,0.005290922,0.0045451904,0.00659528,0.0040196367,0.0051410696,0.019531623,0.010308976,0.009141851,0.02617537,0.106115974,0.05629529,0.01126634,0.058666177,0.0024025296,0.008640713,0.009185627,0.13888068,0.033358645,0.0017337137,0.009561879,0.0050615706,0.0010406367,0.004173943,0.007814772,0.003335675,0.0029452927,0.0031791558,0.006479687,0.0044337926,0.006537416,0.0032859053,0.006035576,0.0027677352,0.0030897479,0.0056301053,0.0038801765,0.004059559,0.0028568571,0.00804348,0.0022921022,0.0016041298,0.002217015,0.0047844932,0.002755896,0.003525331,0.0030421983,0.005916847
0.0031725091,0.019972539,0.01779486,0.010130464,0.009789052,0.11607664,0.017688852,0.005207537,0.021250479,0.055117115,0.0065841367,0.008955289,0.021020379,0.0091904625,0.004004886,0.0037845282,0.0050787404,0.0047564325,0.004917213,0.003365667,0.0044799424,0.008869317,0.0045988634,0.008534859,0.03236333,0.005072172,0.050483868,0.1162632,0.021185229,0.008640713,0.0010849094,0.011537912,0.006286699,0.009812986,0.0033777985,0.0073035243,0.0045997784,0.0025871573,0.0010905775,0.0027172302,0.0027199942,0.0020723883,0.0023853376,0.0025488872,0.0029227785,0.0018829653,0.0018770831,0.0032084254,0.0026911073,0.00251792,0.0039805453,0.0028018155,0.0030818705,0.0034714527,0.008377173,0.0030520034,0.0031508356,0.0060541155,0.04366266,0.0031730114,0.003749173,0.010949342,0.013099031
0.0040345388,0.025475658,0.0125652505,0.0056604045,0.08408329,0.18004365,0.008049052,0.0072515896,0.12547214,0.016912123,0.0047489237,0.005658047,0.008774413,0.012750739,0.0028217512,0.0027677722,0.0049093943,0.0028915836,0.0047430247,0.0029902263,0.0036765994,0.009826079,0.0042955154,0.0036650295,0.0095966635,0.010156083,0.021075148,0.018196506,0.014223903,0.009185627,0.011537912,0.0014330066,0.004960814,0.006962602,0.009296981,0.023530763,0.0063771405,0.0013420851,0.001580791,0.001803072,0.0026790204,0.0038820086,0.0021151782,0.0046539214,0.0037170916,0.0035080244,0.0026204311,0.004064181,0.0034939207,0.003040709,0.004348592,0.0036990808,0.004298857,0.003190027,0.0050300863,0.0038868354,0.0018576372,0.011511041,0.01731639,0.005027822,0.005930071,0.011910425,0.012197337
0.0038196216,0.006350444,0.005213256,0.0038945116,0.0131594045,0.018195385,0.0032841286,0.003962852,0.01165935,0.0074414313,0.004579484,0.0042152335,0.004748049,0.009401921,0.0026453729,0.00314181,0.0036233065,0.004867237,0.0074547553,0.0030550284,0.0042468267,0.0074703144,0.0054477886,0.004731233,0.016579838,0.007774119,0.018682133,0.0038976723,0.024567682,0.13888068,0.006286699,0.004960816,0.00270644,0.008869539,0.011990765,0.074845985,0.09834612,0.0075927796,0.0032917026,0.011560519,0.0071035884,0.0064176987,0.007601095,0.0073779686,0.008657141,0.0044154613,0.0053482605,0.0044577653,0.0051084436,0.0066446685,0.006746788,0.003349677,0.0033920233,0.0028600008,0.004051674,0.005384287,0.0025184972,0.0043845046,0.0041298084,0.0041227504,0.0027783501,0.0043826094,0.0039331946
0.002728533,0.01495578,0.008928937,0.0030070494,0.007434785,0.028401362,0.004542863,0.0036471146,0.007424432,0.011378383,0.0035204329,0.0035187039,0.004740977,0.005175208,0.0029693183,0.003853262,0.002981366,0.0042315656,0.004144671,0.0026344664,0.0029685195,0.004869871,0.0039676935,0.005846401,0.0088597825,0.009573677,0.011291901,0.009409851,0.0014661262,0.033358645,0.009812986,0.0069625983,0.008869535,0.00144472,0.002846313,0.015866375,0.04958748,0.013944226,0.023235416,0.009214927,0.009917705,0.0077039935,0.012342074,0.0084875375,0.0058484995,0.0059815207,0.0054632295,0.005212957,0.004323212,0.0038780535,0.0072919135,0.005358577,0.004963915,0.0033557601,0.008314626,0.0069666216,0.0024909335,0.005276361,0.03501988,0.009089266,0.00300539,0.0068427087,0.013340284
0.0047039213,0.018575707,0.0146766,0.0052787918,0.0043754987,0.06467111,0.008015746,0.0043761865,0.0061745583,0.013189254,0.0042619063,0.0042786025,0.0025653522,0.008281927,0.003454577,0.0041057197,0.0029404478,0.0022965719,0.0024622877,0.0017141934,0.0025652496,0.0027725827,0.002484812,0.0032223542,0.0047683767,0.0037019956,0.011860031,0.00046024684,0.006701984,0.0017337127,0.0033777999,0.009296981,0.011990765,0.002846313,0.0007842697,0.007280253,0.0063902372,0.017283533,0.039916247,0.0028218238,0.0034544852,0.018583454,0.0067862896,0.008050826,0.004388037,0.004126407,0.0027712185,0.005195945,0.0057474086,0.0044820267,0.009157258,0.010841354,0.0059899413,0.003967952,0.018712878,0.018876193,0.0036587284,0.010723188,0.37989882,0.020986028,0.0069153686,0.030987892,0.08204268
0.005664639,0.016730642,0.007257241,0.0035958008,0.01425772,0.026286032,0.005394178,0.004133179,0.0057189236,0.0042487467,0.004346429,0.002727032,0.003514787,0.004534489,0.0039228494,0.0015597824,0.0044716136,0.0024194585,0.0033909513,0.0021712242,0.00267615,0.0060298773,0.0032077543,0.0036022488,0.005639582,0.006617179,0.004432831,0.006738061,0.00015728892,0.009561879,0.0073035243,0.023530763,0.074845985,0.015866375,0.007280253,0.00089686323,0.012729334,0.022743301,0.014019186,0.13812137,0.019667737,0.0060157496,0.016920632,0.01132858,0.010699455,0.012511261,0.0046560136,0.008571138,0.0029779559,0.004083485,0.0065696966,0.008623632,0.0040730806,0.0045582335,0.0072601787,0.006855238,0.002375451,0.0040300805,0.012732128,0.0084134275,0.004087014,0.006318827,0.02990311
0.0024861146,0.003949993,0.003299277,0.003065022,0.0037791333,0.004086977,0.0025320551,0.0032209652,0.0047022244,0.00714424,0.0034637903,0.005891649,0.0023901751,0.0038841718,0.003253034,0.0021965713,0.00223578,0.0018372411,0.0026438246,0.002761085,0.004311301,0.004387351,0.007684083,0.002738788,0.005209326,0.021075139,0.0055691777,0.00330887,0.0021646516,0.0050615706,0.0045997784,0.0063771405,0.098346144,0.04958748,0.0063902372,0.012729334,0.0020453501,0.0034479534,0.016826753,0.43068355,0.27672327,0.021653932,0.039135665,0.036264353,0.01358989,0.013138997,0.010987181,0.004995665,0.00489419,0.007813906,0.0064440165,0.007390607,0.0043574288,0.004953948,0.0059365034,0.0051837172,0.0040018097,0.0020485793,0.007487633,0.0038908306,0.002866983,0.005446324,0.009373876
0.002799642,0.008221011,0.008509762,0.0022748325,0.002744004,0.007004664,0.003487028,0.0015751296,0.0027979799,0.0052505243,0.0023150546,0.0026169615,0.0028753825,0.0043236776,0.0024826478,0.0016909055,0.0023864077,0.0024269267,0.0023696022,0.0017371344,0.0049861292,0.0056158914,0.0024457416,0.004261831,0.003187822,0.0036966759,0.0029699649,0.001717679,0.0041141314,0.0010406367,0.0025871573,0.0013420845,0.0075927796,0.013944226,0.017283533,0.022743296,0.0034479534,0.00075247785,0.011584677,0.02223052,0.06598959,0.07778033,0.02652901,0.008570667,0.012781287,0.038776882,0.012222793,0.01624681,0.012034725,0.0114165135,0.01092883,0.0063298754,0.007524937,0.005199902,0.03677035,0.022215465,0.0048063686,0.0039321617,0.34784847,0.012646997,0.006508579,0.0074446267,0.08128955
0.0028982079,0.0106370235,0.0074568456,0.003327037,0.0027584408,0.002936046,0.0024134894,0.00198255,0.0034604275,0.005926334,0.0031894555,0.001884859,0.0016246615,0.00248578,0.0028240746,0.0016666292,0.0018429498,0.0017835397,0.0020892862,0.0014928494,0.0022815068,0.002529868,0.0016253146,0.0035125748,0.0023277493,0.0024485446,0.0045327996,0.0022247476,0.000931352,0.004173945,0.0010905769,0.001580791,0.0032917026,0.02323542,0.039916247,0.014019186,0.016826753,0.011584677,0.0006059764,0.0020511309,0.0063434974,0.11493496,0.12849683,0.043789946,0.007598908,0.011765766,0.00306834,0.0069966526,0.009272065,0.0068175234,0.011331428,0.015734399,0.0160398,0.004301718,0.06089759,0.13563961,0.012695617,0.0071171145,0.3589971,0.06644328,0.010463071,0.011563499,0.21556844
0.004581369,0.005570942,0.0034905558,0.0026330738,0.006748539,0.0070678773,0.0028404614,0.0029191982,0.0025872053,0.0028644197,0.002876906,0.0039485767,0.0033362424,0.0029300456,0.003720471,0.0018436725,0.0036299783,0.004859993,0.0030700588,0.002620005,0.0033130227,0.004242004,0.0036540036,0.002876452,0.0052419757,0.005533921,0.0029712417,0.0020580287,0.0010123507,0.007814772,0.0027172302,0.001803072,0.011560515,0.009214927,0.0028218224,0.13812134,0.43068355,0.02223052,0.0020511309,0.0014101961,0.04999822,0.0034741405,0.15869299,0.33055687,0.039901514,0.01925399,0.011756566,0.019133314,0.006654098,0.017403612,0.0058122254,0.0024913955,0.0030744416,0.0032262267,0.0060558487,0.004045994,0.0066687833,0.004267661,0.005350514,0.015724484,0.009167157,0.009131546,0.021545576
0.0027115468,0.0037303395,0.0026557776,0.0028537605,0.004844685,0.0019734474,0.0015394322,0.002235532,0.0037366254,0.003527965,0.0045394097,0.00203201,0.0016201787,0.0028330202,0.0033494378,0.0016830275,0.0026734585,0.0046089725,0.002295672,0.0021529817,0.0035625747,0.0039891168,0.0042217015,0.0031361773,0.0033487454,0.00644623,0.0028928195,0.0020890823,0.003350519,0.003335675,0.0027199953,0.0026790204,0.007103592,0.00991771,0.0034544866,0.019667737,0.27672336,0.065989606,0.0063434974,0.049998235,0.0006346796,0.013972965,0.013894609,0.9157949,0.23201613,0.014992769,0.02510989,0.01326056,0.010289705,0.008264759,0.006243235,0.005236884,0.004976208,0.0047660447,0.012209409,0.008337647,0.007506431,0.0032437488,0.0058084326,0.023180084,0.00890344,0.004469226,0.012748519
0.0018411577,0.002829996,0.0031721292,0.0014298115,0.0021896292,0.0024588655,0.002207479,0.0015377796,0.002657857,0.0024411841,0.0029761686,0.0013469984,0.0019634229,0.0042744405,0.0017476177,0.0015685735,0.0022241634,0.0025487624,0.0031094179,0.0020853141,0.002612147,0.0025095278,0.0029963555,0.002352307,0.0022404992,0.0037793233,0.005589737,0.0015752001,0.005410165,0.0029452927,0.002072389,0.0038820086,0.0064176987,0.0077039935,0.018583454,0.0060157496,0.021653932,0.07778033,0.11493496,0.0034741405,0.013972965,0.0013919895,0.012781099,0.016570667,0.258599,0.13802858,0.022889366,0.028451977,0.02382021,0.011633696,0.009195943,0.010338828,0.01008892,0.0095425015,0.051486257,0.17272913,0.0072290907,0.0038144179,0.036443256,0.021672493,0.0038331444,0.0059532044,0.021528587
0.002655555,0.0031596199,0.0026188116,0.0030381284,0.003861762,0.0024522173,0.0022484022,0.0019551553,0.0017583165,0.0022328822,0.003188078,0.0017685157,0.0021882162,0.0034635304,0.0019283879,0.0019794144,0.0019283466,0.0046611233,0.0023374634,0.0028671147,0.002415405,0.0027602513,0.0016721148,0.0037297031,0.0040975623,0.0038418595,0.0024624085,0.0019772002,0.002774821,0.0031791541,0.0023853376,0.0021151782,0.007601095,0.012342074,0.0067862934,0.016920632,0.039135665,0.02652901,0.12849681,0.15869299,0.013894603,0.012781099,0.00064704794,0.014597256,0.01264211,0.1580553,0.011413474,0.18322769,0.013581166,0.0056967167,0.008220785,0.019577328,0.018860834,0.0047955923,0.015120948,0.035105374,0.008653523,0.0029862383,0.053324237,0.033399567,0.0080201235,0.0047516786,0.015896976
0.004636333,0.0029423258,0.0022211347,0.0020684453,0.0027600494,0.0014118797,0.0018886216,0.0021456857,0.003049251,0.0015994803,0.001801298,0.0021620772,0.00138979,0.0020576047,0.0022824372,0.002324394,0.0030906687,0.0037415153,0.005581026,0.005292405,0.0022210798,0.003316454,0.0016445261,0.0019821858,0.003476892,0.004909243,0.0024966164,0.0024534562,0.007078466,0.006479687,0.0025488872,0.0046539214,0.0073779686,0.0084875375,0.008050826,0.01132858,0.036264353,0.008570671,0.043789946,0.33055687,0.9157949,0.016570674,0.014597262,0.00069487904,0.094002485,0.0101952255,0.020046547,0.02522227,0.020972477,0.020155564,0.006190364,0.007820135,0.0050259926,0.0053673317,0.027125098,0.0037314652,0.0148619525,0.0026646622,0.003554319,0.021053886,0.013573228,0.004367521,0.016858589
0.0031262096,0.0030290587,0.0014234071,0.0022661425,0.0021150673,0.0020704118,0.0019048525,0.0027791336,0.003098112,0.0021710177,0.0026591998,0.0026708217,0.0015609085,0.0025601913,0.0029822446,0.0018544851,0.0039365757,0.0041391086,0.0053409934,0.0037520097,0.0037045013,0.005537283,0.0025860057,0.0028034614,0.0034422446,0.0046909438,0.003396727,0.0026595956,0.0036670032,0.0044337926,0.0029227785,0.0037170916,0.008657141,0.0058484995,0.004388037,0.010699455,0.01358989,0.012781287,0.0075989044,0.039901514,0.23201613,0.25859895,0.01264211,0.09400247,0.00074732857,0.013073387,0.014356741,0.2325997,0.018359851,0.015750883,0.003514463,0.004788279,0.0098062605,0.011612534,0.012447096,0.0075482624,0.014236531,0.0035086097,0.006556753,0.03438765,0.030002208,0.005326273,0.013452053
0.0018307396,0.0031582327,0.0039913626,0.0017856633,0.0019728595,0.0021254467,0.0021899107,0.0018310351,0.0034394094,0.0018091619,0.0014726775,0.0012083442,0.0023497695,0.002493877,0.0015755023,0.0018972487,0.0026231096,0.0061692027,0.0030163373,0.0040602493,0.0035390006,0.0056395787,0.0032821062,0.0025390715,0.0027909705,0.00548694,0.0030900857,0.0015659477,0.004375524,0.006537416,0.0018829653,0.0035080244,0.0044154613,0.0059815207,0.004126407,0.012511261,0.013138997,0.038776882,0.011765766,0.019253995,0.014992769,0.13802855,0.1580553,0.0101952255,0.013073387,0.003299752,0.00701794,0.013874904,0.04591142,0.006382476,0.0231728,0.010138955,0.021442283,0.008483377,0.063702434,0.21900052,0.008569363,0.004485377,0.016502773,0.01587216,0.011665528,0.0076687406,0.020664973
0.003111396,0.0028731988,0.0021616563,0.0026831082,0.0017747148,0.0017934298,0.0023868757,0.0017624384,0.0018834342,0.0025812306,0.0026106094,0.0020282373,0.0021397246,0.003248442,0.0031237584,0.0014619235,0.0032800757,0.0049305847,0.0028510143,0.0038173017,0.0029527436,0.0044665225,0.0036145241,0.0044447402,0.0026201734,0.0048641223,0.003120571,0.0025937387,0.0026217988,0.0032859053,0.0018770831,0.0026204311,0.0053482605,0.0054632295,0.0027712171,0.0046560136,0.010987181,0.012222793,0.00306834,0.011756566,0.025109887,0.02288937,0.011413474,0.020046547,0.014356741,0.007017937,0.0063846475,0.06790145,0.2135557,0.031193392,0.017430337,0.0162454,0.12600754,0.03207627,0.02096451,0.2199138,0.030097578,0.0055311243,0.0057703373,0.035516538,0.0050604544,0.008186643,0.008660014
0.0038521055,0.0035223172,0.0019188385,0.004917291,0.0020398311,0.0023253816,0.0020697431,0.0018211701,0.0019321974,0.0019039905,0.0022485615,0.0025397793,0.001738789,0.0033626263,0.0023241574,0.0021707006,0.0033552686,0.0048687966,0.0061076214,0.0030467152,0.0041031763,0.003923196,0.002898653,0.0035068395,0.0032274767,0.002214701,0.0023445173,0.0015833414,0.003722191,0.006035576,0.0032084254,0.0040641828,0.0044577653,0.005212957,0.005195945,0.008571138,0.004995665,0.016246803,0.0069966526,0.01913332,0.01326056,0.028451977,0.18322769,0.025222264,0.23259966,0.013874904,0.06790145,0.0014982917,0.032011874,0.04228876,0.0033975453,0.02030588,0.014064976,0.014989289,0.011299755,0.033799175,0.055917148,0.003815614,0.006762118,0.028020719,0.009956808,0.0044751894,0.009484266
0.0032715811,0.005615138,0.0037676324,0.0027013419,0.0019434531,0.002004039,0.0015264163,0.0017981131,0.0015050403,0.0018303694,0.0026347935,0.0018979551,0.0019182732,0.004589507,0.0021824008,0.0017191971,0.0032720072,0.0041016466,0.003621866,0.0027252182,0.0027123464,0.002893454,0.002660766,0.0029037045,0.0023885407,0.0026128201,0.0033553597,0.002035491,0.003189148,0.0027677352,0.0026911073,0.0034939207,0.0051084436,0.004323212,0.0057474086,0.0029779559,0.00489419,0.012034725,0.009272065,0.006654098,0.010289699,0.02382021,0.013581166,0.020972474,0.018359851,0.045911428,0.2135557,0.032011874,0.0013715246,0.052658543,0.6153345,0.01194417,0.12658201,0.011362009,0.014335494,0.35210225,0.031906933,0.0067308587,0.0055418722,0.013502061,0.003967236,0.0059169224,0.006890271
0.0056940354,0.0047774957,0.0018383046,0.004704964,0.002234206,0.0017620039,0.0034531164,0.003362239,0.001591529,0.0021330756,0.0031956332,0.002538451,0.0011094026,0.0038586634,0.0044301255,0.0018016762,0.0033460082,0.0072250506,0.0037898046,0.0026686115,0.0027222135,0.0038928364,0.0037671565,0.0032204494,0.0027630643,0.003835203,0.0036250025,0.0041441023,0.0044018636,0.0030897479,0.00251792,0.0030407102,0.0066446685,0.0038780535,0.0044820267,0.004083485,0.007813906,0.0114165135,0.0068175234,0.01740362,0.008264759,0.011633696,0.0056967167,0.020155568,0.015750883,0.006382476,0.031193392,0.04228875,0.052658543,0.0010563628,0.05637646,0.044766087,0.10368533,0.034814756,0.008454473,0.02655808,0.13482113,0.007915499,0.013507892,0.015855543,0.015193636,0.005597922,0.0066597355
0.0043758396,0.0035252923,0.0054143188,0.0037075875,0.0019311226,0.0015888279,0.002927933,0.002660538,0.002317243,0.0023553497,0.003953747,0.0028489179,0.0020257486,0.00472744,0.0043346,0.0018209976,0.0026618808,0.0036517838,0.0034692148,0.0022036908,0.00305026,0.003604781,0.0024579708,0.002064233,0.0027027014,0.0028073112,0.0028018341,0.003369386,0.005753197,0.0056301053,0.0039805453,0.004348592,0.006746788,0.0072919135,0.009157258,0.0065696966,0.0064440165,0.01092883,0.011331428,0.0058122254,0.006243235,0.009195943,0.008220785,0.006190364,0.0035144647,0.0231728,0.017430337,0.0033975453,0.6153345,0.05637646,0.0477934,0.0129410075,0.0848168,0.023171714,0.008316136,0.047566175,0.049605563,0.0035611093,0.01190573,0.017355265,0.005958535,0.006179206,0.010934506
0.0049720188,0.00497309,0.0030573355,0.0030958166,0.0016256821,0.0014746393,0.0025275177,0.0029923525,0.00135023,0.00211093,0.002422053,0.00138659,0.0015213969,0.0027239018,0.0021711797,0.001120594,0.0025727202,0.0030735135,0.0030036848,0.0016443995,0.0020767446,0.0020080982,0.001022696,0.0018239296,0.0025733479,0.0018116747,0.0025656032,0.002218144,0.003501786,0.0038801765,0.0028018155,0.0036990808,0.003349675,0.005358577,0.010841354,0.008623632,0.007390607,0.0063298726,0.015734399,0.0024913955,0.005236884,0.010338828,0.019577332,0.007820135,0.004788279,0.010138955,0.0162454,0.02030588,0.01194417,0.044766087,0.012941001,0.0007660745,0.016309598,0.07159903,0.02630561,0.35400376,0.9917916,0.011645978,0.010278339,0.48732692,0.07556893,0.006626492,0.006724154
0.0037193173,0.007105465,0.0054516057,0.0028494273,0.0020568802,0.0019205277,0.0026532083,0.0016119359,0.0021893294,0.0017831121,0.0026721011,0.001328295,0.0019430666,0.0049336995,0.002035894,0.0013858468,0.0021544122,0.003345119,0.002472263,0.0019000164,0.002640422,0.0023092413,0.0025623827,0.0025206436,0.0020564983,0.0017122991,0.0019539525,0.002035037,0.004632701,0.004059559,0.0030818705,0.0042988593,0.0033920233,0.004963915,0.0059899413,0.0040730806,0.0043574288,0.00752494,0.0160398,0.0030744416,0.004976208,0.01008892,0.018860834,0.0050259926,0.0098062605,0.021442283,0.12600754,0.014064976,0.12658206,0.103685305,0.0848168,0.016309598,0.00056642824,0.019888187,0.4428831,0.49001363,0.08064088,0.006812892,0.013137744,0.015309374,0.027472742,0.008097111,0.0100433
0.006913751,0.0053363796,0.00659598,0.0137719065,0.0029180187,0.0028661925,0.004125112,0.004955474,0.0017774403,0.004363542,0.00535163,0.0026089016,0.002375096,0.004582178,0.0049236924,0.0017209568,0.0043199314,0.0039007545,0.0042635696,0.0029223396,0.0017525309,0.0030840514,0.0030736686,0.0023630206,0.0018722259,0.0021601203,0.0027239409,0.0022624636,0.0038049389,0.0028568571,0.0034714527,0.003190027,0.0028600008,0.0033557601,0.003967952,0.0045582335,0.004953948,0.005199902,0.004301718,0.0032262267,0.0047660447,0.0095425015,0.0047955923,0.0053673317,0.011612539,0.008483377,0.03207627,0.014989289,0.011362009,0.034814756,0.02317171,0.071599044,0.019888187,0.015173416,0.003314703,0.011319937,0.8803043,0.079510406,0.007912713,0.012775536,0.07402735,0.010077872,0.0044497205
0.0019975407,0.0052114143,0.0050438438,0.0029078007,0.0013694075,0.0034393228,0.0031548357,0.0012736431,0.002205392,0.0044794343,0.0026989125,0.0024435462,0.0018339385,0.004627835,0.0017119518,0.0011448512,0.0016683509,0.0017129699,0.0014280253,0.0015241753,0.0017011329,0.0027973014,0.0014508276,0.0015424438,0.002405488,0.0050587426,0.0024466852,0.001623001,0.0057235183,0.00804348,0.008377173,0.0050300863,0.004051674,0.00831463,0.018712878,0.0072601787,0.0059365034,0.03677035,0.060897578,0.0060558487,0.012209403,0.051486257,0.015120948,0.027125092,0.012447096,0.063702434,0.020964507,0.011299755,0.014335488,0.008454468,0.008316136,0.026305614,0.442883,0.003314703,0.0029480977,0.033165745,0.018197758,0.007661871,0.052417688,0.033416916,0.0056669815,0.010313463,0.01942923
0.0025685995,0.004167627,0.0016222078,0.002146228,0.0013130852,0.0013873258,0.0016273453,0.0013696331,0.0013335599,0.002874095,0.0036602726,0.0016345015,0.0009984922,0.0037601604,0.001948164,0.0010982088,0.0016334436,0.0024243307,0.0017305886,0.0011825282,0.0018119558,0.0017943777,0.0023961063,0.0024443332,0.0024340136,0.0027281307,0.0027672444,0.0021957618,0.003696367,0.002292101,0.0030520034,0.0038868354,0.005384287,0.0069666216,0.018876191,0.0068552345,0.0051837172,0.022215465,0.13563961,0.004045994,0.008337647,0.1727291,0.035105374,0.0037314652,0.007548266,0.21900056,0.21991388,0.033799175,0.35210225,0.026558075,0.047566175,0.35400364,0.4900135,0.011319937,0.03316574,0.0008667619,0.008279253,0.0023216356,0.10164895,0.045735016,0.002839392,0.0018714909,0.0005008064
0.00718266,0.0029235233,0.0015981841,0.005145317,0.0028671804,0.0011577873,0.0028559512,0.002237574,0.0014272191,0.0016101344,0.0051635457,0.0025909338,0.0009605185,0.0030731221,0.0024166612,0.0012455846,0.0019442192,0.0018991657,0.0019549672,0.0016992965,0.002149264,0.0022553285,0.0017877994,0.001990976,0.0014307573,0.0019565355,0.0019520937,0.0019319481,0.0028307564,0.0016041305,0.0031508356,0.0018576372,0.0025184972,0.0024909335,0.0036587284,0.002375451,0.0040018097,0.0048063686,0.012695617,0.0066687833,0.007506431,0.0072290874,0.008653523,0.0148619525,0.014236531,0.008569363,0.030097578,0.055917148,0.03190694,0.13482113,0.049605563,0.9917916,0.08064088,0.8803043,0.018197764,0.0082792565,0.0032416405,0.002179743,0.0047591147,0.29304892,0.09778068,0.0139727285,0.001945404
0.007875313,0.005665979,0.13244337,0.031534612,0.0030300093,0.006423746,0.043195985,0.01575027,0.0036118669,0.006003436,0.014760243,0.0031470798,0.0025159866,0.006824116,0.0045420006,0.0017408644,0.0024450389,0.0027308187,0.0026445603,0.001746693,0.002495739,0.0020057878,0.0022739582,0.0019007428,0.0024136442,0.0018651481,0.005578775,0.002645096,0.004667667,0.002217015,0.006054118,0.011511041,0.0043845046,0.005276361,0.010723188,0.0040300805,0.0020485793,0.0039321617,0.0071171145,0.004267661,0.0032437488,0.0038144179,0.0029862383,0.0026646622,0.0035086097,0.004485377,0.0055311243,0.003815614,0.0067308587,0.007915502,0.0035611093,0.011645984,0.006812888,0.079510406,0.007661871,0.0023216356,0.002179743,0.0053012106,0.0024274508,0.026443029,0.875641,0.54023904,0.061738495
0.0036347655,0.004049658,0.021837208,0.0024046013,0.0014202286,0.004282338,0.005026363,0.0015749683,0.001255872,0.0048356685,0.0033393435,0.0023104292,0.0018863606,0.0039469623,0.0013821542,0.0009049399,0.0015014075,0.0015186708,0.002035238,0.0012697877,0.001336236,0.0023923488,0.00092496444,0.0017900398,0.0016217978,0.0011655821,0.0024930113,0.004127589,0.0061017047,0.0047844932,0.04366267,0.01731639,0.0041298103,0.035019886,0.3798989,0.012732128,0.007487633,0.34784847,0.3589971,0.005350514,0.0058084326,0.036443263,0.05332425,0.003554319,0.006556753,0.016502773,0.0057703373,0.006762118,0.0055418722,0.013507892,0.011905734,0.010278339,0.013137744,0.007912713,0.0524177,0.10164895,0.0047591147,0.0024274508,0.00026442562,0.026940757,0.0044723866,0.0055482355,0.12191692
0.0066193175,0.0021929427,0.0028088547,0.0037971875,0.0026960378,0.0013725111,0.0027626625,0.0015722001,0.0018977075,0.0023942683,0.0042191767,0.0014569445,0.0015008206,0.0028983734,0.0020109594,0.0008249391,0.0015004535,0.001441356,0.0017586478,0.0014126396,0.0011228465,0.0015939289,0.0009970512,0.001298345,0.0016113574,0.001367652,0.00199038,0.0019335037,0.0029257315,0.0027558946,0.0031730114,0.005027822,0.0041227504,0.009089266,0.020986032,0.0084134275,0.0038908306,0.012646997,0.06644328,0.015724484,0.02318008,0.021672493,0.033399574,0.02105388,0.03438765,0.01587216,0.03551653,0.028020719,0.013502061,0.015855543,0.017355265,0.48732692,0.015309374,0.012775536,0.033416916,0.045735016,0.29304892,0.026443029,0.026940767,0.0054868045,0.016668525,0.0110648945,0.004846244
0.013579231,0.0031890601,0.008302682,0.028113859,0.0050233374,0.0028033175,0.010807687,0.009607165,0.0015307473,0.0031885703,0.013079431,0.0037397435,0.0025357637,0.0027763403,0.0041067395,0.0012480239,0.0027294334,0.004956609,0.0028938472,0.0021749197,0.0021228106,0.0021420217,0.002297526,0.0034027805,0.0022433207,0.0017389875,0.002042901,0.0017535816,0.003085541,0.003525331,0.003749175,0.005930071,0.0027783501,0.00300539,0.0069153686,0.004087014,0.002866983,0.006508579,0.010463071,0.009167157,0.00890344,0.0038331444,0.0080201235,0.013573228,0.030002216,0.011665528,0.0050604544,0.009956808,0.003967236,0.015193636,0.005958535,0.07556893,0.027472742,0.07402735,0.0056669815,0.002839392,0.09778068,0.875641,0.0044723866,0.016668525,0.006327899,0.016156057,0.004106447
0.0041588554,0.006633888,0.0719185,0.028407972,0.0025923352,0.004142172,0.2117638,0.0104068555,0.0029317413,0.010396009,0.011488275,0.002574328,0.0030202072,0.004982246,0.0050484454,0.0017145615,0.0039081355,0.0022479498,0.0022480665,0.0019591062,0.001872577,0.0025431775,0.0017955241,0.0026084,0.0014066021,0.0025023678,0.003464737,0.004821009,0.00362108,0.0030421983,0.010949342,0.011910425,0.0043826094,0.0068427087,0.030987885,0.006318827,0.005446324,0.0074446225,0.011563499,0.009131546,0.0044692243,0.0059532044,0.004751676,0.004367519,0.005326273,0.0076687406,0.008186643,0.0044751875,0.0059169224,0.005597922,0.006179206,0.006626492,0.008097111,0.010077869,0.010313463,0.0018714909,0.0139727285,0.5402389,0.0055482355,0.0110648945,0.016156057,0.006456861,0.012263464
0.0042699208,0.00470374,0.010421613,0.004494659,0.002568365,0.004851189,0.015196975,0.0047437744,0.002615568,0.009427825,0.007709365,0.0023396371,0.0024504473,0.0071942755,0.002832954,0.0015523518,0.0019345105,0.0019072371,0.0018413871,0.0021926651,0.0019569583,0.0015482923,0.001493519,0.0015005092,0.001739881,0.0015600303,0.003965891,0.0016458655,0.004590507,0.0059168492,0.013099031,0.012197337,0.0039331946,0.013340284,0.0820427,0.02990311,0.009373876,0.08128955,0.21556844,0.02154558,0.012748519,0.021528592,0.015896976,0.016858589,0.013452053,0.020664973,0.008660014,0.0094842715,0.006890274,0.0066597355,0.010934506,0.006724154,0.0100433,0.0044497205,0.019429233,0.0005008064,0.001945404,0.06173851,0.12191691,0.004846244,0.004106447,0.012263469,0.00052109064
