0,1,2,3,4,5,6,7,8,9,10,11,12,13,14,15,16,17,18,19,20,21,22,23,24,25,26,27,28,29,30,31,32,33,34,35,36,37,38,39,40,41,42,43,44,45,46,47,48,49,50,51,52,53,54,55,56,57,58,59,60,61,62,63,64,65,66
0.00048838404,0.0012486492,0.00091764826,0.08587677,0.033093408,0.004412526,0.0033990778,0.039298356,0.03792682,0.038394567,0.03136188,0.01363422,0.016940426,0.07582144,0.020807497,0.015401131,0.017917529,0.025312724,0.014161059,0.016389782,0.010431162,0.009909478,0.005375425,0.0071993372,0.011237649,0.0038690672,0.009449443,0.012226415,0.009267855,0.003976878,0.016074447,0.017344503,0.004354511,0.005448615,0.009365937,0.0091058845,0.0037815014,0.006213811,0.005564131,0.005668618,0.0019722758,0.0029580658,0.0035787597,0.0027811208,0.0024031252,0.002467376,0.0015120583,0.001623685,0.0020408127,0.0023256128,0.0019640576,0.0037840195,0.003244162,0.0018597736,0.0021200671,0.0038753615,0.0025061497,0.0058716033,0.0057659266,0.0056460164,0.0036328526,0.0045612077,0.0079665575,0.0036905203,0.00969017,0.006831984,0.0061101485
0.0012486492,0.0025502814,0.0015906442,0.0007460418,0.011276744,0.05359242,0.0038403287,0.000771998,0.0043766936,0.006920017,0.006313381,0.008097922,0.006550339,0.008453589,0.018028472,0.02280662,0.006305536,0.012641662,0.0072057545,0.0077522644,0.007056097,0.00522961,0.006338195,0.02367144,0.0052149603,0.006470543,0.061306883,0.114989966,0.0127950655,0.009547893,0.4466353,0.17248443,0.008271974,0.017024357,0.14585374,0.040833443,0.0065038726,0.011251487,0.01002461,0.005413581,0.002757882,0.0053822184,0.0072980127,0.0027125245,0.0027668732,0.0021643457,0.002073625,0.0021814622,0.0070439205,0.0014170943,0.0029637488,0.002140202,0.0015946666,0.0018862349,0.0029842416,0.001967843,0.0018853076,0.0018583199,0.0032634886,0.0036502904,0.0030081717,0.004439454,0.005450797,0.0050048768,0.0031153893,0.003118038,0.008395997
0.00091764826,0.0015906442,0.001956326,0.0019408484,0.0067445072,0.015494969,0.308705,0.008638516,0.020562135,0.02294237,0.030913817,0.024709523,0.010218527,0.03297681,0.013722854,0.010819291,0.0070906216,0.006119526,0.0045169247,0.007971669,0.006027383,0.0043743295,0.0119377235,0.022459226,0.022322882,0.008224289,0.07316016,0.15706675,0.08076465,0.01229342,0.33870316,0.058930986,0.014647363,0.008589302,0.017538175,0.012725069,0.004296698,0.0061273794,0.0049906233,0.0043054484,0.0019500878,0.0026925693,0.0037991884,0.0052059987,0.0014966141,0.0021039094,0.0024186338,0.0014698235,0.0014511814,0.0037492106,0.001585895,0.0014738103,0.0016954367,0.001822989,0.0012281548,0.0015900416,0.0013909069,0.0014757646,0.0021224036,0.00226877,0.001909645,0.0032635366,0.0020200817,0.0025481828,0.0021035671,0.003552043,0.010669767
0.08587679,0.00074604136,0.0019408484,0.0005078469,0.00046028043,0.004623607,0.051992405,0.119145855,0.87879723,0.6578436,0.27310425,0.10851401,0.11728689,0.091191486,0.020378303,0.01718323,0.022215944,0.009189346,0.008861876,0.0053450502,0.0113262525,0.004620641,0.0046429364,0.0076188087,0.0066661234,0.0055067013,0.005193572,0.006462642,0.0068871747,0.003158567,0.008598138,0.006790035,0.0033253976,0.003164652,0.0071285465,0.0053212405,0.0047702417,0.0039906176,0.0032056966,0.0036343962,0.002983097,0.0022801796,0.0034369768,0.002879906,0.002348641,0.0030695084,0.0014796258,0.0019620724,0.0061901677,0.0013277859,0.002956706,0.002354608,0.0026168844,0.0015435113,0.002566388,0.002232372,0.0015407373,0.002610711,0.0034458127,0.0020436796,0.002086963,0.0061190533,0.003378967,0.0029022798,0.0022098583,0.0040123053,0.0037870097
0.033093408,0.011276744,0.0067445072,0.00046028043,0.0017641783,0.0044496465,0.0076945475,0.026259154,0.014162863,0.07795613,0.024818452,0.035563987,0.007394998,0.09167352,0.03950721,0.008632903,0.02192544,0.007896805,0.006494294,0.004919914,0.004594878,0.003681035,0.0045570307,0.016763823,0.005214997,0.0051525515,0.009850927,0.029072378,0.008137184,0.004221483,0.06949577,0.045881633,0.005895287,0.008150499,0.017305447,0.008914505,0.004595113,0.007884573,0.012479353,0.0045019365,0.0025341082,0.0058132256,0.0043686475,0.0023374623,0.0027608762,0.004737401,0.0030419813,0.0022784544,0.0019667018,0.002710473,0.002168502,0.0022289155,0.0029372496,0.0021266344,0.0018544304,0.0023461294,0.0026188937,0.0026406301,0.0051890286,0.002361435,0.0047213323,0.0032815493,0.0033422888,0.0023376734,0.006723091,0.0042534014,0.009915234
0.004412526,0.05359242,0.015494969,0.004623607,0.0044496465,0.0009970674,0.009977601,0.0075204293,0.0056094537,0.0054866797,0.010952249,0.015711773,0.008112793,0.00626396,0.009205994,0.0093171755,0.0046189805,0.010135266,0.00528609,0.0055698506,0.0034969107,0.0045725987,0.005736803,0.029801656,0.006608415,0.005078637,0.012460205,0.27940634,0.04450337,0.0059135854,0.085357346,0.61422545,0.015568301,0.016572244,0.09800624,0.06471561,0.00532551,0.0125486,0.032130662,0.006332339,0.004038185,0.0042251544,0.0047178455,0.002427533,0.0024143104,0.0023788693,0.002199641,0.0018629514,0.0018969165,0.0016228451,0.0018304078,0.002281597,0.003776228,0.0017043314,0.0019452375,0.0015062734,0.001580411,0.002469008,0.0017499168,0.0015128951,0.0017229257,0.0046381196,0.002232557,0.0035330127,0.0029679914,0.002434807,0.0034140311
0.0033990764,0.0038403287,0.308705,0.051992405,0.007694543,0.009977601,0.0014842531,0.0112788975,0.12648317,0.02706099,0.022586789,0.018763384,0.011032795,0.01106537,0.01737162,0.011981746,0.00813686,0.00918551,0.0042672353,0.005580066,0.003724595,0.0034057442,0.0048851646,0.020422619,0.007451165,0.0030829285,0.013342499,0.016688075,0.0080132475,0.00691307,0.026522424,0.030751472,0.0074079987,0.0071589374,0.015655395,0.009245282,0.005965388,0.006844293,0.0066564125,0.0039319787,0.003969722,0.0033832814,0.005276161,0.0045485594,0.0034941733,0.004711531,0.0030050643,0.0045090946,0.002275835,0.002880115,0.0034110912,0.0031384097,0.0021109832,0.0016607115,0.0040161214,0.0025223682,0.001966143,0.0018645461,0.0025294034,0.0018547368,0.0028713811,0.004787025,0.00301261,0.0044357884,0.0037379283,0.0024522801,0.003801741
0.039298337,0.0007719977,0.008638516,0.119145855,0.026259145,0.0075204293,0.0112788975,0.001772778,0.034236755,0.09538245,0.1303178,0.059674617,0.016932882,0.035818145,0.019374136,0.042084325,0.023896819,0.011910677,0.008226529,0.0032493623,0.0041014343,0.0048691565,0.004414018,0.0061845495,0.007618484,0.0036865708,0.009155345,0.014592627,0.0058469083,0.0038667177,0.011895872,0.015579802,0.0035463837,0.0065351306,0.012542958,0.004418185,0.007351778,0.006350002,0.0049841846,0.004193802,0.0030465312,0.0032051834,0.003401851,0.0026444811,0.0028397536,0.0024990055,0.0018612888,0.0026400075,0.002300038,0.0029533398,0.001699921,0.0029870463,0.0025585077,0.0025774352,0.002200914,0.0027082774,0.0028338593,0.0072268425,0.0035938825,0.00185213,0.00422887,0.0034156668,0.0029250695,0.0037911783,0.006286312,0.002703614,0.0046896124
0.03792682,0.0043766936,0.020562138,0.87879723,0.014162863,0.0056094537,0.12648317,0.034236766,0.00087984384,0.011355278,0.27557197,0.054677084,0.07403869,0.096637584,0.0071491594,0.024317184,0.00782194,0.0039219684,0.008949878,0.0037969006,0.00418581,0.003483522,0.0039061643,0.01356044,0.0031786694,0.0039304662,0.0085815815,0.008841193,0.004429532,0.004100599,0.0074098464,0.0077412054,0.0047513563,0.0044860267,0.004732417,0.007329815,0.0045469576,0.0052309874,0.0076770727,0.005317378,0.0027393065,0.0030039002,0.004116412,0.0027516636,0.0025100412,0.0023104062,0.0019210149,0.0020355773,0.002950052,0.0018659364,0.0016798025,0.0024581382,0.002191545,0.0020081268,0.0028650993,0.0030139564,0.0018304113,0.0029433067,0.003093498,0.0022282796,0.003261963,0.004226832,0.002745898,0.006135271,0.005396816,0.0026617732,0.0039227135
0.038394555,0.006920014,0.02294237,0.6578436,0.07795612,0.0054866797,0.027060984,0.095382474,0.011355278,0.0014012508,0.008963079,0.14592238,0.12895738,0.010209117,0.049436953,0.06391636,0.011463435,0.008765269,0.0076449662,0.0049577267,0.008006058,0.0041148546,0.006302152,0.015669635,0.012941409,0.0038517264,0.0040887278,0.023437303,0.0049919426,0.003343291,0.011782517,0.01624204,0.005826789,0.0027972842,0.011115763,0.0062864576,0.003994281,0.0039448575,0.0036180497,0.006123147,0.0019762227,0.0026337486,0.00330281,0.0017573871,0.0018905398,0.0020369175,0.0021486508,0.0012942102,0.002056157,0.0018627465,0.002007883,0.0025944912,0.0021668042,0.0015806389,0.00451958,0.0020447448,0.0023304373,0.0029789812,0.0029499284,0.0022696976,0.002733287,0.0020659328,0.0022540134,0.0020875211,0.0027184554,0.0042307694,0.0036158536
0.03136188,0.006313377,0.030913828,0.27310416,0.024818452,0.010952245,0.022586796,0.13031784,0.27557197,0.008963079,0.0016351498,0.0082311835,0.8005184,0.5875572,0.004129065,0.01143557,0.05406128,0.00987925,0.020140417,0.006735872,0.006097169,0.0069896984,0.0068055424,0.0067645367,0.006317384,0.007160992,0.005401589,0.010307897,0.0067556575,0.0070520663,0.004426072,0.008679784,0.0040715258,0.004536209,0.003926783,0.0037485694,0.0046240743,0.0026347484,0.004033389,0.0024796168,0.0019575611,0.0026825608,0.003554966,0.002043774,0.0017562873,0.0019965216,0.0021303135,0.001922073,0.0020035582,0.001869421,0.0016841728,0.0019708516,0.002817212,0.0013718479,0.0023964343,0.0024166268,0.0020180552,0.001731964,0.0026597853,0.0017591906,0.0024994297,0.0019551094,0.0024247735,0.0027608855,0.0033115223,0.003284801,0.003051304
0.01363422,0.008097922,0.024709528,0.10851401,0.035563987,0.015711773,0.018763384,0.059674602,0.054677084,0.14592238,0.0082311835,0.0015203832,0.013083345,0.031349927,0.16951607,0.0305715,0.046177756,0.00827152,0.014999029,0.006878606,0.022328699,0.004081346,0.015598447,0.042308632,0.01794208,0.004865203,0.0115291,0.093481615,0.010753656,0.004619893,0.00719867,0.012336723,0.005438911,0.0026716094,0.004460587,0.0051098396,0.0030305134,0.002862639,0.0038728663,0.0027690264,0.0020432197,0.0017256341,0.0026390122,0.001565271,0.0019377853,0.0015268597,0.0012857224,0.0019234659,0.0015833502,0.0012983376,0.0015927464,0.0016190337,0.0020067405,0.0015572796,0.0017286061,0.0021281405,0.0022522523,0.0017124922,0.0034336937,0.0019352831,0.002125933,0.0018621464,0.0018022277,0.0023286873,0.00724088,0.0061482443,0.0048405305
0.016940434,0.006550339,0.010218527,0.11728689,0.007394998,0.008112789,0.011032795,0.01693289,0.07403866,0.12895738,0.8005184,0.013083345,0.0011327179,0.019660011,0.012278288,0.57933,0.19865301,0.024870252,0.019187199,0.0072723795,0.022183018,0.00839046,0.021982837,0.01106907,0.009699903,0.008250826,0.009308953,0.00758246,0.004539024,0.008038197,0.0033728178,0.0068839043,0.004975098,0.003291163,0.0032426652,0.005435126,0.003042567,0.0028194592,0.003304457,0.003590974,0.0018089915,0.0023560645,0.003831781,0.0016896462,0.0020110903,0.0015063164,0.0012251612,0.0018985423,0.002367242,0.0012067886,0.0017561794,0.0026758756,0.0022624612,0.0013770808,0.0037914235,0.003813751,0.0019001901,0.0023736367,0.002498315,0.0020944942,0.0021403662,0.0022164087,0.003000345,0.001869986,0.0020159034,0.0018839194,0.0026469824
0.075821415,0.008453589,0.032976817,0.091191486,0.09167352,0.00626396,0.01106537,0.035818145,0.096637584,0.010209122,0.5875572,0.031349935,0.019660011,0.0011528136,0.0023248552,0.008524374,0.22164513,0.031561144,0.021372149,0.024152132,0.017384874,0.009182602,0.011904265,0.029292706,0.026351364,0.005974839,0.01295639,0.013492716,0.008232912,0.005208214,0.0046525085,0.006553701,0.004492874,0.0039209793,0.0055479044,0.0059578996,0.0028348297,0.0019828123,0.0034921847,0.0036621178,0.0017936904,0.0019257969,0.0028114778,0.0016632425,0.0014514385,0.0019001694,0.0020408826,0.0014934827,0.0012516738,0.0011494829,0.0015838735,0.0017260482,0.0027241623,0.0015830405,0.0016855994,0.002300387,0.0015540881,0.002137905,0.002629052,0.0020880536,0.0017630224,0.0026040496,0.005708329,0.0031785257,0.0026970238,0.0026569522,0.0030416546
0.020807497,0.018028472,0.013722854,0.020378303,0.03950721,0.009205994,0.01737162,0.019374136,0.0071491594,0.049436953,0.004129065,0.16951607,0.012278288,0.0023248561,0.0011979777,0.02368682,0.04512772,0.19319668,0.12014348,0.07979272,0.08362115,0.017812863,0.035320032,0.18723455,0.1224642,0.011134092,0.02494937,0.06961032,0.010246174,0.007814908,0.004845531,0.012588517,0.004246246,0.002303598,0.006463955,0.003328582,0.0030773573,0.0014939011,0.0015785934,0.0018743156,0.0013275361,0.0013790663,0.0018898858,0.0016022179,0.0012610641,0.0013895339,0.0011421313,0.0013462116,0.0009809906,0.0010520112,0.0013451645,0.001654046,0.0016708432,0.001334268,0.0021096023,0.0017290446,0.0021795148,0.0021143106,0.0031682372,0.001634626,0.0018305983,0.0026751272,0.0025342926,0.0058764396,0.0025812343,0.0029077262,0.0018344554
0.015401134,0.02280662,0.010819291,0.017183239,0.008632903,0.009317179,0.011981746,0.042084325,0.024317192,0.0639164,0.01143557,0.030571505,0.5793301,0.008524379,0.023686824,0.001047685,0.0098365275,0.021608967,0.042601462,0.056545194,0.09563459,0.021429332,0.018003661,0.123674735,0.07405452,0.010212505,0.009648053,0.024966542,0.007003182,0.003783189,0.004125288,0.0039475397,0.0067613553,0.003663444,0.0034540996,0.0035136715,0.0030117533,0.0022555152,0.0028176485,0.002127045,0.0015912357,0.0018824277,0.0022825575,0.0018965736,0.0016473368,0.0014163237,0.0012759143,0.001452968,0.0019945267,0.0011211887,0.001979716,0.0016639259,0.0033463943,0.0012929173,0.0018314455,0.0028810014,0.0024650944,0.0017838624,0.002972441,0.002478855,0.0029154213,0.0030822295,0.0021171153,0.0025195936,0.003353729,0.0044037635,0.0045245877
0.017917529,0.006305539,0.0070906216,0.022215944,0.02192544,0.0046189805,0.00813686,0.023896826,0.00782194,0.01146344,0.05406128,0.04617774,0.19865301,0.22164513,0.04512772,0.0098365275,0.0012899265,0.03132286,0.12597966,0.008149991,0.050435416,0.06010135,0.039706472,0.056972697,0.04854135,0.020317195,0.01074195,0.02486564,0.010427496,0.011719224,0.0034755229,0.004990292,0.003928542,0.005763975,0.0020865658,0.0036930458,0.0019018975,0.002706996,0.0021792566,0.0030283649,0.0011858626,0.001324681,0.0035067112,0.0013569923,0.0015488687,0.0021016703,0.0012852816,0.0011084503,0.0016243678,0.0013067083,0.0016000629,0.002706892,0.0030581902,0.0013644542,0.0015284554,0.003458631,0.003155794,0.0015300732,0.0026361998,0.0035494552,0.0022769829,0.002321257,0.0034884366,0.0024694027,0.0038763885,0.0021609736,0.003423182
0.025312724,0.012641662,0.006119526,0.009189346,0.007896805,0.010135266,0.00918551,0.011910677,0.0039219684,0.008765269,0.00987925,0.00827152,0.024870252,0.031561144,0.19319673,0.021608967,0.03132285,0.0013187861,0.054661117,0.051817346,0.17138591,0.05935517,0.16779497,0.57891434,0.06895334,0.016113259,0.019699762,0.016169455,0.006612614,0.008752265,0.0043585026,0.0065141036,0.003532551,0.0025731921,0.0034556314,0.0026721987,0.0019283273,0.0033821093,0.002096276,0.0022434185,0.0014605729,0.0016280815,0.002407483,0.001588418,0.0020240431,0.0016091834,0.0021131206,0.001289378,0.0016365213,0.0014424956,0.0014421523,0.0018285043,0.002581599,0.0017854213,0.0025671073,0.0024275961,0.0028627096,0.0032812264,0.003232961,0.003979519,0.0022942787,0.0019320383,0.0024745823,0.0039000725,0.0034382967,0.0024177132,0.0018790917
0.014161059,0.0072057545,0.0045169247,0.008861872,0.006494294,0.0052860877,0.0042672353,0.008226529,0.008949878,0.00764497,0.020140417,0.014999029,0.01918719,0.021372149,0.12014353,0.042601462,0.12597966,0.054661117,0.00096815533,0.018088099,0.13628246,0.11212909,0.14318202,0.076959856,0.04602647,0.01930334,0.019270394,0.009305295,0.008803133,0.010844893,0.002892033,0.0041242074,0.0054996163,0.0033374175,0.003002941,0.0037879038,0.0037994646,0.0044553434,0.005261543,0.003249656,0.0016954181,0.0018118721,0.0036356947,0.0021800355,0.0016475399,0.0016094729,0.0017090841,0.0013153822,0.0016773185,0.0015674335,0.0019316641,0.0018194391,0.007768989,0.0024952071,0.002358231,0.0060296915,0.003564744,0.0018065546,0.0028472615,0.0038092916,0.002307885,0.002448217,0.0031708826,0.0019692793,0.0018348143,0.0036351043,0.002327809
0.016389782,0.0077522644,0.007971673,0.0053450502,0.004919914,0.0055698506,0.005580066,0.0032493623,0.0037969006,0.0049577267,0.006735872,0.006878606,0.0072723795,0.024152132,0.07979272,0.056545194,0.008149995,0.051817346,0.018088102,0.0012193646,0.037364405,0.034180276,0.78786266,0.5005996,0.19415611,0.016975591,0.02871156,0.024703564,0.012196718,0.004119678,0.0047925212,0.003843493,0.0034192835,0.003003035,0.0033651614,0.0038826244,0.0016648871,0.0016450376,0.0031959189,0.0036675853,0.001869792,0.0029315408,0.002111819,0.0019932627,0.0015238894,0.0020772044,0.0020403098,0.0022411048,0.00199298,0.0021979818,0.0018631819,0.0022791582,0.0031728428,0.0036902924,0.0026658222,0.003909741,0.0030626743,0.0035957855,0.006459125,0.0031039712,0.0025784099,0.005456867,0.0034911495,0.0036817782,0.0043152,0.0038512745,0.002694743
0.010431162,0.007056097,0.006027383,0.0113262525,0.004594878,0.0034969107,0.003724595,0.0041014366,0.00418581,0.008006058,0.006097169,0.022328705,0.022183018,0.017384874,0.08362114,0.09563462,0.050435416,0.17138591,0.13628246,0.037364412,0.0010631634,0.06648733,0.14330868,0.31576225,0.21903802,0.029207455,0.011820131,0.01835119,0.011419631,0.022415962,0.0023570848,0.005064895,0.0057079475,0.0024028085,0.0025063679,0.0028073604,0.0014254723,0.0017327672,0.0021921906,0.0022665942,0.0013718002,0.0019049059,0.0017390498,0.0018352955,0.0017337746,0.0017293164,0.0015647418,0.0016264896,0.0020779516,0.0013917098,0.0021216937,0.002222916,0.0031056716,0.0023679594,0.0026437063,0.0034848,0.0030531252,0.004378587,0.005757549,0.0035649708,0.0037720506,0.004295715,0.0023040266,0.002961705,0.002678014,0.0039121285,0.001725672
0.009909472,0.00522961,0.0043743295,0.0046206387,0.003681035,0.0045725987,0.0034057442,0.0048691565,0.003483522,0.0041148546,0.0069896956,0.004081346,0.008390456,0.009182602,0.017812863,0.021429332,0.06010133,0.05935517,0.11212909,0.034180254,0.06648731,0.0019610352,0.092379585,0.0064788368,0.934325,0.79371244,0.01173629,0.005841736,0.031586852,0.020766305,0.0022764588,0.008343571,0.010753169,0.002226857,0.003750828,0.003131449,0.0024313095,0.0028829938,0.0024597673,0.0021713243,0.0008323931,0.0017991019,0.0022832355,0.0022199505,0.0018435532,0.0016771276,0.0017067995,0.001813419,0.002496386,0.00170201,0.0020103564,0.0026380408,0.0029254507,0.002736908,0.0020425685,0.004767917,0.0032649112,0.003710613,0.005056185,0.003884722,0.0028017608,0.0031765564,0.0038161324,0.0038698928,0.009436878,0.003775288,0.0042118626
0.005375425,0.006338195,0.011937717,0.0046429364,0.0045570307,0.005736803,0.0048851646,0.004414018,0.0039061643,0.006302152,0.0068055424,0.015598447,0.021982837,0.01190426,0.035320032,0.018003656,0.039706472,0.16779497,0.14318202,0.78786266,0.14330868,0.09237961,0.0029977856,0.02215917,0.025929438,0.66654134,0.361292,0.008424546,0.023887638,0.02911594,0.0013006955,0.0058624926,0.0049503976,0.0011527484,0.0034048948,0.0025274015,0.0014421373,0.000974113,0.0042725937,0.0027967442,0.00036036974,0.0010363454,0.0028776175,0.0019492955,0.0018715577,0.0014406699,0.002551893,0.0031639272,0.0018370652,0.0022222607,0.0017951714,0.002526615,0.0028095334,0.0019491452,0.0015276668,0.0032441267,0.0027727794,0.0020737802,0.002127619,0.0022529124,0.002115924,0.0029560553,0.0031420935,0.0019018603,0.0022072773,0.003078942,0.0034763338
0.0071993372,0.023671445,0.02245922,0.007618813,0.016763823,0.029801648,0.020422619,0.0061845523,0.013560433,0.015669635,0.0067645367,0.04230864,0.01106907,0.029292712,0.18723455,0.123674735,0.056972686,0.5789143,0.076959856,0.5005996,0.31576225,0.00647884,0.02215917,0.0018139269,0.008147069,0.0064381333,0.0969917,0.040709354,0.00920716,0.0031158451,0.0013246426,0.004964824,0.004646929,0.0020634306,0.00280406,0.0031630504,0.0017466962,0.00070967316,0.0029654922,0.0038546494,0.0009927934,0.001328951,0.002019281,0.0017989512,0.0016550669,0.0010939862,0.0019000102,0.0013610155,0.0013162118,0.00083069305,0.0024925559,0.0019185991,0.0016384934,0.0015781508,0.0013987342,0.0015072878,0.0017330921,0.0045948233,0.0019226513,0.0016072999,0.0031035626,0.0029290526,0.0026868058,0.0031768354,0.0027372763,0.0033890293,0.002628023
0.011237655,0.0052149603,0.022322882,0.0066661234,0.005214997,0.0066084173,0.007451165,0.007618484,0.0031786694,0.012941409,0.006317384,0.01794208,0.009699903,0.026351364,0.12246419,0.07405452,0.04854136,0.06895336,0.04602648,0.19415611,0.21903807,0.934325,0.025929451,0.008147069,0.0009406208,0.024087897,0.00782277,0.032007825,0.08195849,0.008358805,0.0021921208,0.011127699,0.0027045591,0.0014040279,0.0030159082,0.004195238,0.0017999542,0.0010404777,0.000755945,0.0026215455,0.0010305012,0.0013628567,0.0014055001,0.0018045969,0.002055881,0.0020020239,0.0013177132,0.0023981438,0.0025474252,0.0026532083,0.0015465749,0.001768611,0.002820552,0.0025289357,0.003090328,0.0029447507,0.0028873424,0.002519203,0.0031010367,0.0033555944,0.0023852307,0.0028493905,0.002250772,0.004295501,0.0024441574,0.007762956,0.0020394933
0.0038690672,0.0064705396,0.008224289,0.0055066985,0.0051525515,0.005078637,0.0030829285,0.0036865708,0.0039304662,0.0038517264,0.007160992,0.004865203,0.008250826,0.005974839,0.011134086,0.010212501,0.02031719,0.016113259,0.019303339,0.016975591,0.029207448,0.7937124,0.66654134,0.0064381333,0.024087897,0.0061466824,0.014346824,0.0040637604,0.7134745,0.5349295,0.003679778,0.006697877,0.0071789687,0.001964796,0.005880971,0.008160022,0.0011701611,0.0013110982,0.0029541447,0.002556857,0.0011320879,0.003986189,0.0044789556,0.0020157997,0.0019053329,0.0021965434,0.0027300396,0.0014982269,0.002229836,0.0022078909,0.0015344811,0.0028752417,0.004336391,0.0032507959,0.0029222283,0.008299439,0.0029967884,0.0034182342,0.0037098958,0.002943245,0.0028335534,0.0037908761,0.0023337854,0.0033407088,0.0026837015,0.0050173947,0.0033514188
0.009449443,0.061306883,0.07316014,0.005193572,0.009850927,0.012460205,0.013342499,0.009155345,0.0085815815,0.0040887278,0.005401589,0.0115291,0.009308953,0.012956384,0.02494937,0.009648053,0.010741945,0.019699762,0.01927039,0.02871156,0.011820131,0.01173629,0.361292,0.0969917,0.00782277,0.014346824,0.0016778624,0.007978221,0.026923886,0.23122902,0.0113528,0.010649687,0.024820842,0.0042538475,0.0044739344,0.0073805144,0.0017610646,0.0009134553,0.0045007057,0.0031282788,0.0013735573,0.0019163934,0.002112975,0.0026018484,0.001517047,0.0019017229,0.002737171,0.0023996125,0.0015371698,0.001742423,0.0028067357,0.002072122,0.0026427913,0.0020190072,0.0025006034,0.005165454,0.0028628756,0.003105028,0.0027348523,0.0022047625,0.0033093572,0.0030134073,0.00357766,0.0030201352,0.0023609025,0.002627172,0.0051734806
0.01222642,0.11498994,0.15706675,0.006462642,0.02907237,0.27940634,0.016688075,0.014592627,0.00884119,0.023437303,0.010307897,0.09348159,0.00758246,0.013492716,0.069610305,0.024966538,0.024865633,0.016169447,0.009305295,0.02470356,0.018351186,0.005841736,0.008424546,0.040709347,0.032007817,0.0040637604,0.007978221,0.0015559352,0.010982715,0.016584659,0.008091131,0.039072905,0.0035283172,0.003364669,0.0045672343,0.0024224876,0.0023690138,0.0011128506,0.0030078685,0.003280562,0.002443976,0.002757819,0.0014938497,0.001692508,0.0023797986,0.0015936217,0.0045939945,0.0015931634,0.001629478,0.0018304521,0.0022847916,0.0021992181,0.002058383,0.0022962552,0.0017956003,0.0018325634,0.0021809144,0.0016278327,0.0020856159,0.0036112128,0.0021139865,0.0028821959,0.0021103644,0.0033399216,0.0026748665,0.005088276,0.0033893757
0.009267855,0.0127950655,0.08076465,0.0068871747,0.008137184,0.04450337,0.0080132475,0.0058469106,0.004429532,0.0049919426,0.0067556575,0.010753656,0.004539024,0.008232912,0.010246174,0.007003182,0.010427496,0.006612614,0.008803133,0.012196718,0.011419631,0.03158686,0.02388765,0.009207165,0.08195849,0.7134747,0.026923886,0.01098272,0.0030251876,0.01297499,0.0060519637,0.110002376,0.05014156,0.0074014617,0.006054385,0.014396511,0.0005379443,0.0048672236,0.0033362776,0.0022489436,0.0010904648,0.0033442113,0.00463238,0.0010936456,0.0013146551,0.0023293498,0.0032058842,0.0009905339,0.0015689819,0.0026329297,0.0023848123,0.002845283,0.003079431,0.0028040411,0.002951462,0.0027644208,0.0036445046,0.0054433905,0.0045088613,0.005352389,0.0020478237,0.004070283,0.0018605484,0.0020602331,0.00473721,0.004625916,0.003196566
0.003976878,0.009547893,0.012293425,0.003158567,0.004221483,0.005913588,0.00691307,0.0038667195,0.004100601,0.003343291,0.0070520663,0.004619893,0.008038197,0.005208216,0.007814908,0.003783189,0.011719224,0.008752265,0.010844893,0.004119678,0.022415953,0.020766309,0.02911594,0.0031158451,0.008358805,0.5349295,0.23122908,0.016584659,0.01297499,0.0042775827,0.004879069,0.017438686,0.23949605,0.044650923,0.005847285,0.015112541,0.0071633547,0.0047160233,0.010912519,0.014163854,0.0010206223,0.0036389316,0.0053604245,0.003782675,0.0017413817,0.002681442,0.0031960253,0.002906182,0.0023635612,0.0021859163,0.0021560153,0.004494922,0.004659394,0.003336945,0.002454355,0.0071859113,0.0067672892,0.0024761364,0.005000694,0.0036365932,0.0018713063,0.002216392,0.0029761756,0.002887367,0.0025252553,0.003027075,0.0025867547
0.016074447,0.4466353,0.33870292,0.008598138,0.06949578,0.08535737,0.026522424,0.011895872,0.0074098464,0.011782522,0.004426072,0.00719867,0.0033728178,0.0046525085,0.004845531,0.004125288,0.0034755229,0.0043585026,0.002892033,0.0047925212,0.0023570848,0.0022764597,0.0013006955,0.0013246426,0.0021921196,0.003679778,0.0113528,0.008091131,0.0060519665,0.004879069,0.0011520765,0.02071277,0.011083773,0.03239938,0.36017618,0.011184004,0.006803493,0.0075941277,0.017664129,0.007852155,0.0073209694,0.0058632814,0.0031198305,0.0037642906,0.004227422,0.0038730595,0.0029652794,0.003327779,0.0022027493,0.0042863577,0.002059504,0.0029024924,0.0023399333,0.0028267012,0.0028612306,0.003004123,0.0040670983,0.0029852435,0.004419219,0.0017906978,0.0035311698,0.0044640545,0.0037247597,0.0046722577,0.0058153346,0.0037675502,0.0059017227
0.017344503,0.17248443,0.058930986,0.0067900317,0.045881633,0.61422545,0.030751472,0.015579808,0.0077412054,0.01624204,0.008679784,0.012336723,0.0068839043,0.006553701,0.012588517,0.0039475397,0.004990292,0.0065141036,0.0041242074,0.003843493,0.005064895,0.008343575,0.0058624926,0.004964824,0.011127699,0.0066978806,0.010649687,0.039072905,0.11000242,0.017438686,0.020712767,0.0008847901,0.0061240727,0.009934651,0.062875,0.070594154,0.009568605,0.01117713,0.0026781133,0.0046779243,0.003114175,0.0028634816,0.0018688962,0.002003284,0.0015079373,0.0023594226,0.0024053769,0.00072838034,0.0016976526,0.0022882205,0.0014535541,0.001946895,0.0018549531,0.0017355325,0.0019825744,0.002739275,0.0024360016,0.0017711064,0.0024298215,0.0017072116,0.0032937715,0.0027053412,0.002949466,0.003376869,0.0043640328,0.002518387,0.0041149342
0.004354511,0.008271974,0.014647363,0.0033253976,0.005895287,0.015568301,0.0074079987,0.0035463837,0.0047513563,0.005826789,0.0040715258,0.005438911,0.004975098,0.004492874,0.004246246,0.0067613553,0.003928542,0.003532551,0.0054996163,0.0034192835,0.0057079475,0.010753174,0.0049503976,0.0046469267,0.0027045591,0.0071789715,0.024820836,0.0035283172,0.050141547,0.23949601,0.011083768,0.0061240727,0.0026927472,0.028826298,0.010308471,0.2371435,0.05446347,0.013994333,0.007880177,0.018010702,0.004639214,0.009078103,0.006642852,0.0051292935,0.005658022,0.003713844,0.005285466,0.0032957506,0.0030739843,0.0031269153,0.0034644175,0.0037998166,0.0038671033,0.0033139721,0.003451812,0.005671489,0.004060496,0.00230144,0.003318415,0.003662137,0.0036603538,0.004272419,0.0025681476,0.0058900495,0.00688987,0.003639585,0.004210659
0.005448615,0.01702435,0.008589302,0.003164652,0.008150499,0.016572237,0.0071589337,0.0065351306,0.0044860267,0.0027972842,0.004536209,0.0026716094,0.003291163,0.0039209793,0.002303598,0.003663444,0.005763975,0.0025731921,0.0033374175,0.003003035,0.0024028085,0.002226857,0.0011527484,0.0020634306,0.0014040279,0.001964796,0.0042538475,0.003364669,0.0074014617,0.044650923,0.032399375,0.009934651,0.028826293,0.0031343636,0.02864187,0.03200381,0.12225517,0.036335353,0.042861667,0.051922005,0.009402871,0.03100018,0.010322681,0.007940292,0.0022806658,0.008427592,0.017091718,0.007894386,0.0036569228,0.0077461563,0.004665105,0.006725811,0.005263071,0.0062013865,0.0036075276,0.005929936,0.0040458674,0.0032412738,0.005295029,0.004295895,0.0033339553,0.005040519,0.0031049512,0.0037638778,0.0048239864,0.006335511,0.009185175
0.009365937,0.14585371,0.017538175,0.0071285465,0.017305454,0.09800624,0.015655395,0.012542958,0.004732417,0.011115769,0.003926783,0.004460587,0.0032426652,0.0055479016,0.006463955,0.0034540978,0.0020865658,0.0034556314,0.003002941,0.0033651614,0.0025063679,0.003750828,0.0034048948,0.00280406,0.0030159082,0.005880971,0.0044739344,0.0045672343,0.006054385,0.0058472827,0.36017603,0.062875,0.010308471,0.02864187,0.0014435758,0.009291379,0.014240092,0.028752403,0.11558443,0.011242727,0.0042196973,0.0033737526,0.004375782,0.006703053,0.005580796,0.014520028,0.0030678776,0.003998426,0.0038262883,0.002853595,0.0038482759,0.0019186566,0.0020645966,0.002061924,0.0032175088,0.0034102304,0.0019555702,0.00387418,0.0036883892,0.002602861,0.0027428467,0.004557751,0.0055295345,0.002704878,0.008737682,0.0038966935,0.010609078
0.0091058845,0.04083345,0.012725069,0.0053212405,0.008914505,0.06471561,0.009245282,0.0044181873,0.007329815,0.0062864576,0.0037485694,0.0051098396,0.005435126,0.0059578996,0.0033285837,0.0035136715,0.0036930442,0.0026721987,0.003787906,0.0038826244,0.0028073604,0.0031314506,0.0025274015,0.0031630504,0.004195238,0.008160022,0.0073805144,0.0024224876,0.014396511,0.015112541,0.011184004,0.070594154,0.2371435,0.03200381,0.009291379,0.0007567418,0.027238779,0.012713338,0.029675482,0.06472002,0.016937949,0.005389511,0.005859369,0.0041090334,0.0032643185,0.00598422,0.0062388643,0.0028733558,0.003380175,0.0031734686,0.0015634522,0.005707003,0.0036980584,0.0029419311,0.003922628,0.0063430015,0.0016654816,0.003703011,0.002861289,0.012267208,0.0031045794,0.0046329056,0.002953646,0.0061985976,0.004859356,0.005361933,0.0041166428
0.0037815014,0.0065038693,0.004296698,0.0047702417,0.004595113,0.0053255074,0.005965388,0.007351778,0.004546955,0.003994281,0.0046240743,0.003030512,0.003042567,0.0028348297,0.0030773557,0.0030117533,0.0019018975,0.0019283263,0.0037994646,0.0016648871,0.0014254717,0.0024313095,0.0014421373,0.0017466962,0.0017999542,0.0011701611,0.0017610646,0.0023690138,0.0005379446,0.007163351,0.006803493,0.009568605,0.05446347,0.12225517,0.014240092,0.027238773,0.0025249068,0.01618382,0.020133369,0.34697375,0.38695276,0.034851953,0.011582794,0.06848297,0.01576262,0.014542896,0.02392221,0.033489488,0.010346949,0.005970442,0.008275655,0.007389795,0.007799499,0.0063777906,0.0051427064,0.005002814,0.003514134,0.0038296122,0.005614012,0.004279572,0.00620972,0.0030170497,0.00518487,0.0041791587,0.0033289683,0.0057033757,0.005493548
0.006213811,0.011251487,0.006127382,0.0039906176,0.007884573,0.0125486,0.006844293,0.006350002,0.0052309874,0.0039448575,0.0026347484,0.002862639,0.0028194604,0.0019828123,0.0014939011,0.0022555152,0.002706996,0.0033821093,0.0044553434,0.0016450376,0.0017327672,0.0028829938,0.00097411347,0.00070967316,0.0010404777,0.0013110982,0.0009134553,0.0011128506,0.0048672236,0.0047160233,0.0075941277,0.01117713,0.013994333,0.036335353,0.028752398,0.012713343,0.01618382,0.0031126624,0.020139387,0.026769219,0.1293208,0.24934505,0.03290895,0.022493951,0.017970266,0.014993106,0.016000818,0.0069070067,0.008569359,0.025263872,0.008553626,0.006713373,0.0044975556,0.005807202,0.003699487,0.0047096307,0.0055929,0.006148349,0.0047635864,0.0044953977,0.0061387294,0.0062085963,0.0063069277,0.010305003,0.017401036,0.008675616,0.011671736
0.005564131,0.01002461,0.0049906233,0.0032056966,0.012479353,0.032130655,0.0066564125,0.0049841846,0.0076770727,0.0036180497,0.004033389,0.0038728663,0.003304457,0.0034921847,0.0015785934,0.0028176485,0.0021792566,0.002096276,0.005261543,0.0031959189,0.0021921906,0.0024597673,0.0042725937,0.0029654922,0.000755945,0.0029541447,0.0045007034,0.0030078685,0.0033362776,0.010912513,0.017664121,0.0026781133,0.007880177,0.042861674,0.11558443,0.029675482,0.020133369,0.020139387,0.0025304658,0.008954671,0.020035554,0.07909886,0.028307747,0.012747336,0.001553653,0.00648039,0.017442469,0.045088124,0.0013942304,0.007814972,0.012847724,0.0034382246,0.0027603616,0.003115487,0.004575191,0.0057685953,0.0028215824,0.01059154,0.0048303953,0.0030785145,0.009764503,0.005519585,0.0054221866,0.010449242,0.014236772,0.012845632,0.011414189
0.005668618,0.005413581,0.0043054484,0.0036343962,0.0045019365,0.006332339,0.0039319787,0.004193802,0.005317378,0.006123147,0.0024796168,0.0027690264,0.003590974,0.0036621178,0.0018743156,0.002127045,0.0030283649,0.0022434185,0.003249656,0.0036675853,0.0022665942,0.0021713243,0.0027967442,0.0038546494,0.0026215455,0.0025568584,0.0031282788,0.003280562,0.0022489426,0.014163854,0.007852155,0.0046779243,0.018010702,0.051922005,0.011242727,0.06472002,0.34697375,0.026769219,0.008954671,0.0016692629,0.063400865,0.0068801926,0.032023776,0.0802993,0.014278304,0.007447439,0.018649306,0.045404933,0.008642907,0.0063820286,0.024787819,0.008685095,0.003980729,0.002506617,0.007865584,0.00671627,0.0030536435,0.005288666,0.0041790474,0.004430468,0.0050832364,0.002825298,0.0034369149,0.008167609,0.004339167,0.0040290533,0.0065745157
0.0019722758,0.002757882,0.0019500869,0.002983097,0.0025341082,0.004038183,0.003969722,0.0030465326,0.0027393065,0.0019762227,0.0019575611,0.0020432197,0.0018089915,0.0017936904,0.0013275361,0.001591235,0.001185862,0.0014605729,0.001695419,0.001869792,0.0013718002,0.0008323931,0.00036036974,0.0009927934,0.0010305007,0.0011320879,0.0013735573,0.002443976,0.0010904648,0.0010206219,0.0073209694,0.003114175,0.004639214,0.0094028665,0.0042196973,0.016937949,0.38695276,0.1293208,0.020035554,0.06340085,0.006101352,0.032581206,0.03812892,0.9016629,0.48652604,0.05830734,0.15470655,0.31977448,0.042348556,0.07949401,0.06508713,0.023258032,0.017202003,0.017244516,0.006663055,0.00450851,0.0038560904,0.004166523,0.002933802,0.0027748973,0.0032003878,0.005200346,0.0029725614,0.004447432,0.0041475687,0.0032091406,0.0045631756
0.0029580658,0.005382221,0.0026925693,0.0022801796,0.005813229,0.0042251567,0.0033832814,0.003205185,0.0030039002,0.0026337486,0.0026825608,0.0017256341,0.0023560645,0.0019257978,0.0013790663,0.0018824277,0.001324681,0.0016280822,0.0018118728,0.0029315408,0.0019049059,0.0017991026,0.0010363454,0.001328951,0.0013628567,0.003986189,0.0019163934,0.002757819,0.0033442113,0.0036389316,0.0058632814,0.002863483,0.009078107,0.031000188,0.0033737526,0.005389511,0.03485196,0.24934505,0.07909888,0.0068801926,0.032581218,0.0035606322,0.025783775,0.01034648,0.082961746,0.33583936,0.033585265,0.01329527,0.028594756,0.045517802,0.060784943,0.008253733,0.019875757,0.007971265,0.026473675,0.010179493,0.0079936,0.005269568,0.0049269316,0.0036243226,0.0051867645,0.0068511674,0.008597215,0.0068993606,0.009410127,0.00740811,0.0054439255
0.0035787597,0.0072980095,0.0037991884,0.0034369768,0.0043686475,0.0047178455,0.005276161,0.003401851,0.004116412,0.00330281,0.0035549642,0.0026390122,0.003831781,0.0028114764,0.0018898858,0.0022825575,0.0035067112,0.002407483,0.0036356947,0.002111819,0.0017390489,0.0022832355,0.0028776175,0.002019281,0.0014054994,0.0044789556,0.002112975,0.0014938497,0.00463238,0.0053604245,0.0031198305,0.0018688962,0.006642849,0.010322681,0.004375782,0.0058593666,0.011582794,0.032908943,0.028307747,0.03202377,0.03812891,0.025783762,0.0017892221,0.019123593,0.017941704,0.14076842,0.16787222,0.012213142,0.009676274,0.03422628,0.010604095,0.0042408924,0.007839557,0.009171563,0.006578678,0.010057172,0.010194989,0.015968118,0.007886837,0.0049174656,0.009895307,0.0064592287,0.0049768826,0.012360741,0.007967589,0.008113051,0.024916274
0.0027811208,0.0027125245,0.0052059987,0.002879906,0.0023374623,0.002427533,0.004548557,0.0026444811,0.0027516636,0.0017573871,0.002043774,0.001565271,0.0016896462,0.0016632425,0.0016022179,0.0018965736,0.0013569923,0.001588418,0.0021800355,0.0019932627,0.0018352955,0.0022199505,0.0019492955,0.0017989504,0.0018045969,0.0020157997,0.0026018484,0.0016925087,0.0010936456,0.003782675,0.0037642906,0.002003284,0.0051292935,0.007940292,0.006703053,0.0041090334,0.06848297,0.022493951,0.012747343,0.08029932,0.9016629,0.010346476,0.019123593,0.0039357753,0.07988629,0.011293386,0.2672016,0.7336416,0.09202956,0.034998532,0.07791316,0.039819155,0.0032178941,0.012014746,0.018538658,0.0067312,0.0031794219,0.0056049176,0.0047641154,0.003175578,0.0052038943,0.0047672316,0.0042623733,0.0054453197,0.004431308,0.007313502,0.0058223796
0.0024031238,0.0027668732,0.0014966134,0.002348641,0.0027608762,0.0024143104,0.0034941733,0.0028397536,0.0025100398,0.0018905398,0.001756288,0.0019377853,0.0020110903,0.0014514378,0.0012610634,0.0016473368,0.0015488687,0.0020240431,0.0016475399,0.0015238894,0.0017337739,0.0018435532,0.0018715566,0.0016550669,0.0020558801,0.0019053329,0.001517047,0.0023797986,0.0013146545,0.0017413817,0.004227422,0.0015079373,0.005658022,0.0022806658,0.005580796,0.0032643168,0.01576262,0.017970266,0.001553653,0.014278295,0.48652604,0.082961746,0.017941704,0.07988627,0.0037126548,0.030471629,0.14204054,0.69251347,0.2753624,0.24636419,0.1604531,0.1352674,0.025679408,0.03171602,0.020030558,0.016787048,0.008992306,0.010235299,0.004944062,0.0044991183,0.01074117,0.0035453765,0.0034215476,0.007074211,0.004422361,0.0027045347,0.003609587
0.002467376,0.0021643445,0.0021039094,0.0030695084,0.004737401,0.0023788693,0.004711531,0.0024990055,0.0023104062,0.0020369175,0.0019965216,0.0015268597,0.0015063164,0.0019001694,0.0013895339,0.0014163237,0.002101669,0.0016091826,0.0016094729,0.0020772044,0.0017293164,0.0016771276,0.0014406699,0.0010939856,0.0020020239,0.0021965443,0.0019017217,0.0015936217,0.002329351,0.002681442,0.0038730595,0.0023594226,0.003713844,0.008427592,0.014520028,0.00598422,0.014542896,0.014993113,0.00648039,0.007447439,0.058307353,0.3358393,0.14076842,0.011293386,0.030471629,0.0010137327,0.048166927,0.014004587,0.40606317,0.16057794,0.036320478,0.008704198,0.036637172,0.045585155,0.014200174,0.015782384,0.011336925,0.020072225,0.00968249,0.012964082,0.009808632,0.006262708,0.011004791,0.01381423,0.007125149,0.013412578,0.006990351
0.0015120583,0.002073625,0.0024186338,0.0014796258,0.0030419813,0.002199641,0.0030050643,0.0018612896,0.0019210149,0.0021486508,0.0021303147,0.0012857218,0.0012251612,0.0020408826,0.0011421307,0.0012759143,0.0012852816,0.0021131206,0.0017090848,0.0020403098,0.0015647418,0.0017068004,0.002551893,0.0019000102,0.0013177132,0.0027300396,0.002737171,0.004593997,0.0032058826,0.0031960253,0.0029652794,0.0024053769,0.0052854684,0.017091718,0.0030678764,0.0062388643,0.02392222,0.016000818,0.017442469,0.018649306,0.15470655,0.033585265,0.16787222,0.2672016,0.14204054,0.04816694,0.0017244993,0.042584468,0.026705427,0.264514,0.077836335,0.008387168,0.006828079,0.031481884,0.010755437,0.0110153,0.010067788,0.016103879,0.0082045235,0.008074016,0.0071351705,0.0076307985,0.007224657,0.00787294,0.009123464,0.004860881,0.01402781
0.0016236842,0.002181461,0.0014698235,0.0019620724,0.0022784544,0.0018629514,0.0045090946,0.0026400075,0.0020355762,0.0012942096,0.001922073,0.0019234659,0.0018985423,0.001493482,0.001346211,0.0014529673,0.0011084498,0.001289378,0.0013153822,0.0022411037,0.0016264896,0.001813419,0.0031639272,0.0013610155,0.0023981428,0.0014982269,0.0023996113,0.0015931634,0.0009905339,0.002906182,0.0033277771,0.00072838005,0.0032957506,0.007894386,0.003998426,0.0028733544,0.033489488,0.006907004,0.045088112,0.045404922,0.31977448,0.013295264,0.012213142,0.7336416,0.69251347,0.014004587,0.042584457,0.0012688991,0.121084444,0.040653583,0.28330597,0.57637817,0.029643793,0.014303989,0.04854386,0.036970746,0.006066429,0.0067093996,0.004076086,0.0058544157,0.012473636,0.0051865405,0.0037048196,0.0065914234,0.0038731107,0.0027900112,0.005039551
0.0020408127,0.0070439205,0.0014511814,0.0061901677,0.0019667018,0.0018969165,0.002275835,0.002300038,0.002950052,0.002056157,0.0020035582,0.0015833502,0.002367242,0.0012516738,0.0009809906,0.0019945255,0.001624367,0.0016365219,0.0016773185,0.00199298,0.0020779506,0.002496386,0.0018370652,0.0013162118,0.0025474243,0.002229836,0.001537169,0.001629478,0.0015689819,0.0023635612,0.0022027493,0.0016976526,0.0030739843,0.0036569228,0.0038262883,0.003380175,0.010346949,0.008569359,0.0013942304,0.008642907,0.042348545,0.028594756,0.009676274,0.09202956,0.2753623,0.40606317,0.026705427,0.121084444,0.00069187937,0.0688728,0.092979155,0.70059603,0.13379203,0.044436816,0.04890338,0.07376759,0.010597044,0.021819223,0.0114008915,0.008383588,0.009629046,0.0052547143,0.004500392,0.0074870307,0.0051139453,0.005329823,0.0042621205
0.0023256128,0.0014170934,0.0037492106,0.0013277859,0.002710473,0.0016228443,0.0028801141,0.0029533398,0.0018659364,0.0018627465,0.001869421,0.0012983376,0.0012067886,0.0011494829,0.0010520112,0.0011211887,0.0013067083,0.0014424956,0.0015674335,0.0021979818,0.0013917098,0.001702011,0.0022222607,0.00083069305,0.002653207,0.0022078909,0.001742423,0.0018304521,0.0026329283,0.0021859163,0.0042863553,0.0022882205,0.0031269153,0.0077461563,0.002853595,0.0031734686,0.005970442,0.025263865,0.007814972,0.0063820286,0.07949402,0.045517802,0.03422628,0.034998544,0.24636419,0.16057794,0.264514,0.040653583,0.06887282,0.0013850603,0.011402402,0.0131853325,0.8102678,0.11199119,0.018754024,0.027549759,0.031853464,0.010677128,0.010261771,0.008558314,0.013877945,0.008507618,0.011209936,0.0074225487,0.011917003,0.0051839184,0.010384854
0.0019640576,0.0029637504,0.001585895,0.002956706,0.002168502,0.0018304078,0.0034110912,0.001699921,0.0016798025,0.002007883,0.0016841728,0.0015927464,0.0017561794,0.0015838735,0.0013451645,0.001979716,0.0016000629,0.0014421523,0.0019316641,0.0018631819,0.0021216937,0.0020103564,0.0017951722,0.0024925559,0.0015465756,0.0015344811,0.002806737,0.0022847916,0.0023848123,0.0021560153,0.002059504,0.0014535541,0.0034644194,0.004665105,0.0038482759,0.0015634522,0.008275655,0.008553626,0.012847724,0.024787826,0.06508715,0.060784943,0.010604095,0.07791316,0.16045307,0.036320496,0.077836335,0.28330597,0.092979155,0.011402402,0.0017192274,0.030214747,0.004255189,0.08495504,0.29947418,0.008452834,0.023241978,0.035804976,0.010525768,0.011128943,0.024824494,0.017992025,0.008203204,0.031882677,0.009710429,0.0046007806,0.010937044
0.0037840195,0.002140202,0.0014738103,0.002354608,0.0022289155,0.002281597,0.003138408,0.0029870463,0.0024581382,0.0025944912,0.0019708516,0.0016190337,0.0026758756,0.0017260482,0.001654046,0.0016639259,0.002706892,0.0018285043,0.0018194391,0.002279157,0.002222916,0.0026380408,0.002526615,0.0019186,0.001768611,0.0028752417,0.002072122,0.0021992181,0.002845283,0.0044949194,0.0029024924,0.001946895,0.0037998166,0.006725811,0.0019186566,0.005707003,0.007389795,0.006713373,0.0034382246,0.008685095,0.023258032,0.00825373,0.0042408924,0.039819155,0.13526744,0.008704198,0.008387168,0.5763783,0.7005961,0.0131853325,0.030214742,0.0010981095,0.010692799,0.03211769,0.30752674,0.16471516,0.043270886,0.032593265,0.018909631,0.012011888,0.018361716,0.0067011737,0.006969354,0.0074918484,0.008126814,0.0057068025,0.0071123573
0.003244162,0.0015946666,0.0016954376,0.0026168844,0.0029372496,0.003776228,0.0021109832,0.0025585077,0.002191545,0.0021668042,0.002817212,0.0020067405,0.0022624612,0.0027241623,0.0016708432,0.0033463943,0.0030581902,0.002581599,0.007768989,0.0031728428,0.0031056716,0.0029254507,0.0028095334,0.0016384934,0.002820552,0.004336391,0.0026427913,0.002058383,0.003079431,0.004659394,0.0023399333,0.0018549531,0.0038671033,0.005263071,0.0020645976,0.0036980584,0.007799502,0.0044975556,0.002760363,0.003980729,0.017202003,0.019875757,0.007839557,0.0032178927,0.025679413,0.036637183,0.006828079,0.029643793,0.13379209,0.8102678,0.0042551868,0.010692799,0.0011324498,0.025620067,0.0050094663,0.41757274,0.14189824,0.01749997,0.00986209,0.115904465,0.02143135,0.010582364,0.009202632,0.009677978,0.014993803,0.010376521,0.009882693
0.0018597736,0.001886234,0.001822989,0.0015435119,0.0021266344,0.0017043314,0.0016607115,0.0025774352,0.0020081268,0.0015806389,0.0013718472,0.0015572788,0.0013770801,0.0015830399,0.001334268,0.0012929173,0.0013644542,0.0017854213,0.0024952071,0.0036902924,0.0023679594,0.002736908,0.0019491452,0.0015781508,0.0025289357,0.0032507959,0.0020190063,0.0022962552,0.0028040411,0.003336945,0.0028267012,0.0017355325,0.0033139721,0.0062013865,0.002061924,0.0029419311,0.0063777906,0.005807202,0.003115487,0.002506617,0.017244516,0.007971265,0.009171563,0.012014746,0.03171602,0.045585155,0.031481884,0.014303989,0.044436805,0.11199119,0.08495502,0.03211769,0.025620067,0.002225583,0.018364588,0.037116114,0.31191084,0.104315616,0.03301393,0.03921154,0.3549185,0.019362755,0.026366958,0.05597146,0.016657392,0.006553931,0.014960697
0.0021200671,0.0029842416,0.0012281548,0.002566388,0.0018544304,0.0019452375,0.0040161214,0.002200914,0.0028650993,0.00451958,0.0023964343,0.0017286061,0.0037914235,0.0016855994,0.0021096035,0.0018314455,0.0015284554,0.0025671073,0.002358231,0.0026658222,0.0026437077,0.0020425685,0.0015276668,0.0013987342,0.003090328,0.0029222297,0.0025006034,0.0017956013,0.0029514635,0.002454355,0.0028612306,0.0019825744,0.003451812,0.0036075276,0.0032175088,0.003922628,0.0051427064,0.0036994887,0.004575191,0.007865584,0.006663055,0.026473667,0.006578678,0.018538658,0.020030558,0.014200174,0.010755437,0.048543874,0.04890339,0.018754024,0.29947418,0.30752674,0.0050094663,0.018364588,0.0006393249,0.014976708,0.030286772,0.7100439,0.101734504,0.019916698,0.1200696,0.0261981,0.009384639,0.01625775,0.0127337575,0.0074082296,0.007877984
0.0038753615,0.001967843,0.0015900416,0.002232373,0.0023461303,0.0015062741,0.0025223682,0.0027082774,0.0030139564,0.0020447448,0.0024166268,0.0021281405,0.003813751,0.002300387,0.0017290446,0.0028810014,0.0034586296,0.0024275961,0.0060296915,0.003909741,0.0034848,0.00476792,0.0032441267,0.0015072878,0.0029447507,0.008299439,0.005165454,0.0018325634,0.0027644208,0.0071859113,0.003004123,0.002739275,0.005671489,0.005929936,0.0034102304,0.0063430015,0.005002814,0.0047096307,0.0057685953,0.00671627,0.00450851,0.010179488,0.010057172,0.0067312,0.016787048,0.015782384,0.0110153,0.036970746,0.07376762,0.027549759,0.008452834,0.16471511,0.41757274,0.037116125,0.014976708,0.001072831,0.11327255,0.015126906,0.01712554,0.079551734,0.014804494,0.0035833165,0.0076543954,0.010102749,0.013519068,0.00715033,0.0069803386
0.0025061497,0.0018853076,0.0013909069,0.0015407373,0.0026188937,0.001580411,0.001966143,0.0028338593,0.0018304113,0.0023304373,0.0020180552,0.0022522523,0.0019001901,0.0015540881,0.0021795137,0.0024650944,0.003155794,0.0028627096,0.0035647454,0.0030626743,0.0030531252,0.0032649112,0.0027727794,0.0017330921,0.0028873424,0.0029967884,0.0028628756,0.0021809144,0.0036445046,0.006767286,0.0040670983,0.0024360016,0.004060496,0.0040458674,0.0019555702,0.0016654816,0.003514134,0.0055929,0.0028215824,0.0030536435,0.0038560904,0.0079936,0.010194989,0.0031794219,0.008992306,0.011336925,0.010067788,0.006066429,0.010597044,0.031853456,0.023241978,0.043270897,0.14189824,0.31191084,0.030286772,0.11327255,0.00076763507,0.025088832,0.027294789,0.9819594,0.19964561,0.0050682244,0.023663117,0.0113471495,0.03622623,0.02411184,0.006972196
0.0058716033,0.0018583199,0.0014757646,0.002610711,0.0026406292,0.002469007,0.0018645461,0.0072268425,0.0029433067,0.0029789812,0.001731964,0.0017124922,0.0023736367,0.002137905,0.0021143106,0.0017838614,0.0015300732,0.003281228,0.0018065537,0.0035957834,0.004378587,0.003710613,0.0020737802,0.0045948233,0.002519203,0.0034182342,0.003105028,0.0016278327,0.0054433905,0.002476135,0.0029852435,0.0017711064,0.00230144,0.0032412738,0.00387418,0.003703011,0.003829614,0.006148349,0.010591536,0.005288666,0.004166523,0.005269568,0.015968125,0.0056049176,0.010235299,0.02007222,0.016103873,0.0067093996,0.021819223,0.010677128,0.03580497,0.032593265,0.01749997,0.104315616,0.7100439,0.015126906,0.025088832,0.001963407,0.052138887,0.009605114,0.14011121,0.04653565,0.021613004,0.0060362546,0.050069448,0.016397085,0.017783739
0.0057659266,0.0032634886,0.0021224036,0.0034458127,0.0051890286,0.0017499168,0.0025294034,0.0035938825,0.003093498,0.0029499284,0.0026597853,0.0034336937,0.0024983138,0.002629052,0.0031682372,0.002972441,0.0026361998,0.003232961,0.0028472615,0.006459125,0.005757549,0.005056185,0.002127619,0.0019226513,0.0031010353,0.0037098958,0.0027348523,0.0020856159,0.0045088613,0.005000694,0.004419219,0.0024298215,0.003318415,0.005295029,0.0036883892,0.002861289,0.005614015,0.0047635864,0.0048303953,0.0041790474,0.002933802,0.0049269293,0.007886837,0.0047641154,0.004944062,0.009682495,0.0082045235,0.0040760874,0.0114008915,0.010261771,0.010525768,0.018909635,0.00986209,0.033013936,0.101734504,0.01712554,0.027294789,0.052138876,0.0011068106,0.034713544,0.0053977813,0.22086774,0.8744872,0.024414593,0.012835326,0.028604573,0.01230388
0.0056460164,0.0036502888,0.00226877,0.0020436796,0.0023614338,0.0015128951,0.0018547368,0.00185213,0.0022282796,0.0022696976,0.0017591896,0.0019352831,0.0020944932,0.0020880536,0.0016346251,0.0024788538,0.0035494552,0.003979519,0.0038092916,0.00310397,0.0035649708,0.003884722,0.0022529124,0.0016072999,0.0033555927,0.002943245,0.0022047616,0.0036112128,0.005352389,0.0036365916,0.0017906978,0.0017072116,0.003662137,0.004295895,0.002602861,0.012267208,0.004279572,0.0044953977,0.0030785145,0.004430468,0.0027748973,0.003624321,0.0049174656,0.003175578,0.0044991164,0.012964082,0.008074012,0.0058544157,0.008383588,0.008558311,0.011128943,0.012011888,0.11590444,0.03921154,0.019916693,0.07955171,0.9819594,0.009605114,0.034713544,0.0011288922,0.0051696287,0.015515603,0.4910741,0.14110258,0.03164243,0.03801283,0.06869623
0.0036328526,0.0030081717,0.001909645,0.002086963,0.0047213323,0.0017229257,0.0028713795,0.004228872,0.003261963,0.002733287,0.0024994297,0.002125933,0.0021403662,0.0017630224,0.0018305983,0.00291542,0.0022769829,0.0022942778,0.0023078858,0.0025784099,0.0037720485,0.0028017608,0.002115924,0.003103561,0.0023852296,0.0028335534,0.0033093572,0.0021139865,0.0020478237,0.0018713063,0.0035311698,0.0032937715,0.0036603538,0.0033339553,0.0027428467,0.0031045778,0.00620972,0.0061387294,0.009764506,0.0050832364,0.0032003878,0.005186762,0.009895307,0.0052038943,0.010741164,0.009808632,0.0071351705,0.012473636,0.009629046,0.013877945,0.024824494,0.018361716,0.02143134,0.3549185,0.1200696,0.014804494,0.19964565,0.14011121,0.0053977813,0.0051696287,0.0028490545,0.0288264,0.009325484,0.8421261,0.059560098,0.012620409,0.010364258
0.0045612077,0.004439454,0.0032635366,0.0061190533,0.0032815477,0.0046381177,0.004787025,0.0034156668,0.004226832,0.0020659328,0.0019551085,0.0018621464,0.0022164076,0.0026040496,0.0026751272,0.0030822295,0.0023212559,0.0019320383,0.002448217,0.005456865,0.004295715,0.0031765564,0.0029560553,0.0029290526,0.0028493905,0.0037908761,0.0030134062,0.0028821959,0.004070283,0.002216392,0.0044640545,0.0027053412,0.004272419,0.005040519,0.004557749,0.0046329033,0.0030170497,0.0062085935,0.005519585,0.002825298,0.005200346,0.006851165,0.0064592287,0.0047672316,0.0035453746,0.006262708,0.0076307985,0.0051865405,0.0052547143,0.008507614,0.017992023,0.0067011705,0.01058236,0.019362751,0.0261981,0.0035833165,0.0050682244,0.04653565,0.22086774,0.015515603,0.028826406,0.00449693,0.23738791,0.030997155,0.05792234,0.8237491,0.027712874
0.007966554,0.005450797,0.0020200817,0.003378967,0.0033422888,0.002232557,0.00301261,0.0029250695,0.002745898,0.0022540134,0.0024247735,0.0018022277,0.003000345,0.005708329,0.0025342926,0.0021171153,0.0034884366,0.0024745823,0.0031708826,0.0034911495,0.0023040266,0.0038161324,0.0031420935,0.0026868058,0.002250772,0.0023337854,0.00357766,0.0021103655,0.0018605484,0.0029761756,0.0037247597,0.002949466,0.002568149,0.0031049512,0.0055295345,0.002953646,0.00518487,0.0063069314,0.0054221866,0.0034369149,0.0029725614,0.008597215,0.0049768826,0.0042623733,0.0034215476,0.011004791,0.007224657,0.0037048215,0.0045003938,0.011209936,0.008203204,0.006969354,0.009202632,0.026366958,0.009384634,0.0076543954,0.023663117,0.021613004,0.87448716,0.4910741,0.0093254885,0.23738794,0.0017515603,0.016072653,0.016021388,0.6878125,0.08494066
0.0036905203,0.0050048768,0.0025481828,0.0029022798,0.0023376734,0.0035330127,0.0044357902,0.0037911783,0.006135271,0.0020875211,0.0027608855,0.0023286873,0.001869986,0.003178524,0.005876437,0.0025195936,0.0024694016,0.0039000725,0.001969278,0.0036817782,0.002961705,0.0038698947,0.0019018603,0.0031768342,0.004295501,0.0033407088,0.0030201336,0.0033399216,0.0020602331,0.002887367,0.0046722577,0.003376869,0.0058900495,0.0037638778,0.002704878,0.0061985976,0.0041791587,0.010305003,0.010449242,0.008167609,0.004447432,0.0068993573,0.012360741,0.0054453197,0.007074211,0.013814236,0.00787294,0.006591426,0.007487035,0.0074225487,0.031882677,0.0074918484,0.009677978,0.055971444,0.01625775,0.010102749,0.0113471495,0.0060362546,0.024414588,0.14110258,0.84212613,0.030997163,0.016072653,0.001266337,0.014896137,0.015965084,0.041316688
0.00969017,0.0031153893,0.0021035671,0.0022098583,0.0067230947,0.0029679914,0.0037379302,0.0062863147,0.005396816,0.0027184554,0.0033115223,0.00724088,0.0020159034,0.0026970238,0.0025812355,0.003353729,0.0038763885,0.0034382967,0.0018348151,0.004315198,0.0026780153,0.009436878,0.0022072785,0.0027372777,0.0024441574,0.0026837029,0.0023609025,0.0026748676,0.00473721,0.0025252553,0.005815338,0.004364035,0.00688987,0.0048239864,0.008737682,0.004859356,0.0033289683,0.017401045,0.014236772,0.0043391692,0.0041475687,0.009410127,0.007967589,0.004431308,0.004422361,0.007125149,0.009123464,0.0038731107,0.005113947,0.011917003,0.009710429,0.008126814,0.014993803,0.016657392,0.0127337575,0.013519068,0.03622623,0.05006946,0.012835332,0.031642444,0.05956011,0.05792234,0.016021388,0.014896137,0.0012872975,0.0947221,0.042234913
0.006831984,0.003118038,0.0035520417,0.0040123053,0.0042534014,0.002434807,0.0024522801,0.002703614,0.002661772,0.0042307717,0.003284801,0.0061482443,0.0018839194,0.0026569522,0.0029077262,0.0044037635,0.0021609736,0.0024177132,0.0036351043,0.0038512729,0.003912126,0.003775288,0.003078942,0.0033890293,0.007762956,0.0050173947,0.002627172,0.005088276,0.004625916,0.0030270736,0.0037675502,0.002518387,0.0036395835,0.006335511,0.0038966935,0.005361933,0.0057033757,0.008675616,0.012845632,0.0040290533,0.0032091422,0.0074081076,0.008113051,0.007313502,0.0027045347,0.013412578,0.004860881,0.0027900112,0.005329823,0.0051839184,0.0046007806,0.0057068025,0.010376521,0.006553931,0.0074082264,0.00715033,0.02411184,0.016397085,0.028604573,0.03801283,0.012620409,0.82374907,0.6878125,0.015965084,0.0947221,0.0030768334,0.01020247
0.0061101485,0.008395997,0.010669767,0.0037870097,0.009915234,0.0034140311,0.003801741,0.0046896124,0.0039227135,0.0036158536,0.003051304,0.0048405305,0.0026469824,0.0030416546,0.0018344554,0.0045245877,0.003423182,0.0018790917,0.002327809,0.002694743,0.001725672,0.0042118626,0.0034763338,0.002628023,0.0020394933,0.0033514188,0.005173478,0.0033893757,0.003196566,0.0025867547,0.0059017227,0.0041149342,0.004210659,0.009185175,0.010609078,0.0041166428,0.005493545,0.01167173,0.011414189,0.0065745157,0.0045631756,0.0054439227,0.024916274,0.0058223796,0.003609587,0.006990351,0.01402781,0.005039551,0.0042621205,0.010384854,0.010937039,0.0071123573,0.009882693,0.014960697,0.007877984,0.0069803386,0.006972196,0.017783739,0.012303874,0.06869623,0.010364262,0.027712874,0.08494066,0.04131668,0.042234913,0.01020247,0.015882032
