0,1,2,3,4,5,6,7,8,9,10,11,12,13,14,15,16,17,18,19,20,21,22,23,24,25,26,27,28,29,30,31,32,33,34,35,36,37,38,39,40
0.0002232575,0.3456087,0.17728423,0.22360128,0.6599839,0.08325352,0.009566011,0.0077090766,0.023213124,0.008206471,0.003194804,0.003133315,0.0027725722,0.0038113259,0.0048519066,0.002351759,0.0016019014,0.002337459,0.0023708628,0.003408369,0.007460329,0.005262357,0.006183067,0.0044692224,0.0029798553,0.005276664,0.002473171,0.0034597456,0.004720291,0.00274792,0.0034434882,0.002216336,0.004244779,0.0016832302,0.0023326478,0.0028619815,0.0045001116,0.00248314,0.0049871793,0.008973424,0.0069586765
0.3456087,0.00018240852,0.6842662,0.008136568,0.78372526,0.4505674,0.031854518,0.014404713,0.027920367,0.00232691,0.004022646,0.004478688,0.000469023,0.0043376223,0.008070942,0.004850452,0.0020976418,0.008266323,0.0022346685,0.012943159,0.0072627775,0.0038489942,0.0016782673,0.0021446408,0.0018418175,0.0017786472,0.0009974873,0.0026842693,0.002855008,0.0020402127,0.0044570398,0.0026782688,0.0039220112,0.0024779013,0.0023850559,0.0048667635,0.0044940617,0.0027499278,0.0037286598,0.009653945,0.00456349
0.1772842,0.6842662,0.000899039,0.03076298,0.050235726,0.98761183,0.510112,0.025183009,0.080569364,0.004760682,0.00026081555,0.005594181,0.007833828,9.627048e-06,0.002622708,0.0059215687,0.0011805136,0.003346622,0.0014697642,0.004425938,0.0045458204,0.003551164,0.0023835974,0.002407758,0.0023474959,0.0046598804,0.001166224,0.0065128626,0.0022960901,0.0072524818,0.004997663,0.0015978912,0.0028336626,0.0044573676,0.0020494033,0.0023822926,0.0047727595,0.0040028496,0.0025664724,0.004405667,0.0044400543
0.22360128,0.008136564,0.03076298,0.0010280983,0.054568883,0.024580883,0.07667286,0.7236232,0.1198376,0.010957535,0.00036279578,0.00917058,0.013820571,0.0029783384,0.0011864083,0.006305772,0.0023461562,0.0008559104,0.002047747,0.004883774,0.005064564,0.0020809467,0.0015346872,0.0017090231,0.0018698428,0.0044944845,0.0059994366,0.0020908336,0.0019620163,0.0067778067,0.004362695,0.0032222883,0.010767544,0.0029566234,0.002929714,0.004439974,0.013835,0.0050472263,0.008333031,0.0041864663,0.003917794
0.6599839,0.7837252,0.050235726,0.054568883,9.228973e-05,0.025233647,0.010670572,0.20066082,0.15063274,0.0091588665,0.0033527266,0.012825766,0.0073785656,0.0045809885,0.0014766599,0.0015200721,0.0060989205,0.0016476113,0.0018763685,0.004157205,0.025442006,0.0021097572,0.0029147922,0.0018588816,0.0031142165,0.002212383,0.004409657,0.0015585101,0.0018502858,0.0028242853,0.003963906,0.0050288886,0.008020449,0.0018494854,0.0010729576,0.0066711963,0.0029612277,0.0018582093,0.0029788339,0.004293332,0.0026304452
0.08325348,0.45056725,0.98761183,0.024580877,0.02523364,0.00051223347,0.046988793,0.017688926,0.7370276,0.08314251,0.008305019,0.01668914,0.0014354836,5.36695e-05,0.0038244983,0.004276328,0.00039082067,0.002921056,0.0015673275,0.0034847027,0.0028631696,0.0008605316,0.0031438998,0.0014306906,0.0020680772,0.0054311887,0.002967763,0.0025504525,0.0017573,0.013944743,0.0021271512,0.0017206594,0.009201719,0.0036162885,0.0017951175,0.0052626464,0.0033989423,0.002459137,0.0013572824,0.0054028477,0.002101591
0.009566011,0.031854518,0.510112,0.07667288,0.010670572,0.046988808,0.0013358912,0.02827127,0.06055883,0.6830977,0.22709501,0.0053394916,0.20186515,0.0019847844,0.002141457,0.0049241995,0.0060891933,0.0002749848,0.0019384577,0.003206384,0.0014414445,0.00071249285,0.0026129982,0.0011910157,0.0016945484,0.0016457794,0.003935566,0.0026923083,0.0012209779,0.016054159,0.0043114442,0.0011595472,0.0025331525,0.007206727,0.00229851,0.0030883688,0.0071436614,0.003390505,0.0012956113,0.002757949,0.0024061769
0.0077090766,0.014404706,0.025182998,0.7236231,0.20066072,0.017688936,0.028271262,0.0006514396,0.016988106,0.0059185387,0.62807685,0.12454595,0.009709458,0.0093237795,0.0024371012,0.003926895,0.0028099902,0.0003659598,0.00029023003,0.0027492961,0.0009248318,0.0015524566,0.0023548342,0.0010627167,0.0013279155,0.0022500737,0.0022991125,0.0025676787,0.0025931662,0.0017224483,0.0028320837,0.0064542275,0.007716306,0.004850687,0.0145160975,0.0102769025,0.00385285,0.0040541585,0.009543151,0.0075604534,0.004395123
0.023213124,0.027920367,0.080569364,0.11983764,0.15063274,0.7370277,0.06055883,0.016988106,0.001487965,0.03326415,0.035702758,0.33733922,0.07227346,0.0065188142,0.002959737,0.0008567921,0.0021448927,0.00071120466,0.0015939706,0.0011981541,0.0016705563,0.0012890324,0.0020511243,0.0020130102,0.0010447169,0.0025184075,0.0018213114,0.0012815881,0.0022497633,0.0021686926,0.0030255588,0.00200462,0.0047295694,0.004839157,0.0028412275,0.0029220616,0.0037738013,0.0026668517,0.0027728674,0.0040969807,0.0030505543
0.008206471,0.00232691,0.004760682,0.010957541,0.0091588665,0.08314251,0.6830977,0.0059185387,0.03326415,0.00075690146,0.011885299,0.015625296,0.84981525,0.11407099,0.0025148655,0.03881412,0.0061050397,0.00074243953,0.00097642944,0.0060291546,0.003001124,0.0011631703,0.0052414117,0.0014820349,0.001579294,0.0028762522,0.003967475,0.0021733183,0.001835023,0.008363241,0.006194616,0.001094351,0.006223737,0.0110233445,0.0022792579,0.0012613438,0.012569264,0.006737755,0.0008222464,0.0032228106,0.0032073108
0.0031948024,0.004022646,0.00026081555,0.00036279578,0.0033527266,0.008305019,0.22709486,0.62807703,0.035702746,0.011885299,0.00025519053,0.0137637155,0.047815137,0.24748716,0.13203591,0.029755613,0.019270446,0.0014583541,0.0036998685,0.005309004,0.006221307,0.0012851292,0.0040058848,0.0028086728,0.0019188283,0.005816236,0.00426714,0.0015563923,0.003337126,0.0035304064,0.0065887794,0.0060583744,0.005077223,0.006995354,0.0024959145,0.0026208414,0.008173645,0.0046872385,0.0027658644,0.0030550228,0.0061177695
0.0031333163,0.004478688,0.0055941837,0.00917058,0.012825766,0.016689148,0.0053394916,0.12454595,0.33733922,0.015625289,0.0137637155,0.00075245637,0.011620736,0.008729194,0.29852372,0.1313006,0.0028196722,0.0012474118,0.0027942904,0.0050889594,0.0013023212,0.00087893225,0.0020057457,0.0044422788,0.0019190805,0.0050455006,0.003908232,0.0015122505,0.0061357627,0.001951002,0.0023764852,0.0055863694,0.005260638,0.0026482504,0.0035792734,0.0065789428,0.00505208,0.0044807973,0.02187268,0.006151365,0.0051789386
0.0027725722,0.000469023,0.007833832,0.013820571,0.0073785656,0.0014354836,0.20186515,0.0097094625,0.07227343,0.84981537,0.04781515,0.011620736,0.00083939434,0.04678238,0.0027821378,0.7135692,0.096252166,0.002191666,0.0024280364,0.019891718,0.01521022,0.0017392698,0.0021810003,0.0011381351,0.0012606869,0.001908851,0.003267721,0.0018782072,0.0016630597,0.0035128468,0.004843164,0.0013794289,0.0031365035,0.0044488166,0.0016649901,0.002597342,0.0077906363,0.0030956697,0.0015466927,0.003938238,0.0015841299
0.0038113259,0.004337624,9.627048e-06,0.0029783384,0.0045809885,5.36695e-05,0.0019847834,0.0093237795,0.0065188142,0.11407099,0.24748716,0.008729194,0.04678238,0.00026595854,0.0060588913,0.009247292,0.40191785,0.15711476,0.012396832,0.05269167,0.023439255,0.007875693,0.018494181,0.005038245,0.009330133,0.030663066,0.012461988,0.0059828586,0.0037136674,0.011188852,0.006356727,0.0028180613,0.00403488,0.004050254,0.0028599694,0.0018429392,0.0031110467,0.015529266,0.00089659204,0.0019600964,0.0022420378
0.0048519066,0.008070942,0.002622708,0.0011864083,0.0014766599,0.0038244997,0.002141457,0.0024371012,0.0029597357,0.0025148655,0.13203593,0.29852384,0.0027821378,0.006058894,0.00023964161,0.012444718,0.006020188,0.08816516,0.1506366,0.016200744,0.0035798957,0.006247553,0.004730046,0.016382435,0.008890603,0.02002053,0.00890631,0.0028391003,0.019425705,0.0035777194,0.0039505768,0.017677778,0.0050593694,0.0027059615,0.0035592134,0.008606601,0.008447983,0.0022852677,0.0034811508,0.004350748,0.002202041
0.0023517578,0.004850452,0.0059215687,0.006305772,0.0015200721,0.004276328,0.004924197,0.003926895,0.0008567921,0.038814113,0.029755613,0.13130054,0.7135692,0.009247287,0.012444712,0.0005640878,0.009548096,0.003546015,0.090422064,0.24989702,0.013150819,0.007065424,0.0029537021,0.0044081686,0.004502436,0.015383012,0.0017783542,0.004251935,0.02082378,0.0043235607,0.0014594704,0.0021589827,0.006580922,0.0025867952,0.001700431,0.0037251844,0.002811431,0.0029760427,0.0014256815,0.0049644494,0.00087759696
0.0016019021,0.0020976418,0.0011805136,0.0023461562,0.0060989205,0.00039082082,0.0060891933,0.0028099914,0.0021448927,0.0061050397,0.019270448,0.0028196722,0.096252166,0.40191796,0.0060201907,0.009548096,0.00012955804,0.028854772,0.006123849,0.1505201,0.7887073,0.03632368,0.0064794966,0.0069961715,0.025368026,0.033985753,0.02681087,0.008255123,0.0027761725,0.022074634,0.0032446003,0.0025342,0.0056105014,0.0016111442,0.0033738422,0.0020333254,0.0018541507,0.0012850808,0.0011214766,0.0028670523,0.0010977251
0.002337459,0.008266323,0.003346622,0.0008559104,0.0016476113,0.0029210574,0.0002749848,0.0003659598,0.00071120466,0.00074243924,0.0014583535,0.0012474118,0.0021916651,0.15711471,0.08816512,0.003546015,0.028854772,4.0223636e-05,0.0023711787,0.009745469,0.030818561,0.66828984,0.37861297,0.38676932,0.4103104,0.21771432,0.03654217,0.037970304,0.013003355,0.002902193,0.0027500952,0.008154667,0.013164341,0.0016758163,0.0029161354,0.0030802244,0.00072106544,0.0018678966,0.0016923307,0.0043742075,0.0014306688
0.0023708628,0.0022346685,0.0014697647,0.002047747,0.0018763695,0.0015673282,0.0019384577,0.00029023003,0.0015939706,0.00097642944,0.0036998685,0.0027942916,0.0024280364,0.012396832,0.15063661,0.0904221,0.006123849,0.0023711787,0.0041405633,0.019090915,0.013067968,0.0151190655,0.0013608348,0.03739049,0.14384685,0.119789906,0.007861511,0.011808351,0.300981,0.014390564,0.008792493,0.008034798,0.0063573536,0.004503099,0.0016440582,0.0088848565,0.00579099,0.0022672703,0.01487509,0.003388601,0.0022143112
0.003408369,0.012943159,0.00442594,0.004883774,0.004157205,0.003484704,0.003206384,0.0027492975,0.0011981541,0.0060291546,0.005309004,0.005088962,0.01989172,0.05269167,0.016200744,0.24989711,0.15052013,0.009745469,0.019090915,0.00034323454,0.0362976,0.0053633824,0.0008899681,0.0024827064,0.007525724,0.025570454,0.005663667,0.005627529,0.048419304,0.0063004224,0.003838709,0.0044289245,0.00822623,0.0050053443,0.0040096953,0.005134664,0.0014920514,0.0021646668,0.0014794363,0.005333905,0.002893697
0.007460329,0.0072627775,0.0045458204,0.005064561,0.025442012,0.0028631696,0.0014414445,0.0009248322,0.0016705563,0.003001124,0.006221307,0.0013023212,0.01521022,0.023439255,0.0035798957,0.013150819,0.7887073,0.030818569,0.013067968,0.0362976,0.0002678554,0.0077347625,0.004917895,0.014564109,0.12804934,0.00908096,0.044209596,0.009683643,0.004739265,0.01168348,0.0038641267,0.0044655045,0.0043797116,0.0040095714,0.0012989795,0.002752004,0.0034786437,0.0014425382,0.0015586354,0.0052747047,0.0014060737
0.005262357,0.0038489923,0.003551164,0.0020809467,0.0021097572,0.0008605324,0.00071249285,0.0015524566,0.0012890324,0.0011631703,0.0012851292,0.00087893225,0.0017392698,0.007875693,0.006247553,0.007065424,0.036323674,0.6682897,0.0151190655,0.0053633824,0.0077347625,0.0004103432,0.022699049,0.31891847,0.7422351,0.016890524,0.028990537,0.21254782,0.006776818,0.005027388,0.011611046,0.018291034,0.0032949334,0.0033371225,0.003943968,0.0025734873,0.0012196747,0.0023942261,0.0029507647,0.0032124186,0.002791058
0.0061830636,0.0016782673,0.0023835974,0.0015346872,0.0029147922,0.0031439012,0.0026129982,0.0023548342,0.0020511243,0.005241409,0.0040058848,0.0020057457,0.0021810003,0.018494178,0.004730046,0.0029537037,0.0064794966,0.3786129,0.0013608348,0.0008899681,0.004917895,0.022699049,0.00011908954,0.056365557,0.1898603,0.0038704642,0.30408707,0.2648727,0.061539408,0.004149336,0.024252981,0.0046500224,0.006581567,0.0023239749,0.017757136,0.0038581663,0.001956433,0.013897411,0.0040588537,0.0048653875,0.0015841948
0.0044692224,0.0021446408,0.002407758,0.0017090231,0.0018588816,0.0014306913,0.0011910157,0.0010627167,0.0020130102,0.0014820342,0.0028086728,0.0044422788,0.0011381345,0.005038248,0.016382435,0.004408171,0.006996169,0.38676932,0.03739049,0.0024827064,0.014564109,0.31891856,0.056365546,0.00018444605,0.011464347,0.00054031535,0.020982698,0.9631855,0.05768166,0.0027332716,0.007581502,0.036692016,0.007692604,0.0017619275,0.006718297,0.007901391,0.0012019703,0.0060264636,0.00345718,0.0020426402,0.004035905
0.0029798567,0.0018418175,0.0023474959,0.0018698428,0.0031142149,0.0020680784,0.0016945475,0.0013279155,0.0010447169,0.0015792934,0.0019188283,0.0019190805,0.0012606869,0.009330138,0.008890603,0.004502436,0.025368026,0.4103105,0.14384682,0.0075257206,0.12804937,0.7422351,0.18986036,0.011464347,0.004400111,0.006836962,0.017269026,0.10094287,0.086852744,0.0014134921,0.007865572,0.0044532283,0.001063856,0.0019719133,0.0036536213,0.0012472728,0.0013126514,0.002498384,0.0019690194,0.001946805,0.0019300258
0.0052766614,0.0017786472,0.0046598827,0.0044944845,0.002212382,0.0054311887,0.0016457785,0.0022500737,0.0025184085,0.0028762522,0.005816236,0.0050455006,0.001908851,0.030663066,0.02002053,0.015383012,0.033985753,0.21771441,0.119789876,0.025570454,0.00908096,0.016890524,0.0038704642,0.00054031535,0.006836962,0.00020646203,0.054386836,0.005163418,0.31887156,0.16460201,0.0021811582,0.004411133,0.0043656616,0.0035981797,0.0030445592,0.0030454495,0.0011850874,0.0024187188,0.0040427595,0.002755398,0.0023919323
0.002473171,0.0009974873,0.001166224,0.0059994366,0.004409657,0.0029677644,0.003935566,0.0022991134,0.0018213114,0.003967475,0.00426714,0.003908232,0.003267721,0.012461988,0.00890631,0.0017783542,0.026810864,0.03654217,0.007861511,0.005663667,0.044209607,0.02899054,0.30408707,0.020982698,0.017269034,0.054386836,8.940379e-05,0.0029692405,0.0061790217,0.5816925,0.026860256,0.0072455187,0.00461584,0.011474339,0.001302186,0.009942721,0.0018439263,0.0023807928,0.0014488043,0.004392862,0.0019462114
0.0034597456,0.0026842693,0.0065128626,0.0020908336,0.0015585093,0.0025504539,0.0026923094,0.0025676787,0.0012815887,0.0021733183,0.001556393,0.0015122498,0.0018782066,0.0059828586,0.0028391003,0.004251935,0.008255123,0.037970312,0.011808351,0.005627529,0.009683643,0.21254782,0.2648728,0.9631855,0.10094283,0.005163418,0.0029692405,0.00010848419,0.0033560023,0.0015828105,0.55513304,0.34223527,0.0006947847,0.0035788636,0.017056137,0.00028514443,0.0012165896,0.002323964,0.007041422,0.0013943864,0.0046176217
0.0047202883,0.002855008,0.0022960901,0.0019620154,0.0018502858,0.0017573,0.0012209779,0.0025931662,0.0022497633,0.0018350221,0.003337126,0.0061357627,0.0016630589,0.0037136674,0.019425696,0.02082378,0.002776171,0.013003361,0.30098087,0.048419304,0.004739265,0.006776815,0.061539423,0.057681672,0.086852744,0.31887156,0.0061790217,0.0033560023,0.00033560215,0.0063146073,0.0032215915,0.17274995,0.056866433,0.0061761676,0.0016983374,0.001062064,0.0011747321,0.001981069,0.0068820985,0.0020566657,0.004123007
0.00274792,0.0020402116,0.0072524818,0.00677781,0.0028242853,0.013944751,0.016054159,0.0017224483,0.0021686926,0.008363241,0.0035304064,0.001951002,0.0035128468,0.011188852,0.0035777194,0.0043235607,0.022074634,0.002902193,0.014390564,0.0063004224,0.0116834855,0.005027388,0.0041493378,0.0027332716,0.0014134921,0.16460201,0.5816925,0.0015828105,0.0063146073,8.588894e-05,0.002265114,0.0018795729,0.46468213,0.124782674,0.0036089509,0.007618913,0.02133751,0.0012743729,0.0028637594,0.007539845,0.0060093123
0.0034434882,0.0044570398,0.004997663,0.004362695,0.003963906,0.0021271522,0.0043114442,0.0028320837,0.0030255588,0.006194616,0.0065887794,0.0023764852,0.004843164,0.006356727,0.0039505768,0.0014594704,0.0032446003,0.0027500952,0.008792493,0.0038387072,0.0038641267,0.011611046,0.024252981,0.007581502,0.007865572,0.0021811582,0.026860256,0.55513316,0.0032215915,0.002265115,8.444482e-05,0.021285463,0.003914861,0.17330573,0.14094436,0.006679645,0.004455654,0.012616672,0.0054045334,0.010579324,0.014978563
0.002216336,0.0026782688,0.0015978912,0.0032222883,0.0050288886,0.0017206601,0.0011595472,0.0064542275,0.002004619,0.0010943505,0.0060583744,0.0055863694,0.0013794289,0.0028180613,0.017677778,0.0021589827,0.0025342,0.008154667,0.008034798,0.004428922,0.0044655045,0.01829104,0.004650024,0.036692016,0.0044532283,0.004411133,0.0072455187,0.34223527,0.17274995,0.001879572,0.021285463,0.00033435988,0.0006197855,0.00790123,0.7422967,0.011795727,0.0067675873,0.013141323,0.4981968,0.0001479355,0.014623261
0.004244779,0.0039220094,0.0028336614,0.010767544,0.008020446,0.009201723,0.0025331525,0.0077163097,0.0047295694,0.006223734,0.005077223,0.005260638,0.0031365035,0.00403488,0.005059367,0.006580922,0.0056105014,0.013164341,0.0063573504,0.00822623,0.0043797116,0.0032949317,0.006581567,0.007692604,0.001063856,0.0043656616,0.004615838,0.0006947847,0.056866422,0.46468195,0.003914861,0.0006197855,0.00016527601,0.0140942,0.009499267,0.14456998,0.024176808,0.007465415,0.0017080585,0.04424721,0.021385146
0.0016832302,0.0024779013,0.0044573676,0.0029566234,0.0018494865,0.0036162897,0.007206727,0.004850689,0.004839157,0.0110233445,0.006995354,0.0026482504,0.0044488166,0.004050254,0.0027059626,0.0025867969,0.0016111442,0.0016758172,0.004503099,0.0050053443,0.0040095714,0.0033371225,0.002323976,0.0017619275,0.0019719133,0.0035981813,0.011474339,0.0035788636,0.0061761676,0.12478273,0.17330576,0.007901234,0.0140942,0.00013343667,0.019508826,0.014367512,0.46614778,0.14263529,0.011246826,0.030626958,0.024610188
0.0023326469,0.0023850552,0.0020494033,0.002929714,0.0010729576,0.0017951175,0.0022985088,0.0145160975,0.0028412275,0.0022792567,0.0024959145,0.0035792734,0.0016649901,0.0028599694,0.0035592134,0.0017004302,0.0033738422,0.0029161354,0.0016440582,0.0040096953,0.0012989789,0.003943968,0.017757136,0.006718297,0.0036536213,0.0030445592,0.001302186,0.01705613,0.0016983374,0.0036089509,0.14094436,0.74229676,0.009499267,0.01950882,0.0001797899,0.006229284,0.01104523,0.83545834,0.47351515,0.010224668,0.12623227
0.0028619815,0.0048667635,0.0023822926,0.004439974,0.0066711963,0.005262649,0.0030883688,0.0102769025,0.0029220616,0.0012613432,0.0026208414,0.0065789428,0.0025973406,0.0018429392,0.008606601,0.0037251844,0.0020333254,0.0030802258,0.0088848565,0.005134664,0.002752004,0.0025734885,0.0038581663,0.007901387,0.0012472734,0.0030454495,0.009942721,0.00028514443,0.001062064,0.007618913,0.0066796415,0.011795727,0.14457001,0.014367508,0.006229284,0.0023662138,0.037064984,0.0136078745,0.77625895,0.41212457,0.048083816
0.0045001116,0.0044940617,0.0047727595,0.013835,0.0029612277,0.0033989423,0.0071436614,0.00385285,0.0037738013,0.012569264,0.008173645,0.00505208,0.0077906363,0.0031110467,0.008447983,0.002811431,0.0018541507,0.00072106544,0.00579099,0.0014920514,0.0034786437,0.0012196747,0.001956433,0.0012019703,0.0013126514,0.0011850874,0.0018439263,0.0012165896,0.0011747327,0.021337504,0.004455654,0.0067675873,0.024176808,0.46614766,0.011045235,0.037064984,0.0001580501,0.034155086,0.02326643,0.8777076,0.58833355
0.00248314,0.0027499264,0.0040028496,0.0050472263,0.0018582093,0.0024591382,0.003390505,0.0040541585,0.0026668506,0.006737755,0.0046872385,0.0044807973,0.0030956697,0.015529258,0.0022852677,0.0029760427,0.0012850808,0.0018678966,0.0022672703,0.0021646668,0.0014425382,0.0023942261,0.013897411,0.0060264636,0.0024983827,0.0024187176,0.0023807916,0.002323964,0.001981069,0.0012743729,0.012616672,0.013141323,0.007465415,0.14263526,0.8354582,0.0136078745,0.034155086,0.00019940318,0.2864753,0.041531824,0.74891126
0.0049871793,0.0037286582,0.0025664724,0.008333031,0.0029788339,0.0013572831,0.0012956107,0.009543151,0.0027728674,0.000822246,0.0027658644,0.021872686,0.0015466927,0.0008965915,0.003481149,0.0014256815,0.0011214766,0.0016923307,0.014875084,0.0014794363,0.0015586354,0.0029507647,0.0040588537,0.00345718,0.0019690194,0.0040427595,0.0014488043,0.007041422,0.0068820985,0.0028637594,0.0054045334,0.4981968,0.0017080585,0.011246826,0.47351533,0.77625895,0.023266425,0.2864753,0.0011585386,0.009362313,0.37199667
0.008973424,0.009653945,0.004405667,0.0041864663,0.004293332,0.0054028495,0.002757949,0.0075604534,0.0040969807,0.003222809,0.0030550228,0.0061513623,0.003938238,0.0019600964,0.0043507456,0.0049644494,0.0028670523,0.0043742075,0.003388601,0.005333903,0.0052747047,0.0032124186,0.0048653875,0.0020426402,0.001946805,0.002755398,0.00439286,0.0013943857,0.0020566657,0.007539845,0.010579324,0.0001479355,0.0442472,0.030626958,0.010224668,0.41212457,0.8777076,0.041531824,0.009362313,0.00060437433,0.08176315
0.0069586765,0.00456349,0.0044400543,0.003917794,0.0026304452,0.0021015923,0.0024061769,0.0043951254,0.0030505543,0.0032073092,0.0061177695,0.0051789386,0.0015841299,0.0022420378,0.002202041,0.0008775974,0.0010977251,0.0014306695,0.0022143112,0.002893697,0.0014060745,0.002791058,0.0015841948,0.004035905,0.0019300258,0.0023919323,0.0019462105,0.0046176217,0.004123007,0.0060093123,0.014978563,0.014623253,0.021385157,0.02461018,0.12623227,0.048083816,0.58833355,0.74891126,0.37199652,0.08176315,0.00046950387
