0,1,2,3,4,5,6,7,8,9,10,11,12,13,14,15,16,17,18,19,20,21,22,23,24,25,26,27,28,29,30,31,32,33,34,35,36,37,38,39,40,41,42,43,44,45,46,47,48,49,50,51,52,53,54,55,56,57,58,59,60,61,62,63
0.016977875,0.011208462,0.015197048,0.025839634,0.009338568,0.039111044,0.018917762,0.038411874,0.016658157,0.021396581,0.027531087,0.014812946,0.0135122975,0.011398635,0.008953668,0.005329846,0.008091988,0.005727004,0.0055076727,0.0060320324,0.0070418622,0.0035463772,0.00564773,0.0054056253,0.0067607984,0.0067128357,0.0057613635,0.0065775253,0.006381714,0.0068491176,0.005175911,0.0058194767,0.0054796254,0.0049539832,0.003495844,0.0040357905,0.005004993,0.004327492,0.0035683212,0.004093579,0.00317729,0.005323361,0.003988058,0.0052681686,0.0031207143,0.0034434567,0.003426981,0.004099676,0.0026306154,0.003732974,0.0037692902,0.0034595022,0.0035301044,0.0041694823,0.004377103,0.0026775657,0.0047937813,0.0037897595,0.006313629,0.0049424083,0.006197441,0.004228964,0.0060374583,0.0070368825
0.011208462,0.009456797,0.038300987,0.050523605,0.031328183,0.046521652,0.021884892,0.023994701,0.036999736,0.021831974,0.024679014,0.016087968,0.021458082,0.022462403,0.016036263,0.0069988524,0.0104011465,0.008052438,0.007952276,0.0066391057,0.005395416,0.003919082,0.004659421,0.0042233756,0.0035677531,0.0046989364,0.0043626362,0.0050026784,0.004550546,0.0045230975,0.0049378495,0.0037801496,0.0036173656,0.0039388984,0.0027661724,0.003259342,0.003904812,0.004727447,0.0034316191,0.003586953,0.0041507846,0.0048037055,0.0030208703,0.0038512892,0.0036191414,0.0035191951,0.002884576,0.0038689405,0.0028517747,0.0029507717,0.0032005343,0.004413106,0.0038862259,0.0034128001,0.004685679,0.0029337578,0.004354424,0.003763908,0.004961805,0.005438042,0.004975575,0.004057094,0.007086993,0.005039333
0.0151970405,0.038300987,0.005341381,0.13395804,0.21627998,0.10200263,0.06468269,0.039912015,0.05327485,0.0784607,0.032417525,0.024271933,0.02620478,0.018567303,0.022654852,0.017976359,0.014571372,0.022135025,0.005634776,0.008037102,0.0038883162,0.0043356353,0.004080244,0.003217876,0.005234184,0.003325123,0.0034807536,0.0029007709,0.0024156924,0.0045861555,0.0042842333,0.0027579477,0.0027819127,0.003534418,0.0024819945,0.0017932788,0.0034788207,0.0033723658,0.0029383346,0.0028311184,0.0026898715,0.005209983,0.0025317601,0.00329641,0.006527516,0.0021449917,0.0022498488,0.002897726,0.0039826087,0.0019837732,0.003030966,0.0040353993,0.0024871058,0.00302736,0.003001251,0.0030990723,0.0027745797,0.0024058633,0.002498491,0.0033305509,0.003613154,0.0024836515,0.0033413866,0.0047195046
0.025839634,0.050523605,0.13395807,0.0044543175,0.10896412,0.039070267,0.2758721,0.06539395,0.47114718,0.23519184,0.04696648,0.04267623,0.13857992,0.024834983,0.072079726,0.030146817,0.008998584,0.011561582,0.009468739,0.0066484967,0.0036821472,0.0046175057,0.0035247796,0.002866575,0.0029219005,0.0037637705,0.004277053,0.0023451396,0.0019749582,0.0053834463,0.004290222,0.0021152645,0.0017260786,0.0032350698,0.0015874088,0.0014403585,0.0027456144,0.0041884165,0.001940601,0.0018139759,0.002046982,0.005021533,0.0021708834,0.0023302233,0.0024513658,0.0016006244,0.0031884143,0.0022014272,0.0027687738,0.0026677449,0.0031320164,0.0018670887,0.0021360484,0.0024156154,0.0026549767,0.0022261092,0.002132012,0.0020151937,0.002207332,0.0024434484,0.0028436466,0.0018640342,0.002074927,0.0032450736
0.009338568,0.031328183,0.21628007,0.108964145,0.0064165224,0.041449405,0.20481305,0.14543162,0.11023924,0.09552695,0.06728563,0.14128986,0.07314943,0.042125184,0.07398191,0.029814182,0.019850302,0.0111838775,0.00909007,0.008502004,0.003549801,0.0042923386,0.005598368,0.0029696643,0.003369431,0.0031701867,0.004363993,0.0022007402,0.0022424764,0.0034871423,0.0039113313,0.0020512394,0.0019626776,0.0034333188,0.0018314508,0.0012534966,0.0036738894,0.0032028945,0.0017899581,0.0020271258,0.0020967626,0.003531831,0.0018413618,0.0023737892,0.004583063,0.0016577124,0.0023082418,0.002712541,0.002299749,0.002306389,0.002621421,0.0032623578,0.0020467474,0.0021932265,0.0030060518,0.002482259,0.002457495,0.0019963526,0.0022553178,0.0026520414,0.0023729797,0.0015696873,0.002570137,0.0036292817
0.039111044,0.046521652,0.10200263,0.039070267,0.041449394,0.03455205,0.06355756,0.10641152,0.068333045,0.06045803,0.04033789,0.052430607,0.032814883,0.01725846,0.0203936,0.017663822,0.013987992,0.010267527,0.0055114506,0.008802068,0.0052761286,0.0037859378,0.0027802824,0.004634346,0.0030212812,0.0040666773,0.0035610667,0.0030768379,0.0031331256,0.0025132822,0.002308623,0.0030867355,0.002530837,0.0031716484,0.0020742302,0.0020653717,0.0034869784,0.002249775,0.002808573,0.003433095,0.0025391479,0.003430256,0.0023748293,0.0021799558,0.0024095743,0.0028151525,0.0021627294,0.0031585086,0.0025567291,0.001802171,0.002739799,0.0036924318,0.0033029527,0.0033526246,0.0033745014,0.0030484668,0.0031277272,0.003511824,0.003908206,0.0041047647,0.003912017,0.0038897665,0.004675467,0.0052882168
0.018917762,0.021884892,0.06468269,0.2758722,0.20481305,0.06355756,0.023769062,0.051615287,0.12620358,0.0646259,0.23499976,0.20572262,0.085787445,0.0279848,0.042304475,0.023956873,0.025294002,0.014366223,0.009455546,0.009168864,0.0036602793,0.003414109,0.002933752,0.003057417,0.0023547444,0.0024322313,0.003392228,0.0023245488,0.0018649367,0.0032188073,0.0027364565,0.001966668,0.0018315649,0.003955492,0.0015736583,0.0013617008,0.0034556459,0.002917392,0.0020111431,0.001997648,0.00203424,0.003461599,0.0019743755,0.002133717,0.0031475765,0.0017807846,0.0023244063,0.002382981,0.0027786407,0.0023281213,0.0028777102,0.0027701515,0.0022460362,0.0025499808,0.0034968408,0.0023545967,0.0023581772,0.0022314866,0.0023172153,0.00274388,0.002808549,0.0019942683,0.002766376,0.00318242
0.038411874,0.023994701,0.039912015,0.06539392,0.14543165,0.10641152,0.051615275,0.022038816,0.04025276,0.11937911,0.12638512,0.14758176,0.06743081,0.04129537,0.048008494,0.019355282,0.019282537,0.012734189,0.008884714,0.0053951577,0.0037797506,0.0033306803,0.005977774,0.0029273927,0.0029287138,0.0030036788,0.003315333,0.0024260506,0.0020849968,0.00292778,0.0035355939,0.0022583832,0.0021319045,0.0038282024,0.0017387806,0.0015873302,0.002429774,0.0035698463,0.0022628435,0.0022302319,0.0028143772,0.0046844315,0.0020096705,0.0022497592,0.0034480498,0.0021651716,0.002368579,0.0023826417,0.00270211,0.0025488276,0.002860092,0.003113654,0.002503875,0.0026971905,0.002475378,0.002350693,0.002735192,0.0023997962,0.0027994476,0.0030910494,0.0032653133,0.002010988,0.0029809705,0.003944069
0.016658157,0.036999736,0.053274862,0.47114718,0.11023924,0.068333045,0.12620358,0.04025276,0.0047568977,0.05482955,0.32574213,0.28074595,0.15537846,0.04115123,0.03330163,0.027824344,0.016869389,0.011084803,0.0071386206,0.00905369,0.003322971,0.0071326816,0.0035910015,0.002791195,0.0021268204,0.0033358098,0.003577043,0.0021674703,0.0018504612,0.004230169,0.003553132,0.001761327,0.0017416708,0.004781063,0.0015549429,0.0012377906,0.0029895639,0.0049114143,0.0019946832,0.002006755,0.0026444846,0.0042894115,0.0020839432,0.0021072698,0.0021520446,0.0017557541,0.002578502,0.0022560304,0.002510355,0.0034789215,0.002873756,0.0024067448,0.0021251927,0.0021637464,0.0025017585,0.0021453786,0.0023772868,0.0018978158,0.0019467794,0.0024544648,0.0025900407,0.0018090293,0.0026705307,0.0031508717
0.021396581,0.021831974,0.0784607,0.23519184,0.09552696,0.06045803,0.0646259,0.11937914,0.05482955,0.00898954,0.108961105,0.15469818,0.06956608,0.055792194,0.04518491,0.03605634,0.019797038,0.024595546,0.0063008526,0.011079232,0.0036059013,0.005180806,0.0038476307,0.003028156,0.0032317133,0.0028120752,0.0029416964,0.0024147802,0.001947782,0.0028718521,0.0033109982,0.002523855,0.0023461261,0.0035706752,0.0019326801,0.0014333423,0.0029936228,0.0025738939,0.002201885,0.0022713968,0.0023033242,0.0036151216,0.0022186548,0.0025185451,0.0029175344,0.0019848759,0.0019756085,0.0023806468,0.0028476082,0.0019681014,0.0022562374,0.0033456471,0.0021706375,0.0025068936,0.0024910553,0.0025801654,0.0023274126,0.0021113267,0.002411925,0.0026775568,0.002890716,0.0021751937,0.0030396378,0.0042710095
0.027531087,0.024679014,0.032417525,0.046966463,0.06728561,0.04033789,0.23499972,0.12638515,0.32574213,0.108961105,0.0037290994,0.31267458,0.14813302,0.13948089,0.07963234,0.048001062,0.01866644,0.013732604,0.013704126,0.008430295,0.004492238,0.0036171714,0.0037466644,0.0035902779,0.002150722,0.0027469716,0.0037041882,0.0023139887,0.0021157013,0.0033420492,0.0023876978,0.0020168521,0.0021139444,0.0028782412,0.0015405421,0.0016566576,0.002839076,0.0024749786,0.0018587525,0.0017808666,0.0025253564,0.0037093298,0.0016704123,0.0019854608,0.0020600979,0.001649878,0.0019878158,0.0018285251,0.0017686799,0.00190385,0.0020436787,0.002554278,0.0024873922,0.0024579137,0.002606271,0.002376224,0.0026847292,0.0024428742,0.002381374,0.0027764405,0.0031004616,0.0025863843,0.0029288002,0.0035662807
0.014812946,0.016087968,0.024271933,0.042676236,0.1412898,0.05243062,0.20572266,0.1475818,0.28074595,0.15469818,0.3126747,0.0025828995,0.096113436,0.2007521,0.1671935,0.03716916,0.14220233,0.019276112,0.028052317,0.011183039,0.0029562255,0.0048931567,0.0052382727,0.002759346,0.0022198616,0.0032514497,0.0032910674,0.0017926705,0.0015726134,0.0036062167,0.0035515132,0.0018986723,0.0018323279,0.0034727426,0.0012324026,0.0012523499,0.0024207456,0.0026675672,0.0016447392,0.0013801049,0.0026132504,0.0035479867,0.0016637619,0.0017021786,0.0022933127,0.0013556404,0.0017524959,0.0021275044,0.0023468605,0.0014649329,0.0015131717,0.0024606627,0.002058142,0.0018504752,0.002311776,0.0025506455,0.0016505906,0.0016108718,0.0016563949,0.0019332571,0.0021655424,0.002098213,0.0057067377,0.004006526
0.0135122975,0.021458082,0.02620478,0.13857992,0.07314943,0.032814883,0.085787445,0.067430824,0.15537846,0.06956609,0.14813302,0.0961134,0.0016295944,0.055603564,0.114560306,0.049454685,0.022576662,0.020107882,0.023186864,0.010430926,0.0050582653,0.00863576,0.0065903994,0.0034409347,0.0030600403,0.004959677,0.0042802216,0.002343857,0.0022287066,0.0035002783,0.0034892508,0.00182493,0.0023792337,0.0039387117,0.0014560526,0.0018091549,0.0026001674,0.004469487,0.0016576389,0.0019673712,0.0044178437,0.0037767063,0.0021158967,0.0023565332,0.002429691,0.0023972632,0.0021062875,0.0026945702,0.0024931892,0.002250697,0.001735848,0.0023986173,0.0021817249,0.0022828097,0.0023611833,0.002479105,0.0022677267,0.0020876564,0.0022948442,0.0023538645,0.0023727086,0.00180624,0.003265501,0.0035293417
0.011398635,0.022462403,0.018567303,0.024834983,0.042125184,0.01725846,0.027984794,0.04129537,0.041151244,0.055792186,0.13948092,0.2007521,0.055603564,0.0015871609,0.0056863353,0.14908567,0.066095196,0.030450681,0.02347863,0.01716459,0.007470671,0.017076049,0.0072145914,0.00503902,0.0028730743,0.005843663,0.004495833,0.0026801263,0.0029547096,0.0038193876,0.0032844595,0.0022275893,0.0026682282,0.0073673073,0.0017087993,0.0026145007,0.0035760538,0.0036205843,0.001986091,0.0020834624,0.004777246,0.003278662,0.0021219158,0.0019163971,0.0020771094,0.0018089707,0.0014282648,0.0033496975,0.002846605,0.0024510429,0.0028807165,0.0029058119,0.0026004878,0.0020544387,0.002260258,0.009497431,0.0018431506,0.0031640038,0.0024566539,0.0021587044,0.0021125476,0.0026244298,0.003934766,0.00355782
0.008953664,0.016036263,0.022654852,0.072079726,0.07398191,0.0203936,0.042304475,0.048008494,0.03330162,0.04518491,0.07963234,0.16719344,0.114560306,0.0056863353,0.0009765164,0.04024454,0.024996772,0.045980796,0.04466049,0.011858181,0.00535844,0.013227813,0.008369484,0.004259897,0.0041909474,0.0052811783,0.005653522,0.002573791,0.0030437834,0.006103564,0.005809675,0.0026370287,0.002921689,0.009318835,0.0023318701,0.002327118,0.0047622416,0.005934379,0.00239309,0.0022693088,0.0042602066,0.003614615,0.0018944632,0.0027774086,0.003430587,0.0022053628,0.0025992242,0.0030825138,0.0039160233,0.0032591578,0.0025079348,0.0034327882,0.0028078107,0.001816555,0.002006203,0.0022615532,0.0019941279,0.0019414204,0.001700231,0.001861381,0.0018761416,0.0017060969,0.0021134978,0.0023329786
0.005329846,0.006998856,0.017976359,0.030146817,0.029814182,0.017663822,0.023956873,0.019355282,0.027824344,0.03605634,0.04800106,0.03716916,0.04945467,0.14908564,0.040244553,0.0018142082,0.0070032785,0.057460357,0.013323355,0.019074466,0.0074730334,0.02261659,0.023695018,0.008794825,0.0069996445,0.008746918,0.008128018,0.0037505894,0.0035204613,0.0060066697,0.0058819694,0.0033539252,0.0033085644,0.010020711,0.002854762,0.00245642,0.004347844,0.005667575,0.0020815083,0.0024082037,0.0065735937,0.0044550425,0.0020984306,0.0023753967,0.003708789,0.0023841623,0.0021015422,0.0024736912,0.0035540927,0.002232149,0.0029919385,0.0033009427,0.0019401006,0.0021093506,0.0025491854,0.002909676,0.001843504,0.0021178145,0.0019730022,0.0018608723,0.002731077,0.001644563,0.0031356302,0.0029623637
0.008091988,0.01040115,0.014571372,0.008998584,0.019850302,0.013987992,0.025294002,0.019282537,0.016869389,0.019797038,0.018666446,0.14220233,0.022576662,0.066095196,0.024996776,0.0070032785,0.0006911366,0.017127482,0.043551125,0.01326597,0.013343893,0.049078245,0.030579202,0.010497142,0.009295624,0.0094086155,0.010221214,0.004503638,0.0050001326,0.006207564,0.0041000596,0.004380086,0.0043612574,0.011904945,0.0029013515,0.0029911816,0.008586821,0.0046512033,0.0029046307,0.002765491,0.004644695,0.004427272,0.0029765717,0.0030768143,0.0050924155,0.0021080691,0.002241544,0.0027022979,0.00418135,0.0026305115,0.002229763,0.0035829537,0.0024045443,0.0018802269,0.0024102689,0.002850129,0.0021169945,0.0018929689,0.0019654452,0.0020290387,0.0021563896,0.0024848934,0.0029450788,0.0028820345
0.005727004,0.008052438,0.022135025,0.011561582,0.0111838775,0.010267527,0.014366223,0.012734189,0.011084803,0.024595546,0.013732604,0.019276109,0.020107882,0.03045067,0.045980785,0.057460345,0.017127482,0.00076510565,0.03042202,0.028247453,0.02762203,0.054130927,0.043524746,0.017522933,0.01177777,0.012753784,0.01328134,0.0075598527,0.0070527066,0.019344373,0.007454283,0.0048493706,0.004244057,0.013550794,0.003945748,0.002426135,0.005104531,0.0058676046,0.0030728064,0.00259402,0.0048914272,0.0039659226,0.0024065156,0.0023046427,0.005574906,0.001768079,0.0033581657,0.0025833652,0.0042382553,0.0024847812,0.001825558,0.0025460108,0.0014524041,0.0016579981,0.0017361374,0.0024742938,0.002018111,0.002072327,0.0018298991,0.0018931428,0.001957229,0.0016847469,0.0021010265,0.002460707
0.0055076727,0.007952276,0.005634776,0.009468739,0.00909007,0.0055114506,0.009455546,0.008884714,0.0071386206,0.0063008526,0.013704126,0.028052311,0.023186864,0.02347863,0.04466049,0.013323355,0.043551125,0.03042202,0.0014770896,0.0075772842,0.023398185,0.55416065,0.1568659,0.018312545,0.016360903,0.03204981,0.018992767,0.007399021,0.008136018,0.013283546,0.007393178,0.0052522,0.004726,0.019151501,0.0037558367,0.0030829257,0.0051976433,0.007110116,0.002358434,0.002763226,0.005272778,0.0027888785,0.002656658,0.0027045812,0.0028165728,0.0020929698,0.0024524773,0.0028957122,0.00429132,0.003140366,0.0024095639,0.0022380594,0.0021492029,0.0018045049,0.0022216358,0.0017759656,0.0020158265,0.0020367254,0.0017099589,0.0014015711,0.001767675,0.0021132403,0.0021785756,0.001983692
0.0060320324,0.0066391057,0.008037102,0.0066484967,0.008502004,0.008802064,0.009168864,0.0053951577,0.009053686,0.011079232,0.008430295,0.011183039,0.010430926,0.01716459,0.011858187,0.01907446,0.01326597,0.028247453,0.0075772842,0.0042684553,0.123023815,0.043400057,0.4517357,0.17073593,0.028001549,0.027061542,0.048245255,0.020916337,0.007892556,0.02298784,0.00914353,0.0052867997,0.005129354,0.009555973,0.004263906,0.0034613668,0.003931413,0.0038034373,0.002765616,0.0021722028,0.0023910983,0.003376683,0.001962997,0.0023311202,0.002110726,0.0016045001,0.0026285169,0.0022678075,0.0019812842,0.0017761852,0.0020327226,0.002084103,0.0016344284,0.0017444072,0.0018692743,0.0023999687,0.002080724,0.002265158,0.0025462334,0.0021367986,0.0026151661,0.0026443338,0.0032321664,0.0038398365
0.007041866,0.005395416,0.0038883162,0.0036821493,0.003549801,0.0052761286,0.0036602793,0.0037797506,0.003322971,0.0036059013,0.0044922405,0.0029562255,0.0050582653,0.007470671,0.005358442,0.0074730334,0.0133438995,0.027622035,0.023398185,0.123023845,0.014983666,0.026758844,0.043256003,0.86518395,0.30347854,0.028593935,0.031662896,0.059326448,0.030991113,0.025331771,0.011597641,0.014288529,0.013375791,0.009625858,0.0062755086,0.0057479297,0.005114782,0.0031023975,0.002797804,0.0035830422,0.002306975,0.0022049313,0.003029033,0.003352416,0.0019389625,0.0017751034,0.0029415397,0.0026761973,0.0014460483,0.0016798833,0.0016563082,0.0016468137,0.0018000553,0.0021502974,0.0017232513,0.0018296698,0.002165761,0.002879243,0.003260498,0.0023399757,0.0029591771,0.0033303117,0.0028180317,0.003300917
0.0035463772,0.003919082,0.0043356353,0.0046175057,0.0042923386,0.0037859378,0.003414109,0.0033306803,0.0071326816,0.005180806,0.0036171714,0.0048931567,0.008635756,0.017076049,0.013227813,0.02261659,0.049078256,0.054130927,0.55416065,0.043400057,0.026758844,0.00052250765,0.028931664,0.014170773,0.18508174,0.15350065,0.026135437,0.018478049,0.025714513,0.037671164,0.024028001,0.0073019685,0.05016181,0.012866557,0.0073374035,0.006216857,0.005282158,0.009242827,0.0062005487,0.0012652267,0.020149767,0.0012691069,0.0039868024,0.0024154165,0.0050755586,0.0016323717,0.0021321885,0.0032576714,0.0024635284,0.0015975367,0.0013855234,0.0030529425,0.0019365306,0.0014254643,0.0023448851,0.0015104178,0.0015097283,0.0012101124,0.0014880132,0.0017361564,0.0016751008,0.0015175836,0.0017904073,0.0019832803
0.00564773,0.0046594185,0.004080244,0.0035247796,0.005598368,0.0027802824,0.002933752,0.005977774,0.0035910015,0.0038476288,0.0037466644,0.0052382727,0.0065903994,0.0072145914,0.008369484,0.023695018,0.030579202,0.043524746,0.1568659,0.4517357,0.043256003,0.028931664,0.0030001728,0.027243711,0.023445532,0.07653143,0.108913496,0.018490931,0.0086212065,0.029829768,0.01408402,0.009078206,0.016423177,0.023737444,0.021243203,0.0044834227,0.0034161182,0.006021641,0.0042510713,0.002905487,0.0058685616,0.0020825695,0.003023001,0.0036461186,0.0023785806,0.005029423,0.0023337144,0.002045173,0.0020297552,0.0018149086,0.0022207838,0.0017778584,0.0012474327,0.0015644708,0.0017262019,0.0028218196,0.0018663591,0.0017704464,0.0019974655,0.0022169962,0.0021131882,0.0026782306,0.0029220143,0.0026649854
0.0054056253,0.0042233756,0.003217876,0.002866575,0.0029696627,0.004634344,0.003057417,0.0029273916,0.002791195,0.003028156,0.003590276,0.002759346,0.0034409333,0.00503902,0.004259897,0.00879482,0.010497142,0.017522933,0.018312545,0.17073593,0.86518383,0.014170773,0.027243711,0.047047168,0.08114412,0.020856485,0.16036263,0.21353707,0.030633371,0.016165169,0.008149204,0.016796228,0.031361084,0.016809935,0.020657407,0.0052069025,0.003642673,0.0030266044,0.0031590012,0.0037026783,0.0018258761,0.0012648947,0.002042687,0.0045621493,0.0015957928,0.001847346,0.0028926188,0.0024635964,0.0015429175,0.0017172447,0.0018301839,0.0016264035,0.001420955,0.0022933085,0.0020138265,0.0019487697,0.0029155782,0.003268928,0.0027003312,0.0033400324,0.004156873,0.0039815363,0.0036781018,0.0043388763
0.0067607984,0.0035677531,0.005234184,0.0029219005,0.003369431,0.0030212812,0.0023547444,0.0029287138,0.0021268204,0.0032317133,0.002150722,0.0022198616,0.0030600403,0.0028730743,0.0041909474,0.0069996445,0.009295624,0.01177777,0.016360896,0.028001549,0.30347854,0.1850817,0.023445532,0.08114413,0.033352178,0.019083444,0.026305879,0.36078876,0.26250225,0.019060023,0.03179266,0.026323387,0.053347774,0.02469606,0.08782597,0.0152109545,0.008708568,0.006630812,0.0011339696,0.0036740727,0.004049935,0.0019149485,0.00089479936,0.0025615008,0.0027950783,0.0020794827,0.001073834,0.0039428235,0.0023611912,0.0015871873,0.0016216278,0.0022402508,0.001427918,0.0019995016,0.001608367,0.0018003235,0.0019729675,0.0025976892,0.0033169675,0.0026693956,0.0028605259,0.0019829567,0.002622598,0.0029038962
0.0067128357,0.0046989364,0.003325123,0.0037637723,0.0031701867,0.0040666773,0.0024322313,0.0030036788,0.0033358098,0.0028120752,0.0027469716,0.0032514497,0.004959677,0.005843663,0.0052811806,0.008746918,0.0094086155,0.01275379,0.032049816,0.027061542,0.028593935,0.15350065,0.07653143,0.020856485,0.019083444,0.007969094,0.034956988,0.050598837,0.03596624,0.08048812,0.0238758,0.014368486,0.08207084,0.018779702,0.039770026,0.011995353,0.0070967074,0.023667678,0.0087469965,0.0021800802,0.0022410995,0.0049955295,0.0037854519,0.001977939,0.0037391044,0.0034039207,0.0023022145,0.0019952585,0.0019758344,0.0027523767,0.0024568115,0.0022093696,0.0014789721,0.0018852432,0.0012379192,0.0026398166,0.002287912,0.0025612009,0.0021493768,0.0024871542,0.002690872,0.0022780926,0.0023276494,0.002897292
0.0057613635,0.0043626362,0.0034807522,0.004277053,0.004363993,0.0035610688,0.003392228,0.003315333,0.003577043,0.0029416964,0.0037041882,0.0032910674,0.0042802216,0.004495833,0.005653525,0.008128018,0.010221214,0.01328134,0.018992767,0.04824527,0.031662896,0.026135437,0.108913526,0.16036266,0.026305884,0.034956988,0.015331766,0.033397637,0.022889258,0.028931517,0.024647145,0.007914091,0.025050053,0.038826123,0.015169831,0.004900634,0.0058466364,0.005808127,0.0049228095,0.0049506277,0.0015320801,0.001771834,0.005624803,0.0036429276,0.0028270357,0.0046908283,0.0033261706,0.0025242346,0.002274852,0.002365979,0.0028965906,0.0021441611,0.0019689961,0.0024636865,0.0025029085,0.0026697158,0.003488488,0.002947509,0.003336124,0.0029626216,0.0032200315,0.003311113,0.0033882707,0.003007208
0.0065775276,0.0050026784,0.0029007709,0.0023451396,0.0022007402,0.0030768379,0.0023245488,0.0024260506,0.0021674712,0.0024147802,0.00231399,0.0017926705,0.002343857,0.0026801263,0.002573791,0.0037505894,0.0045036357,0.0075598527,0.007399021,0.020916343,0.059326462,0.018478049,0.018490931,0.21353708,0.36078876,0.050598837,0.033397637,0.036633052,0.09295177,0.025275545,0.07948673,0.089242995,0.09388213,0.04702312,0.083815165,0.008654628,0.008341847,0.0056394697,0.0018976587,0.0051439553,0.0031637903,0.0009822667,0.0026143715,0.005376154,0.002705825,0.0015922103,0.0038267334,0.003415016,0.0017421899,0.0016220819,0.0018730627,0.0019447966,0.0017278007,0.002543561,0.0023534477,0.0020832543,0.0030390136,0.0030570072,0.003946297,0.003025976,0.0032826522,0.0034416984,0.003556074,0.005002982
0.006381714,0.004550546,0.0024156924,0.0019749582,0.0022424753,0.0031331256,0.0018649367,0.0020849968,0.0018504612,0.001947782,0.0021157013,0.0015726128,0.0022287066,0.002954708,0.0030437834,0.0035204613,0.00500013,0.0070527066,0.008136018,0.007892556,0.030991105,0.025714513,0.0086212065,0.030633379,0.26250225,0.03596624,0.022889258,0.09295177,0.016789779,0.020095518,0.020305127,0.08255718,0.12871617,0.016468138,0.25712124,0.0315744,0.015088501,0.02108495,0.0028783672,0.0033568447,0.003901894,0.0016700117,0.005368536,0.004545173,0.0051919534,0.004043153,0.0024578553,0.0029697218,0.002829459,0.002545421,0.002058197,0.004591854,0.0019030619,0.0030084534,0.0021099239,0.0023500894,0.0032840301,0.003712177,0.005132516,0.003856149,0.0039682267,0.0027312862,0.004341889,0.004447024
0.0068491213,0.0045230975,0.0045861555,0.0053834463,0.0034871423,0.0025132822,0.0032188073,0.00292778,0.004230169,0.0028718521,0.0033420506,0.0036062167,0.0035002783,0.0038193876,0.006103564,0.0060066697,0.006207564,0.019344373,0.013283553,0.02298784,0.025331771,0.037671164,0.029829768,0.016165176,0.019060023,0.0804881,0.028931517,0.025275545,0.020095518,0.0064274636,0.029272607,0.010023716,0.07966907,0.1267702,0.045189474,0.008349317,0.0107747335,0.013565581,0.008735655,0.0024787867,0.0019699286,0.004214297,0.0027629724,0.0018916558,0.0036501694,0.00327598,0.0023692618,0.0024879244,0.0034470835,0.002705942,0.004159448,0.0020775087,0.0018955835,0.002328045,0.003116257,0.0029382831,0.0025973532,0.002914723,0.004114536,0.003304501,0.0031479672,0.0031904958,0.0024776857,0.0037399482
0.005175911,0.0049378513,0.0042842333,0.004290222,0.0039113313,0.0023086239,0.0027364553,0.0035355939,0.0035531337,0.0033109982,0.0023876978,0.0035515132,0.0034892508,0.0032844595,0.0058096773,0.0058819694,0.0041000596,0.007454283,0.007393178,0.00914353,0.011597641,0.024028001,0.01408402,0.008149208,0.031792663,0.0238758,0.024647145,0.07948673,0.020305132,0.029272612,0.01047762,0.015861245,0.049285527,0.048949197,0.0876421,0.013595067,0.0122976,0.025949264,0.0050124098,0.005371414,0.0038578988,0.0012959063,0.005417308,0.009849461,0.0042596282,0.0022817187,0.003723123,0.0029860707,0.00303694,0.0084270155,0.003066663,0.0030977395,0.0024807518,0.0026441691,0.0031583405,0.0031614916,0.0035334025,0.0033057325,0.00365718,0.0034415938,0.004036172,0.002959405,0.0033336908,0.0040373104
0.0058194767,0.0037801496,0.0027579463,0.0021152645,0.0020512394,0.0030867355,0.001966668,0.0022583832,0.001761327,0.002523855,0.0020168533,0.0018986723,0.00182493,0.0022275893,0.0026370287,0.0033539252,0.004380086,0.0048493706,0.0052522,0.0052867997,0.014288529,0.0073019685,0.00907821,0.016796228,0.026323387,0.014368486,0.007914091,0.089242995,0.0825572,0.010023716,0.015861245,0.020361135,0.08130376,0.021589372,0.07073805,0.13236016,0.024821931,0.009993048,0.012811115,0.014020756,0.006718008,0.004174407,0.008036688,0.0068457355,0.00483705,0.004124679,0.0025988396,0.0036717833,0.003246806,0.003447827,0.0037950797,0.003584086,0.0028267226,0.0041212314,0.003099616,0.0038803178,0.0050736517,0.004994757,0.005416406,0.0053862454,0.006450514,0.0038896224,0.005483844,0.0052283453
0.0054796278,0.0036173656,0.0027819127,0.0017260786,0.0019626776,0.002530837,0.0018315649,0.0021319045,0.0017416708,0.002346125,0.0021139444,0.0018323279,0.0023792337,0.0026682282,0.002921689,0.0033085644,0.0043612574,0.004244057,0.004726,0.005129354,0.013375791,0.05016181,0.016423177,0.031361092,0.053347774,0.08207083,0.025050046,0.093882106,0.12871617,0.07966907,0.049285527,0.08130376,0.006911555,0.025018273,0.23174353,0.072590016,0.034032688,0.032962587,0.017130725,0.024766797,0.0013062747,0.014970666,0.007800742,0.00047986343,0.00053411064,0.0049452423,0.0030248642,0.0032494443,0.0015153757,0.0032557596,0.0028565708,0.0028176794,0.0020234722,0.0031864706,0.0021151004,0.002223025,0.0035219507,0.0029505277,0.0025888472,0.002217536,0.004660816,0.0020427192,0.0030958843,0.0034233513
0.0049539832,0.0039388984,0.00353442,0.0032350698,0.0034333188,0.0031716484,0.003955492,0.0038282024,0.004781063,0.0035706752,0.0028782426,0.0034727426,0.0039387117,0.0073673073,0.009318835,0.010020711,0.011904945,0.013550794,0.019151507,0.009555973,0.009625858,0.012866557,0.023737447,0.016809935,0.02469606,0.018779702,0.038826123,0.04702312,0.016468138,0.1267702,0.048949197,0.021589372,0.025018273,0.0034792721,0.04546757,0.012075547,0.10142619,0.064732455,0.009354207,0.003873422,0.0018706848,0.0017326715,0.0063640745,0.0026382455,0.001051373,0.0012957791,0.0033106143,0.0020537993,0.0020005505,0.0032588013,0.003500019,0.004066027,0.0026021528,0.0025448496,0.0031056006,0.0027188535,0.0025598067,0.0025889014,0.0023685454,0.0027762991,0.0028246804,0.002705004,0.0026601343,0.0029295287
0.003495844,0.0027661724,0.0024819945,0.0015874088,0.0018314508,0.0020742302,0.0015736589,0.0017387806,0.0015549429,0.0019326801,0.0015405421,0.0012324026,0.0014560526,0.0017087993,0.0023318701,0.002854762,0.002901353,0.003945748,0.0037558367,0.004263906,0.0062755086,0.0073374035,0.021243207,0.02065741,0.08782597,0.039770033,0.0151698245,0.08381514,0.25712124,0.045189474,0.08764208,0.07073805,0.23174353,0.04546757,0.014254558,0.032116786,0.020638335,0.044451397,0.047566686,0.016673505,0.01001481,0.0032357972,0.0019873702,0.0115964,0.006405047,0.00036277418,0.003458815,0.0059244465,0.003333336,0.005199271,0.0043055406,0.003093091,0.002690066,0.003064856,0.0030398692,0.0032469356,0.0031844946,0.00516191,0.0036155027,0.0031722079,0.0047484073,0.0024823216,0.002494882,0.0035955017
0.0040357923,0.003259342,0.0017932788,0.0014403585,0.0012534966,0.002065371,0.0013617008,0.0015873302,0.0012377906,0.0014333423,0.0016566576,0.0012523499,0.0018091549,0.0026145007,0.002327118,0.00245642,0.0029911816,0.002426135,0.0030829257,0.0034613668,0.0057479297,0.006216857,0.0044834227,0.005206905,0.015210963,0.011995353,0.004900634,0.008654633,0.0315744,0.008349317,0.013595067,0.13236016,0.072590016,0.012075541,0.032116786,0.003963166,0.009010937,0.013340012,0.45442307,0.17176925,0.015792424,0.018212171,0.033056654,0.02091075,0.01448035,0.013004984,0.0049414844,0.005653099,0.011020714,0.007159395,0.007157341,0.0047698906,0.0046413015,0.005142767,0.005046051,0.0040209997,0.0048019206,0.0064638667,0.0052857716,0.004302271,0.0056839553,0.0052717957,0.0039799195,0.0037506681
0.005004993,0.003904812,0.0034788207,0.0027456144,0.0036738894,0.0034869784,0.0034556459,0.002429774,0.0029895639,0.0029936228,0.002839076,0.0024207444,0.0026001674,0.0035760538,0.0047622416,0.004347844,0.008586821,0.005104531,0.0051976433,0.003931413,0.005114782,0.005282158,0.0034161182,0.0036426745,0.008708568,0.0070967074,0.0058466364,0.008341847,0.015088501,0.0107747335,0.012297605,0.024821931,0.034032688,0.10142619,0.020638335,0.009010941,0.002959115,0.022822745,0.017093975,0.16187538,0.046395987,0.017673755,0.012406853,0.008127077,0.022476023,0.012034534,0.00672176,0.0075064027,0.008150977,0.006496682,0.0037191864,0.0084752515,0.003996795,0.0037179284,0.0029468713,0.0029560863,0.0032321543,0.002976627,0.002775234,0.003839145,0.0036821684,0.0028409665,0.0031979124,0.003708951
0.0043274937,0.004727447,0.0033723675,0.0041884165,0.0032028945,0.0022497738,0.002917392,0.0035698463,0.0049114125,0.0025738925,0.0024749786,0.0026675672,0.004469487,0.0036205843,0.005934379,0.0056675724,0.0046512033,0.0058676046,0.007110116,0.0038034373,0.003102396,0.009242823,0.006021641,0.0030266044,0.006630812,0.023667673,0.005808127,0.0056394697,0.02108495,0.013565581,0.025949258,0.009993048,0.03296258,0.064732425,0.044451397,0.013340012,0.022822745,0.0012577621,0.024862114,0.020424113,0.19575109,0.055981103,0.010829559,0.007232079,0.0118460795,0.0049518165,0.013070029,0.0033062478,0.007481427,0.011616289,0.005646035,0.0046604155,0.0037843988,0.003256335,0.0030230456,0.0033578896,0.0024039906,0.0026456532,0.0024609952,0.0026403125,0.0025651008,0.0027001475,0.0029623937,0.0026728865
0.0035683196,0.0034316191,0.0029383346,0.001940601,0.0017899581,0.002808573,0.0020111431,0.0022628435,0.0019946832,0.002201885,0.0018587525,0.0016447384,0.0016576389,0.001986091,0.00239309,0.0020815083,0.0029046307,0.0030728064,0.002358434,0.002765616,0.002797804,0.006200546,0.0042510713,0.0031590012,0.0011339696,0.0087469965,0.0049228095,0.0018976579,0.0028783672,0.008735655,0.0050124098,0.012811115,0.017130725,0.009354202,0.047566686,0.45442298,0.017093975,0.024862114,0.003539485,0.038751826,0.05110055,0.29455364,0.082305476,0.026688362,0.019253608,0.038512126,0.019755758,0.016491462,0.010256556,0.0127835665,0.006285284,0.006749793,0.005358361,0.0054378537,0.0060355533,0.0049130507,0.005090229,0.005195898,0.0043621766,0.0059038945,0.0065924255,0.0036385013,0.004397749,0.0044919397
0.004093579,0.003586953,0.0028311184,0.0018139759,0.0020271258,0.003433095,0.001997648,0.0022302328,0.002006755,0.0022713968,0.0017808666,0.0013801049,0.0019673712,0.0020834624,0.0022693088,0.0024082037,0.0027654897,0.00259402,0.002763226,0.0021722028,0.0035830422,0.0012652267,0.002905487,0.00370268,0.0036740743,0.0021800802,0.0049506277,0.0051439553,0.0033568447,0.0024787867,0.005371414,0.014020756,0.024766792,0.003873422,0.016673513,0.1717692,0.16187538,0.020424113,0.038751826,0.0031328131,0.0137248365,0.034762293,0.5686888,0.13426852,0.033584002,0.026041774,0.030716635,0.013823222,0.013571709,0.013398185,0.008108174,0.009707743,0.0076278676,0.008349395,0.0039420333,0.004282753,0.0048550023,0.0048281318,0.005378669,0.005408949,0.0073399977,0.004499943,0.004079918,0.0042236224
0.00317729,0.0041507846,0.0026898715,0.002046982,0.0020967626,0.0025391479,0.00203424,0.0028143772,0.0026444846,0.0023033242,0.0025253564,0.0026132504,0.0044178437,0.004777244,0.0042602066,0.0065735937,0.004644693,0.0048914272,0.005272778,0.0023910983,0.0023069738,0.020149762,0.0058685616,0.0018258761,0.004049935,0.0022410995,0.0015320801,0.0031637903,0.003901894,0.0019699286,0.0038578988,0.006718008,0.0013062753,0.001870684,0.01001481,0.015792424,0.046395987,0.19575109,0.05110055,0.0137248365,0.001390646,0.0332717,0.026606306,0.24031785,0.39183244,0.031459145,0.013264941,0.02334978,0.035276607,0.018972803,0.01942033,0.013093964,0.034137975,0.0068647857,0.0029407917,0.004876718,0.0027428428,0.002862846,0.0032621566,0.003214505,0.0032752557,0.008988958,0.0028727343,0.002517762
0.0053233635,0.0048037055,0.005209983,0.005021533,0.003531831,0.003430256,0.003461599,0.0046844315,0.0042894115,0.0036151216,0.0037093298,0.0035479867,0.0037767051,0.003278662,0.003614617,0.0044550425,0.00442727,0.0039659226,0.0027888785,0.003376683,0.0022049313,0.0012691069,0.0020825695,0.0012648953,0.0019149485,0.0049955295,0.001771834,0.0009822667,0.0016700125,0.004214297,0.0012959057,0.004174407,0.014970673,0.0017326708,0.0032357958,0.018212171,0.017673755,0.055981122,0.29455364,0.034762293,0.033271708,0.0027125361,0.020908123,0.060932077,0.29533005,0.23016378,0.020136032,0.009963381,0.024428874,0.03723984,0.014881318,0.019864392,0.0055595473,0.005410506,0.0046366956,0.007032463,0.0033351267,0.0053077326,0.0036224562,0.0028773162,0.006671554,0.003259773,0.003919287,0.0045628706
0.003988058,0.0030208703,0.0025317601,0.0021708834,0.0018413608,0.0023748293,0.0019743764,0.0020096705,0.0020839432,0.0022186548,0.0016704123,0.0016637611,0.0021158967,0.0021219158,0.0018944632,0.0020984306,0.0029765717,0.0024065156,0.002656658,0.001962997,0.003029033,0.0039868024,0.003023001,0.002042688,0.00089479936,0.0037854507,0.005624803,0.0026143715,0.005368536,0.002762971,0.005417308,0.008036684,0.007800742,0.0063640717,0.0019873702,0.033056654,0.012406853,0.010829559,0.082305476,0.5686888,0.026606306,0.020908117,0.0070825894,0.030397166,0.038472526,0.22309527,0.11527609,0.014800968,0.05645685,0.060124233,0.022357995,0.016527984,0.016299954,0.0068218578,0.006518231,0.0056142462,0.0040625925,0.004676797,0.006807158,0.0059848614,0.0040503964,0.003984402,0.0062450995,0.0040798
0.0052681686,0.0038512908,0.00329641,0.0023302233,0.0023737892,0.0021799558,0.002133717,0.0022497592,0.0021072698,0.0025185451,0.0019854608,0.0017021786,0.0023565332,0.0019163971,0.0027774086,0.0023753967,0.0030768143,0.0023046427,0.0027045824,0.0023311202,0.003352416,0.0024154165,0.0036461186,0.0045621493,0.0025615008,0.001977938,0.0036429258,0.005376154,0.0045451755,0.0018916549,0.009849461,0.0068457355,0.00047986343,0.0026382455,0.0115964,0.020910753,0.008127077,0.007232083,0.026688363,0.13426855,0.24031785,0.060932092,0.030397166,0.0069743684,0.10068857,0.04630879,0.33659166,0.060545053,0.034643672,0.027425935,0.052107,0.011490907,0.008185486,0.0065506464,0.0054901936,0.0042051002,0.004714367,0.0036226958,0.005434873,0.004334094,0.0038177206,0.0052682837,0.004940357,0.0049652876
0.0031207143,0.0036191414,0.006527513,0.0024513644,0.004583063,0.0024095743,0.0031475765,0.0034480498,0.0021520446,0.0029175344,0.002060099,0.0022933127,0.0024296897,0.0020771094,0.003430587,0.003708789,0.0050924155,0.005574906,0.0028165728,0.002110726,0.0019389616,0.0050755586,0.0023785806,0.0015957928,0.0027950783,0.0037391044,0.0028270357,0.002705825,0.0051919534,0.0036501694,0.0042596282,0.00483705,0.00053411064,0.001051373,0.006405047,0.01448035,0.022476017,0.0118460795,0.019253608,0.033584014,0.39183244,0.29532993,0.038472526,0.100688525,0.0027826168,0.0569217,0.030444598,0.32864496,0.31341794,0.022945922,0.016280713,0.012060777,0.0056330017,0.0058732205,0.0062379832,0.0066867033,0.0022084077,0.0031103434,0.004385465,0.0041541364,0.0019561166,0.0028200222,0.0035464126,0.0039904965
0.0034434567,0.0035191951,0.0021449917,0.0016006244,0.0016577124,0.0028151525,0.0017807846,0.0021651716,0.0017557541,0.0019848759,0.001649878,0.0013556404,0.0023972632,0.0018089707,0.0022053628,0.002384161,0.0021080691,0.001768079,0.0020929698,0.0016045001,0.0017751034,0.0016323717,0.0050294255,0.001847346,0.0020794827,0.0034039193,0.0046908283,0.0015922103,0.004043153,0.00327598,0.0022817187,0.004124679,0.0049452423,0.0012957791,0.00036277433,0.013004984,0.012034534,0.0049518184,0.038512126,0.026041774,0.031459153,0.23016383,0.22309527,0.04630879,0.0569217,0.004894176,0.098496445,0.059752975,0.3910947,0.21862851,0.06866676,0.019955732,0.038611833,0.022790482,0.015757028,0.008731209,0.006543259,0.0055723633,0.008569898,0.006043184,0.004088017,0.0046927272,0.0062970114,0.0057235565
0.0034269828,0.002884576,0.0022498488,0.0031884143,0.0023082418,0.0021627294,0.0023244063,0.002368579,0.002578502,0.0019756097,0.0019878168,0.0017524959,0.0021062875,0.0014282648,0.0025992242,0.0021015422,0.002241544,0.0033581657,0.0024524773,0.0026285169,0.0029415397,0.0021321885,0.0023337144,0.0028926188,0.001073834,0.0023022145,0.0033261706,0.0038267334,0.0024578562,0.0023692618,0.003723123,0.0025988396,0.0030248642,0.0033106143,0.003458815,0.0049414844,0.00672176,0.013070029,0.019755762,0.030716643,0.013264947,0.020136032,0.11527612,0.33659166,0.030444602,0.098496445,0.004411353,0.025237024,0.04484874,0.48918906,0.13222983,0.029951062,0.019111656,0.016644081,0.010268495,0.015897356,0.009536479,0.008070411,0.006318596,0.010952493,0.007350477,0.005272626,0.004999283,0.0042533306
0.004099678,0.0038689405,0.002897726,0.0022014272,0.0027125396,0.0031585086,0.0023829818,0.0023826417,0.0022560304,0.0023806468,0.0018285251,0.0021275044,0.0026945688,0.0033496975,0.0030825138,0.00247369,0.0027022979,0.0025833652,0.0028957122,0.0022678075,0.0026761973,0.0032576714,0.002045173,0.0024635976,0.0039428235,0.0019952585,0.0025242346,0.003415016,0.0029697218,0.0024879244,0.0029860707,0.0036717833,0.0032494443,0.0020537993,0.0059244465,0.005653099,0.0075064027,0.0033062478,0.016491462,0.013823222,0.023349786,0.009963381,0.014800968,0.060545053,0.32864496,0.059752975,0.025237024,0.002422333,0.029831193,0.0377412,0.38169053,0.18147469,0.029955508,0.030162638,0.0143205905,0.010299834,0.01326179,0.0076778033,0.006002896,0.0068535698,0.0067512887,0.0064092786,0.006709225,0.005387967
0.0026306154,0.0028517747,0.0039826087,0.0027687738,0.002299749,0.0025567291,0.0027786407,0.00270211,0.002510354,0.0028476082,0.0017686799,0.0023468605,0.0024931892,0.0028466037,0.0039160233,0.0035540927,0.00418135,0.0042382553,0.004291318,0.0019812842,0.0014460474,0.002463527,0.0020297552,0.0015429175,0.0023611912,0.0019758344,0.002274852,0.0017421899,0.002829459,0.0034470835,0.00303694,0.003246806,0.001515375,0.0020005496,0.003333336,0.011020714,0.008150977,0.007481427,0.010256556,0.013571709,0.035276607,0.024428869,0.05645685,0.034643672,0.31341794,0.3910947,0.04484874,0.029831186,0.0010813783,0.059624918,0.03624916,0.14393517,0.08660122,0.014048832,0.021589331,0.0115744,0.009435371,0.0057956176,0.00592691,0.0065798806,0.0048140227,0.006739411,0.005877635,0.0046172882
0.003732974,0.0029507729,0.0019837732,0.0026677449,0.00230639,0.001802171,0.0023281213,0.0025488276,0.0034789215,0.0019681014,0.00190385,0.0014649329,0.002250697,0.002451044,0.0032591578,0.002232149,0.0026305115,0.0024847812,0.003140366,0.0017761852,0.0016798833,0.0015975367,0.0018149086,0.0017172447,0.0015871873,0.0027523767,0.002365979,0.0016220819,0.002545421,0.002705942,0.008427019,0.003447827,0.0032557596,0.0032588013,0.005199271,0.007159395,0.006496682,0.011616289,0.0127835665,0.013398193,0.018972808,0.03723984,0.060124233,0.027425935,0.022945922,0.21862847,0.48918918,0.0377412,0.059624933,0.001589798,0.057368197,0.024444483,0.10076154,0.026097631,0.012295875,0.028515136,0.012088067,0.0135110775,0.0073298463,0.007918405,0.0046758247,0.0130290715,0.007307837,0.005132638
0.0037692902,0.0032005343,0.003030966,0.0031320164,0.002621421,0.002739799,0.0028777102,0.002860092,0.002873756,0.0022562374,0.0020436787,0.0015131717,0.001735848,0.0028807165,0.0025079336,0.0029919385,0.002229763,0.0018255588,0.0024095639,0.0020327226,0.0016563082,0.0013855234,0.0022207838,0.0018301839,0.0016216278,0.00245681,0.0028965906,0.0018730627,0.002058197,0.004159448,0.003066663,0.0037950797,0.0028565708,0.003500019,0.0043055406,0.007157341,0.0037191864,0.005646038,0.006285284,0.008108174,0.01942033,0.014881318,0.022357995,0.052106988,0.016280713,0.06866676,0.1322298,0.38169053,0.03624916,0.057368197,0.00094801374,0.025386266,0.02079591,0.05926895,0.07279137,0.050603088,0.010802896,0.028075855,0.010263801,0.009006173,0.009835506,0.032227993,0.008829811,0.009473807
0.0034595036,0.004413106,0.004035401,0.0018670895,0.0032623578,0.0036924318,0.00277015,0.0031136554,0.0024067448,0.0033456471,0.002554278,0.0024606613,0.0023986173,0.0029058133,0.0034327882,0.0033009427,0.0035829537,0.0025460108,0.0022380594,0.002084102,0.0016468137,0.0030529425,0.0017778584,0.0016264042,0.0022402508,0.0022093696,0.0021441611,0.0019447966,0.004591854,0.0020775087,0.0030977377,0.003584086,0.0028176794,0.004066027,0.003093091,0.0047698934,0.0084752515,0.004660418,0.006749793,0.009707743,0.013093964,0.019864392,0.016527984,0.011490907,0.012060777,0.019955736,0.029951062,0.18147469,0.14393523,0.024444483,0.025386266,0.0018447153,0.072540425,0.03697796,0.080738224,0.07755725,0.025297282,0.013175906,0.007412737,0.016279675,0.010466938,0.013837187,0.01112185,0.009287183
0.0035301044,0.0038862259,0.0024871058,0.0021360493,0.0020467474,0.0033029527,0.0022460362,0.002503875,0.0021251927,0.0021706375,0.002487393,0.002058142,0.0021817258,0.0026004878,0.0028078107,0.0019401006,0.0024045443,0.0014524049,0.0021492029,0.0016344284,0.0018000553,0.0019365306,0.0012474327,0.001420955,0.001427918,0.0014789721,0.001968997,0.0017278007,0.0019030619,0.0018955835,0.0024807518,0.0028267226,0.0020234722,0.0026021528,0.002690066,0.004641304,0.003996795,0.0037843988,0.005358361,0.0076278676,0.034137975,0.0055595473,0.016299954,0.008185486,0.0056330017,0.038611833,0.019111661,0.029955508,0.08660122,0.10076156,0.02079591,0.07254044,0.034478232,0.049803857,0.031997398,0.23293298,0.080898926,0.029450908,0.021875067,0.050916366,0.032833755,0.17673168,0.017507745,0.0134116495
0.004169484,0.0034128001,0.00302736,0.0024156165,0.0021932265,0.0033526246,0.0025499808,0.0026971905,0.0021637464,0.0025068936,0.0024579137,0.0018504752,0.0022828097,0.0020544387,0.001816555,0.0021093506,0.0018802269,0.0016579989,0.0018045049,0.0017444072,0.0021502974,0.0014254649,0.0015644708,0.0022933085,0.0019995016,0.0018852432,0.0024636865,0.002543561,0.0030084534,0.002328045,0.0026441691,0.0041212314,0.0031864706,0.0025448496,0.003064856,0.005142767,0.0037179284,0.003256335,0.005437856,0.0083494,0.0068647857,0.005410506,0.0068218578,0.0065506464,0.0058732205,0.022790479,0.016644089,0.030162646,0.014048832,0.026097637,0.05926895,0.03697796,0.049803857,0.016802795,0.04445938,0.06970095,0.21476266,0.113781355,0.048813857,0.052514452,0.054373175,0.06739382,0.03514943,0.04338473
0.004377103,0.004685679,0.003001251,0.0026549753,0.0030060518,0.0033745014,0.0034968408,0.002475378,0.0025017573,0.0024910553,0.002606271,0.0023117748,0.0023611833,0.002260258,0.002006203,0.0025491854,0.0024102689,0.0017361374,0.0022216358,0.0018692743,0.0017232513,0.0023448851,0.0017262019,0.0020138265,0.001608367,0.0012379192,0.002502907,0.0023534477,0.0021099239,0.003116257,0.0031583405,0.003099616,0.0021151004,0.0031056006,0.0030398692,0.005046051,0.0029468713,0.0030230456,0.0060355533,0.0039420333,0.0029407917,0.0046366956,0.0065182275,0.0054901936,0.0062379832,0.015757028,0.010268495,0.0143205905,0.021589331,0.012295879,0.07279135,0.080738224,0.03199739,0.04445938,0.009417566,0.08372892,0.061338212,0.22371277,0.15567616,0.05157623,0.05580174,0.15147,0.06956533,0.045265827
0.0026775657,0.0029337578,0.0030990723,0.0022261092,0.002482259,0.0030484668,0.0023545967,0.002350693,0.0021453795,0.0025801654,0.002376224,0.0025506455,0.002479105,0.009497431,0.0022615532,0.002909676,0.002850129,0.0024742938,0.0017759656,0.0023999687,0.0018296698,0.0015104178,0.0028218196,0.0019487706,0.0018003235,0.0026398166,0.0026697158,0.0020832543,0.0023500894,0.0029382831,0.0031614916,0.0038803178,0.002223025,0.0027188535,0.0032469356,0.0040209997,0.0029560863,0.0033578896,0.0049130507,0.004282753,0.004876718,0.007032463,0.0056142462,0.0042051002,0.0066867033,0.008731209,0.015897356,0.010299834,0.0115744,0.028515136,0.050603088,0.07755725,0.23293298,0.069700934,0.083728895,0.011570429,0.060782813,0.028635036,0.06002746,0.12487582,0.03784091,0.15590249,0.041048165,0.022821184
0.0047937836,0.004354424,0.0027745797,0.002132012,0.002457495,0.0031277286,0.0023581772,0.002735192,0.0023772868,0.0023274126,0.0026847292,0.0016505906,0.0022677267,0.0018431506,0.0019941279,0.001843504,0.0021169945,0.002018111,0.0020158265,0.002080724,0.002165761,0.0015097283,0.0018663602,0.0029155782,0.0019729675,0.002287912,0.003488488,0.0030390136,0.0032840301,0.0025973532,0.0035334025,0.0050736517,0.0035219507,0.0025598067,0.003184493,0.0048019206,0.0032321543,0.0024039906,0.005090229,0.0048550023,0.0027428428,0.003335128,0.0040625944,0.0047143693,0.0022084077,0.006543259,0.009536479,0.01326179,0.009435371,0.012088067,0.010802896,0.025297288,0.080898926,0.21476266,0.061338212,0.060782813,0.012530374,0.107823305,0.13193189,0.32503393,0.34087238,0.053487,0.10081211,0.11626516
0.0037897613,0.003763908,0.0024058633,0.0020151937,0.0019963526,0.003511824,0.0022314866,0.0023997962,0.0018978158,0.0021113267,0.0024428742,0.0016108726,0.0020876564,0.0031640038,0.0019414213,0.0021178145,0.0018929689,0.002072327,0.0020367254,0.0022651593,0.002879243,0.0012101124,0.001770447,0.003268928,0.0025976892,0.0025612009,0.002947509,0.0030570072,0.003712177,0.002914723,0.0033057325,0.004994757,0.0029505277,0.0025889014,0.005161907,0.0064638667,0.002976627,0.0026456532,0.0051959003,0.0048281318,0.002862846,0.0053077326,0.004676797,0.0036226958,0.0031103434,0.0055723633,0.008070411,0.0076778033,0.0057956176,0.0135110775,0.028075855,0.013175906,0.029450908,0.113781355,0.22371277,0.028635036,0.107823305,0.020527769,0.15729642,0.14703518,0.30130953,0.2321614,0.1059605,0.08747827
0.0063136313,0.004961805,0.002498491,0.0022073332,0.0022553192,0.003908208,0.0023172153,0.0027994476,0.0019467794,0.002411925,0.002381374,0.0016563949,0.0022948442,0.0024566539,0.001700231,0.0019730022,0.0019654452,0.0018298991,0.0017099598,0.0025462334,0.003260498,0.0014880132,0.0019974655,0.0027003312,0.0033169675,0.0021493768,0.003336124,0.003946297,0.005132516,0.004114536,0.00365718,0.005416406,0.0025888472,0.0023685454,0.0036155027,0.0052857716,0.002775234,0.0024609964,0.0043621766,0.005378669,0.0032621566,0.0036224562,0.006807158,0.005434873,0.0043854667,0.008569898,0.006318596,0.006002896,0.0059269127,0.0073298495,0.010263801,0.007412737,0.021875067,0.048813857,0.15567616,0.06002746,0.13193193,0.15729645,0.021624124,0.14982131,0.115924366,0.4242064,0.17998825,0.09491834
0.0049424083,0.005438042,0.0033305509,0.0024434496,0.0026520414,0.0041047647,0.00274388,0.0030910494,0.0024544648,0.0026775568,0.0027764405,0.0019332571,0.0023538645,0.0021587044,0.001861381,0.0018608723,0.0020290387,0.0018931428,0.0014015711,0.0021367986,0.0023399745,0.0017361556,0.0022169962,0.0033400324,0.0026693956,0.0024871542,0.0029626216,0.003025976,0.003856149,0.003304501,0.0034415938,0.0053862454,0.002217536,0.0027762991,0.0031722079,0.004302271,0.003839145,0.0026403125,0.0059038945,0.005408949,0.0032145064,0.0028773162,0.0059848614,0.004334094,0.0041541364,0.006043184,0.010952493,0.0068535698,0.0065798834,0.007918402,0.009006169,0.016279675,0.050916366,0.05251446,0.05157623,0.124875836,0.32503378,0.14703515,0.14982131,0.009175773,0.07679835,0.05238581,0.21489675,0.23917986
0.006197441,0.004975575,0.003613154,0.0028436482,0.0023729797,0.003912017,0.002808549,0.0032653133,0.0025900407,0.002890716,0.0031004616,0.0021655424,0.0023727086,0.0021125476,0.0018761416,0.0027310783,0.0021563896,0.001957229,0.001767675,0.0026151661,0.0029591771,0.0016751008,0.0021131882,0.0041568754,0.0028605259,0.002690872,0.0032200315,0.0032826536,0.0039682267,0.0031479672,0.004036172,0.006450514,0.004660816,0.0028246804,0.0047484073,0.0056839553,0.0036821684,0.0025651008,0.0065924255,0.0073399977,0.0032752573,0.006671554,0.0040503964,0.0038177206,0.0019561166,0.004088017,0.007350477,0.0067512887,0.0048140227,0.0046758247,0.009835506,0.010466938,0.032833748,0.05437319,0.05580173,0.037840918,0.34087238,0.30130944,0.115924366,0.076798365,0.009383366,0.10259194,0.06655372,0.17405602
0.004228964,0.004057094,0.0024836515,0.0018640342,0.0015696873,0.0038897665,0.0019942683,0.002010988,0.0018090293,0.0021751937,0.0025863843,0.002098213,0.00180624,0.0026244298,0.0017060969,0.001644563,0.0024848923,0.0016847469,0.0021132403,0.0026443338,0.0033303117,0.0015175836,0.0026782306,0.0039815363,0.0019829567,0.0022780926,0.003311113,0.0034416984,0.0027312862,0.0031904958,0.002959405,0.0038896224,0.0020427182,0.0027050027,0.0024823204,0.0052717957,0.0028409665,0.0027001475,0.0036384992,0.004499943,0.008988958,0.003259773,0.003984402,0.0052682837,0.0028200222,0.0046927272,0.005272626,0.0064092786,0.006739411,0.0130290715,0.032227993,0.013837187,0.17673168,0.0673938,0.15147004,0.15590249,0.053486988,0.2321614,0.4242064,0.05238581,0.10259191,0.007885181,0.38931698,0.08818264
0.0060374583,0.007086993,0.0033413866,0.002074927,0.002570137,0.004675467,0.002766376,0.0029809705,0.0026705307,0.0030396378,0.0029288002,0.0057067377,0.003265501,0.003934766,0.0021134978,0.0031356302,0.0029450788,0.0021010265,0.0021785756,0.0032321664,0.0028180317,0.0017904073,0.0029220143,0.0036781034,0.0026225995,0.0023276494,0.0033882707,0.003556074,0.0043418915,0.0024776857,0.0033336908,0.0054838466,0.0030958843,0.0026601343,0.002494882,0.0039799195,0.0031979124,0.0029623949,0.0043977513,0.004079918,0.0028727343,0.0039192885,0.0062450995,0.004940357,0.0035464126,0.0062970114,0.004999283,0.006709225,0.005877635,0.007307837,0.008829811,0.01112185,0.017507745,0.03514943,0.06956535,0.041048177,0.10081211,0.1059605,0.1799883,0.21489675,0.06655371,0.38931698,0.011893584,0.04218885
0.0070368825,0.005039333,0.0047195046,0.0032450736,0.0036292817,0.0052882168,0.00318242,0.003944069,0.0031508717,0.0042710095,0.0035662819,0.004006524,0.0035293417,0.00355782,0.0023329786,0.0029623653,0.0028820331,0.002460707,0.001983692,0.0038398365,0.003300917,0.0019832803,0.0026649854,0.0043388787,0.002903895,0.002897292,0.0030072066,0.005002982,0.004447026,0.0037399482,0.0040373104,0.0052283453,0.0034233513,0.0029295287,0.0035955017,0.0037506681,0.003708951,0.0026728865,0.0044919397,0.0042236224,0.002517762,0.0045628706,0.0040798,0.0049652876,0.0039904965,0.0057235565,0.0042533306,0.005387967,0.0046172882,0.005132638,0.009473807,0.009287183,0.0134116495,0.04338473,0.045265827,0.022821184,0.11626516,0.08747827,0.09491834,0.23917986,0.17405602,0.08818266,0.04218885,0.010679597
