0,1,2,3,4,5,6,7,8,9,10,11,12,13,14,15,16,17,18,19,20,21,22,23,24,25,26,27,28,29,30,31,32,33,34,35,36,37,38,39,40,41,42,43,44,45,46,47,48,49,50,51,52,53,54,55,56,57,58,59,60,61,62,63,64
0.10249367,0.12407991,0.109583214,0.5067499,0.10613913,0.11412499,0.10071493,0.017073007,0.06535824,0.019734085,0.027166214,0.010813372,0.054155137,0.0068177725,0.007028612,0.005433126,0.0059170653,0.0034119764,0.003231345,0.0031312853,0.0034152074,0.0030149366,0.002021629,0.002208122,0.0024829074,0.0026850034,0.0029774352,0.002243235,0.0029055024,0.003157482,0.0022610775,0.0043995236,0.0031573437,0.0019720222,0.0018678743,0.0058830036,0.0031441047,0.001929975,0.0017483914,0.0072697643,0.004382944,0.002239473,0.0038208647,0.0022886307,0.002788861,0.0022495107,0.0031664532,0.0028141192,0.001927905,0.0037532237,0.005314395,0.0039075227,0.0034920785,0.005325745,0.008056228,0.005001079,0.0056653586,0.0047875,0.005767116,0.0036552015,0.004020181,0.0038289754,0.006744769,0.003577616,0.0051312083
0.12407988,0.024684584,0.13074873,0.6857415,0.18132542,0.105962,0.07159015,0.026045622,0.03262917,0.0156064,0.0407512,0.016679995,0.030972179,0.009147027,0.013557295,0.0073808916,0.0037597194,0.004829779,0.0052248226,0.0037682408,0.0036176885,0.0034825504,0.002660304,0.0024258972,0.0042977612,0.0030024468,0.0028868413,0.002995045,0.0031871037,0.003213396,0.0029696866,0.0036583445,0.003388406,0.0025909226,0.0019293682,0.0030459764,0.0027490545,0.002060743,0.0039169104,0.003418858,0.0020666302,0.0029039048,0.004353165,0.0026320834,0.00281396,0.0029975392,0.0042583155,0.0033988662,0.0021605345,0.008492395,0.009285666,0.0028292343,0.0050477628,0.004505926,0.0048463456,0.0030089156,0.0038673037,0.0035556601,0.0056639113,0.0024645024,0.0023389338,0.002492869,0.0030727845,0.00256653,0.0038265532
0.109583214,0.1307487,0.0948707,0.045916192,0.13451055,0.0822788,0.018342063,0.0136898635,0.03315512,0.010878438,0.019230917,0.032607142,0.016814727,0.0075835506,0.012657456,0.0076437653,0.005407825,0.0072839176,0.006410685,0.0047293184,0.0046273433,0.0038109408,0.0034459485,0.0041639004,0.0039775237,0.003278751,0.0037879292,0.0039812014,0.0025352498,0.0032285494,0.0034453932,0.0022874454,0.0030958857,0.0028266083,0.0021147996,0.0021871764,0.002732914,0.0025371932,0.0018620241,0.0025270574,0.0023761312,0.0028660968,0.0031682837,0.0025460278,0.0033475047,0.0036671425,0.0035512198,0.004583446,0.0036918533,0.0032054118,0.0036692966,0.0030759503,0.003790172,0.0061694165,0.0047078496,0.006759159,0.006256129,0.0062482725,0.0049966583,0.005671379,0.0048341583,0.0051658605,0.006984134,0.0053547206,0.007444443
0.5067498,0.6857415,0.045916192,0.008810334,0.036434777,0.13579485,0.27976015,0.014458401,0.053876013,0.014898594,0.11291839,0.017484097,0.24746865,0.0057492163,0.03314713,0.0048375935,0.0052454732,0.0032359478,0.002410362,0.0038101585,0.002932561,0.0027851202,0.0017342798,0.0026014934,0.0027826075,0.0019921379,0.0019262066,0.0016942756,0.0031447085,0.0023436262,0.0016663404,0.008290846,0.0030002666,0.0017319609,0.002144851,0.003483032,0.0027763334,0.0017799668,0.006318408,0.005387587,0.0028102254,0.0025479891,0.008335085,0.003391575,0.0021120873,0.0015771361,0.004174938,0.002800208,0.0017551332,0.010498474,0.0058767768,0.004334199,0.02217914,0.0031515171,0.005099678,0.00351114,0.0031839695,0.0019694057,0.004699019,0.0022597935,0.0022754408,0.0021345448,0.002679744,0.0029334854,0.0028729253
0.106139116,0.18132542,0.1345105,0.036434785,0.11103319,0.06658657,0.05012523,0.01785347,0.051909823,0.020920949,0.04438787,0.0314876,0.024503212,0.008573087,0.00974344,0.008767439,0.005095206,0.006957724,0.006609695,0.0047323,0.0048609474,0.0041342312,0.0038107575,0.0037230137,0.0047596293,0.0036873275,0.0036790157,0.003700744,0.0026432162,0.003427077,0.00416274,0.002211582,0.0030500714,0.0025408645,0.0018231865,0.0030028764,0.0026424606,0.0023279153,0.002138991,0.0024630798,0.0018775013,0.00293943,0.0032517046,0.002199166,0.0026471235,0.003578046,0.0030068008,0.0036499037,0.0025775358,0.0030451901,0.0037025379,0.0025978598,0.0033412818,0.005055787,0.003430644,0.0043976046,0.005198583,0.0055088717,0.004303297,0.004489301,0.0043238318,0.0048381467,0.005422197,0.0045057354,0.00550491
0.11412499,0.10596202,0.0822788,0.13579488,0.06658657,0.019671503,0.09266544,0.6125333,0.118495345,0.02096422,0.026463531,0.019412354,0.20529605,0.011537032,0.02374158,0.0059217345,0.00745555,0.0040052417,0.0035584792,0.004077749,0.0032027285,0.003380941,0.0025241575,0.002068101,0.003919056,0.002864063,0.002188266,0.0028642754,0.004279165,0.0026120215,0.0026116911,0.0028332449,0.0026368932,0.0022655171,0.0023891532,0.0033587134,0.0022129358,0.0019322507,0.0022378839,0.003283696,0.0025225626,0.0025119463,0.0034814882,0.002284007,0.0022197794,0.0019275326,0.00321664,0.0027083775,0.0025932454,0.0033544719,0.0063058916,0.0029244088,0.0030477233,0.0035128552,0.0093882745,0.0035543614,0.0039821942,0.0035584844,0.0036666759,0.0030239369,0.002878259,0.0030904296,0.003797925,0.0031335873,0.0037149894
0.10071495,0.07159015,0.018342063,0.27976015,0.05012523,0.09266543,0.014003317,0.035418093,0.8453885,0.04238445,0.4335217,0.06630787,0.34027836,0.023572076,0.009415408,0.008613092,0.0055416306,0.004506311,0.0028922367,0.0049737245,0.003228494,0.002962919,0.0028884367,0.0026806593,0.0035457823,0.0029051544,0.002432414,0.002108003,0.0024815402,0.0022171375,0.0023887123,0.0027198726,0.00215683,0.0021368596,0.002162362,0.0033415311,0.0021247813,0.0021961022,0.002605934,0.0019202863,0.003755712,0.0022095176,0.0020321964,0.0013509529,0.0017409903,0.0017380269,0.0017229257,0.0019080581,0.0016456179,0.0024693322,0.002246143,0.004194716,0.0021798569,0.0031450791,0.004852973,0.0055636796,0.005024732,0.0030187815,0.010987408,0.0037559257,0.003762249,0.0029604547,0.004623826,0.0034382134,0.0029243606
0.017073007,0.026045626,0.0136898635,0.014458401,0.01785347,0.6125333,0.035418093,0.048194725,0.039017618,0.4706589,0.01938151,0.002043385,0.03402852,0.027978566,0.021669304,0.005512734,0.0116470205,0.004118782,0.0041282084,0.0050046938,0.0049969996,0.006546527,0.005002106,0.0057251146,0.0058190324,0.005661484,0.004725839,0.0036702973,0.004885865,0.0051130936,0.00364668,0.0040274267,0.004263531,0.0036115558,0.003142171,0.004765447,0.005047899,0.0039215568,0.003912149,0.0031497995,0.0024965545,0.0038560596,0.002880288,0.0031585898,0.0036138976,0.0021484564,0.0025129667,0.0028414326,0.0022265457,0.0027953722,0.002987532,0.003324132,0.0022979304,0.0030858098,0.002557301,0.003878702,0.0030140223,0.0037727724,0.0034418032,0.0037259257,0.005029359,0.004213781,0.003509263,0.0053858086,0.003726119
0.06535824,0.03262917,0.03315512,0.053876013,0.051909816,0.118495345,0.8453883,0.0390176,0.059622925,0.031132136,0.5208138,0.021016018,0.048948456,0.033962842,0.03399335,0.010404111,0.0060552633,0.004263422,0.0045389705,0.0034515006,0.0036444613,0.0033943802,0.0024635578,0.002315765,0.0031382034,0.0029649283,0.0025549922,0.0021871824,0.003413934,0.0027825322,0.0026546319,0.005985383,0.0030951046,0.0019542621,0.0017578228,0.003098938,0.0022823059,0.0019256283,0.0023066774,0.0031208154,0.0033867785,0.002318405,0.0036322623,0.001699539,0.0018541497,0.0017350517,0.0016481283,0.001880174,0.0017973548,0.0022551084,0.003153888,0.0028050563,0.0017144667,0.003091123,0.005228378,0.0039512506,0.006003328,0.0034284259,0.0056252885,0.0041096425,0.003429146,0.003944039,0.00448158,0.0037532952,0.0042020325
0.019734085,0.0156064,0.010878438,0.014898587,0.020920949,0.02096422,0.04238445,0.4706589,0.031132136,0.08121148,0.023816764,0.13737072,0.021222353,0.028847499,0.012821184,0.010199147,0.008609555,0.0057801446,0.0072293337,0.0057032485,0.0057625244,0.004612087,0.0044079805,0.0061152126,0.0056487503,0.0038496233,0.006000871,0.0050722486,0.004092512,0.0052456004,0.0045004236,0.004578332,0.0042788484,0.004713251,0.0041814577,0.0033041285,0.0041833324,0.0041573728,0.0031215958,0.0024677918,0.0029550663,0.003710987,0.0029703546,0.0020022162,0.003518998,0.0023233339,0.0015074837,0.002558083,0.0021398447,0.0026234852,0.002181099,0.0026366438,0.0022102874,0.0028736973,0.0031143823,0.003736334,0.0038655016,0.0038508975,0.003397408,0.0044823075,0.005197695,0.0049645626,0.004407947,0.006046459,0.0041296715
0.027166214,0.0407512,0.019230913,0.11291837,0.04438787,0.026463525,0.43352154,0.01938151,0.5208138,0.023816757,0.034457102,0.04410233,0.079356395,0.049428485,0.022938322,0.020842075,0.008093841,0.007014883,0.00797963,0.005745284,0.0055080354,0.0041256333,0.0030291623,0.0033597574,0.0036718107,0.0030397985,0.003397563,0.0031431348,0.0047316398,0.003021929,0.003027796,0.0032140652,0.0026747836,0.0026365195,0.0022638654,0.0024276124,0.0025270358,0.0024449157,0.0026293884,0.0019293589,0.0019721086,0.002378737,0.0023348215,0.0014108535,0.0020206557,0.002050314,0.001482858,0.0021265594,0.0026894468,0.0033705072,0.0027121645,0.0025660598,0.0024174775,0.0037155626,0.0045985864,0.0058227857,0.0038835835,0.0037693833,0.0053877756,0.004072707,0.0031481977,0.003441234,0.0040955916,0.003566672,0.004551964
0.010813372,0.016679995,0.032607142,0.017484097,0.0314876,0.019412357,0.06630786,0.002043385,0.021016018,0.13737072,0.04410234,0.045203105,0.014324535,0.11356797,0.04995454,0.0352334,0.023742296,0.016929952,0.015311177,0.007045868,0.010610736,0.008652812,0.005703292,0.0072364286,0.0057851183,0.005341819,0.005741777,0.0052497718,0.0040894253,0.0038451843,0.004057917,0.0027963198,0.0026106727,0.0028260334,0.002340316,0.0018867082,0.00281713,0.00278378,0.0021670577,0.0017388153,0.0019661263,0.0026732588,0.0021759185,0.0018074836,0.002860066,0.0025360158,0.0018940693,0.002596491,0.0025564374,0.0025956586,0.0026156167,0.0026951737,0.0024436007,0.00402785,0.0027290273,0.0032675208,0.003737165,0.0058437544,0.0040483945,0.0049631516,0.004967578,0.0042351615,0.006051385,0.005567625,0.0064558634
0.054155126,0.030972179,0.016814718,0.24746865,0.024503212,0.20529605,0.34027824,0.03402851,0.048948456,0.021222364,0.079356395,0.014324535,0.0012331582,0.08183512,0.17088157,0.028929844,0.012478353,0.007635111,0.011449605,0.0061971825,0.0055008573,0.010896976,0.004776956,0.0033508008,0.0064609856,0.005434853,0.002681409,0.0036649148,0.0038636867,0.002699484,0.0024697608,0.0032402403,0.0021823312,0.002718206,0.0021282763,0.001982835,0.0022650203,0.0024141439,0.00412531,0.002057494,0.0028368833,0.0020770282,0.0020678903,0.0016386899,0.0017665412,0.0016390169,0.0013872266,0.0015182204,0.002118146,0.0033196216,0.0040509794,0.0047337376,0.0024850576,0.0034178637,0.008559576,0.004198173,0.0029475258,0.0032618772,0.0059366464,0.0032751702,0.0027781667,0.002379123,0.0028675634,0.0032958086,0.003203085
0.0068177725,0.009147027,0.0075835506,0.0057492163,0.008573087,0.011537032,0.02357207,0.027978566,0.033962842,0.028847508,0.049428497,0.11356794,0.08183512,0.02621108,0.032570582,0.037140653,0.041052118,0.019700121,0.021150079,0.012494534,0.011061775,0.019051723,0.013194158,0.0058120354,0.0060121585,0.009174883,0.004956353,0.0062622004,0.008882695,0.003595577,0.003120642,0.0031821465,0.002672612,0.0030937379,0.0026232542,0.0022416904,0.002772853,0.002533466,0.0025788648,0.0020739173,0.002321037,0.0027450284,0.0018398076,0.0018214692,0.0026697463,0.002160071,0.0017588305,0.0021506944,0.0036506532,0.0031169488,0.004364963,0.0034695396,0.0026853064,0.003801985,0.00713408,0.0041203587,0.0049524647,0.003440616,0.0035306364,0.0035456289,0.0037342191,0.0029337183,0.0034795285,0.004099538,0.003590689
0.007028612,0.013557295,0.012657456,0.03314713,0.009743435,0.02374158,0.009415403,0.021669298,0.03399335,0.01282119,0.022938322,0.04995454,0.17088161,0.032570582,0.00471944,0.0893487,0.056154,0.031467248,0.020227853,0.03790092,0.01359102,0.010153519,0.0031525027,0.0060405354,0.010604636,0.0054798434,0.0037221948,0.004356924,0.0038162156,0.005218702,0.004401644,0.0061140535,0.006869992,0.002538929,0.0029255494,0.003327763,0.002763942,0.0029835608,0.0037459917,0.004990394,0.0037821934,0.0025202096,0.0031706989,0.003322314,0.0021406168,0.0016935227,0.0020832384,0.0015759885,0.0019710176,0.005638558,0.0030563269,0.002903122,0.010081593,0.002436691,0.0040758452,0.002518072,0.0020517274,0.0024922786,0.0029742278,0.0026837906,0.002473796,0.0027908524,0.002875849,0.0029267778,0.0031072015
0.005433126,0.0073808916,0.0076437653,0.0048375935,0.008767439,0.0059217345,0.008613092,0.005512734,0.010404111,0.010199147,0.020842081,0.0352334,0.028929852,0.037140664,0.0893487,0.012421241,0.029415634,0.08899455,0.035382092,0.03138395,0.06815118,0.018991286,0.008647095,0.010987948,0.015067687,0.010723158,0.006580554,0.010523097,0.0059312745,0.005193195,0.0073518506,0.005655555,0.0050687585,0.0040400513,0.0039005578,0.00219052,0.0030812072,0.002761647,0.0022653316,0.0027859348,0.00229662,0.0032530744,0.0023403338,0.0020715797,0.0030689365,0.0026248165,0.0018009294,0.0021985425,0.002293051,0.0027130637,0.0022341572,0.0028778869,0.0028088854,0.0032425325,0.0024310169,0.002882325,0.0033828071,0.00455505,0.0036172506,0.0037906577,0.0043638297,0.00470441,0.0043975674,0.004940762,0.0056944294
0.0059170653,0.0037597194,0.005407828,0.0052454732,0.005095206,0.00745555,0.0055416333,0.0116470205,0.006055266,0.008609558,0.008093844,0.0237423,0.012478353,0.041052125,0.056154013,0.029415643,0.00558461,0.043841608,0.06628557,0.061731838,0.06584794,0.06291101,0.024624407,0.031987105,0.039539035,0.024366664,0.00882999,0.016456163,0.013399605,0.005437663,0.0067895204,0.013504068,0.0038602652,0.0029848106,0.0033267462,0.0038606026,0.0022412306,0.002199753,0.003136201,0.0026219361,0.002853245,0.0027591938,0.0019169124,0.0015839323,0.002852949,0.0027060371,0.0021519668,0.002074709,0.0026214982,0.0021089802,0.0016397933,0.0028820096,0.0031600767,0.0030796474,0.0025380189,0.0028018714,0.0026214484,0.0030629626,0.0027176295,0.0038823793,0.0039236266,0.0033518027,0.004396012,0.004046995,0.0034372036
0.0034119764,0.004829779,0.0072839176,0.0032359478,0.006957724,0.0040052417,0.004506311,0.004118782,0.004263422,0.0057801446,0.007014883,0.016929952,0.007635111,0.019700121,0.031467255,0.08899455,0.043841608,0.017793577,0.035941944,0.06522998,0.1702649,0.021401955,0.02551606,0.028692538,0.016297616,0.015114792,0.015207991,0.02358657,0.0058593107,0.00673755,0.01060421,0.0048170094,0.004035746,0.004263661,0.0041643293,0.002515477,0.0033801766,0.0029007196,0.0021977143,0.0021829822,0.0022647595,0.0033050098,0.0024068053,0.0025057446,0.003007843,0.0031747075,0.0022286156,0.0030272736,0.0039038458,0.0022642273,0.0018542629,0.0028442293,0.0031534354,0.0037026324,0.0021211063,0.0035033838,0.0030612738,0.0048408248,0.0027390667,0.004909292,0.0054286835,0.0056867106,0.0044197817,0.005962256,0.0067960448
0.003231345,0.0052248226,0.006410685,0.0024103606,0.006609692,0.0035584792,0.0028922367,0.0041282084,0.0045389705,0.0072293337,0.00797963,0.015311177,0.011449605,0.021150079,0.020227853,0.035382077,0.06628557,0.035941944,0.029009828,0.021964084,0.04612335,0.07954105,0.035031788,0.027841892,0.030734101,0.02111108,0.03317694,0.032403573,0.008952826,0.011901797,0.012903067,0.0036794685,0.0047672135,0.0058076927,0.0034515564,0.0030306561,0.0033222365,0.0032313848,0.002415882,0.002375687,0.0018746852,0.0037711207,0.0026230896,0.0020682958,0.0038772062,0.004093519,0.0019358055,0.0028494296,0.0033774597,0.0021011021,0.0020164023,0.0028045548,0.0023488654,0.0032984882,0.0019981852,0.0028151297,0.0024802007,0.004585002,0.0031153387,0.0038824528,0.0040732776,0.004423409,0.0044174637,0.0046775453,0.004961391
0.0031312853,0.0037682408,0.0047293184,0.0038101585,0.0047323,0.004077749,0.0049737245,0.0050046914,0.0034515006,0.0057032485,0.005745284,0.007045868,0.0061971825,0.012494534,0.03790091,0.031383935,0.061731823,0.06522998,0.02196408,0.009057827,0.054720722,0.043928582,0.089306,0.030420676,0.013340441,0.018348703,0.011382761,0.035443123,0.012688709,0.0039322064,0.0072072526,0.0056563695,0.00313628,0.0030435855,0.004890696,0.0026142632,0.0028256704,0.00302029,0.0033897348,0.0026343975,0.0029866232,0.0033109132,0.0029588805,0.0032180196,0.0034033887,0.004872776,0.0027978679,0.0033579774,0.0041794945,0.0032716296,0.0022607064,0.004067315,0.003431192,0.0041050646,0.0025930665,0.0037049307,0.0035624106,0.0044430927,0.005297825,0.0048435177,0.0050158594,0.0050964374,0.0049583027,0.0051708403,0.0053849835
0.0034152074,0.0036176885,0.0046273433,0.002932561,0.0048609474,0.0032027285,0.003228494,0.0049969996,0.0036444613,0.0057625268,0.0055080354,0.01061074,0.0055008573,0.011061775,0.01359102,0.06815118,0.06584794,0.17026488,0.04612335,0.054720722,0.010529618,0.01988992,0.02610845,0.060088057,0.025225032,0.013792685,0.02579563,0.037035756,0.0042831553,0.007785777,0.008565957,0.004692527,0.0034484004,0.005210075,0.0066152234,0.0029564686,0.0028635373,0.0036567282,0.0022083665,0.0021733937,0.0024290057,0.0035954674,0.0022801831,0.0024449076,0.004248146,0.005159523,0.0021830706,0.003292178,0.004674207,0.0033118117,0.0022331923,0.0037537462,0.0035664449,0.003954025,0.0026581844,0.003100521,0.0029694156,0.004395557,0.0030220556,0.0044617774,0.0057898373,0.004290495,0.0056358874,0.0065521887,0.0058312137
0.0030149366,0.0034825504,0.0038109408,0.0027851202,0.0041342312,0.003380941,0.002962919,0.006546527,0.0033943802,0.004612087,0.004125635,0.008652812,0.010896976,0.019051729,0.010153513,0.018991282,0.06291101,0.021401955,0.07954107,0.043928582,0.019889923,0.109058544,0.071467504,0.017677752,0.074642755,0.10555512,0.012057266,0.017842153,0.0284438,0.0065763476,0.0064884904,0.005171491,0.003126489,0.006123321,0.0045810407,0.0028536522,0.0042190603,0.0037438518,0.008609941,0.0033440778,0.0031477835,0.003557999,0.0025670915,0.0032075362,0.003593575,0.003548408,0.0032325385,0.0027038944,0.002782171,0.002668553,0.0023456395,0.0030699023,0.0020136915,0.0026806234,0.0023183047,0.0024818622,0.0021480822,0.0035077743,0.0029575415,0.0034642364,0.0041102045,0.0037720432,0.0034592524,0.005386248,0.0055106897
0.002021629,0.002660304,0.0034459485,0.0017342798,0.0038107575,0.0025241575,0.0028884367,0.005002106,0.0024635587,0.0044079805,0.0030291623,0.005703292,0.004776956,0.013194158,0.0031525043,0.008647095,0.0246244,0.025516063,0.03503178,0.089305975,0.026108442,0.07146748,0.06773779,0.029376363,0.027595332,0.06688008,0.027422495,0.036882143,0.033662796,0.011445169,0.007228335,0.0072200927,0.006435855,0.010338057,0.009290659,0.0030120183,0.0058723376,0.005569579,0.006388248,0.003080271,0.0040632254,0.004222768,0.0027519057,0.003071913,0.004080971,0.0042634504,0.0028358584,0.0031689904,0.0038139797,0.0028195463,0.002231889,0.0031286536,0.0017847175,0.0027558028,0.0025657853,0.0031021053,0.0025706135,0.004042247,0.004030816,0.0041115885,0.005658594,0.0047571543,0.0046723285,0.0070642065,0.0051757777
0.002208122,0.0024258972,0.0041639004,0.0026014934,0.0037230137,0.002068102,0.0026806593,0.0057251146,0.002315765,0.0061152126,0.0033597574,0.007236425,0.0033508008,0.0058120354,0.0060405354,0.010987948,0.031987105,0.028692538,0.027841892,0.030420676,0.060088042,0.017677752,0.029376363,0.037297193,0.025733002,0.016624471,0.10806098,0.06377245,0.011165162,0.024675732,0.02019706,0.00855063,0.0082865255,0.008893036,0.0059827226,0.0031130735,0.005675435,0.0050966255,0.0031449103,0.0029746704,0.003220708,0.005964211,0.003150918,0.0029663846,0.0074353265,0.005800087,0.0024470973,0.0041956026,0.0044575264,0.0032352223,0.0019489523,0.0039314223,0.0022593676,0.0031126773,0.0018126364,0.0032997318,0.0024801935,0.004478601,0.002070879,0.0047526327,0.0062278965,0.0056151194,0.005100754,0.0059906906,0.0042036544
0.002482906,0.0042977612,0.0039775237,0.0027826075,0.0047596293,0.003919056,0.0035457823,0.0058190324,0.0031382034,0.0056487503,0.0036718107,0.0057851183,0.0064609856,0.0060121585,0.01060463,0.01506768,0.039539024,0.016297616,0.030734101,0.013340441,0.025225032,0.07464275,0.027595337,0.025733002,0.011182433,0.02925889,0.026350912,0.053433515,0.025821447,0.016384779,0.012225511,0.012393848,0.0051076747,0.008338194,0.00709092,0.0036569005,0.0047777905,0.004046248,0.0045842165,0.0036238972,0.0034996052,0.005193141,0.003495794,0.0035649708,0.004929169,0.0049525425,0.003504939,0.00381079,0.005538757,0.0031151017,0.0030019959,0.0040100324,0.0029525596,0.0030020971,0.002527464,0.003243314,0.0026248791,0.003774603,0.0026694427,0.003385876,0.0037766746,0.0038027451,0.0037190467,0.0038071496,0.0036202678
0.0026850034,0.0030024468,0.0032787526,0.0019921379,0.0036873275,0.002864063,0.0029051544,0.0056614866,0.0029649283,0.003849625,0.0030397985,0.005341819,0.005434856,0.009174883,0.0054798434,0.010723158,0.024366664,0.015114792,0.02111108,0.018348703,0.013792685,0.10555512,0.0668801,0.016624479,0.029258896,0.014563015,0.022601206,0.023427133,0.19271924,0.018803332,0.009480136,0.021509212,0.009760869,0.013185674,0.0117813125,0.0059454776,0.009088733,0.008009329,0.021847554,0.0062219263,0.005543126,0.0059128264,0.003592445,0.0057985066,0.005154635,0.0039217877,0.006102928,0.003030424,0.0027877395,0.0024489847,0.002327357,0.0025464164,0.0013644855,0.0021687357,0.0018082011,0.0018551607,0.0015355321,0.0024333887,0.002290852,0.0024806433,0.0039926046,0.0032602344,0.0030731237,0.004376415,0.003569934
0.0029774336,0.0028868413,0.0037879273,0.0019262066,0.0036790157,0.002188265,0.002432414,0.004725836,0.002554991,0.006000871,0.003397563,0.0057417746,0.002681409,0.004956353,0.0037221932,0.006580554,0.008829985,0.015207991,0.033176932,0.011382756,0.02579563,0.012057266,0.027422495,0.10806098,0.026350906,0.0226012,0.05048463,0.033041418,0.019794207,0.029058369,0.015321245,0.015607176,0.008325603,0.016250035,0.014852664,0.005192771,0.008022726,0.006748006,0.00445829,0.003850839,0.0037550817,0.0076952577,0.0054070717,0.004550034,0.009135667,0.0075511457,0.0035769346,0.0045973845,0.005053758,0.0029957355,0.0020988798,0.0038797413,0.0020572687,0.0032684016,0.0019084003,0.0035334055,0.0027186468,0.0035024316,0.0021047906,0.0039803395,0.00561316,0.004933709,0.004628615,0.005473745,0.0031693801
0.002243235,0.0029950463,0.0039812014,0.0016942756,0.003700744,0.0028642754,0.002108003,0.0036702973,0.0021871824,0.0050722486,0.0031431348,0.0052497718,0.0036649148,0.0062622004,0.004356924,0.010523097,0.016456163,0.02358657,0.032403573,0.035443123,0.037035756,0.017842153,0.036882143,0.06377245,0.053433515,0.023427133,0.033041425,0.015381424,0.013796397,0.027883638,0.04409728,0.017558325,0.010630192,0.0127469115,0.013835735,0.0029524218,0.0070744585,0.00673936,0.002799661,0.003656372,0.0048093507,0.00651857,0.0032813388,0.004926962,0.008037152,0.0054401336,0.002717429,0.003484219,0.005358539,0.0027705387,0.002479815,0.003697477,0.0019742742,0.002620896,0.001954476,0.00386874,0.0027557267,0.004120691,0.00227859,0.0035978463,0.004805557,0.0044287415,0.0036832478,0.004115427,0.0032137397
0.0029055024,0.0031871037,0.0025352498,0.0031447085,0.0026432162,0.004279165,0.0024815402,0.004885865,0.003413934,0.004092512,0.0047316398,0.0040894253,0.0038636867,0.008882695,0.0038162156,0.0059312745,0.013399605,0.0058593107,0.008952826,0.012688709,0.0042831553,0.028443797,0.033662796,0.011165167,0.025821447,0.19271919,0.019794207,0.013796397,0.005676977,0.0282013,0.012324892,0.032856375,0.025078062,0.021835705,0.022585843,0.008142951,0.015530848,0.0134764705,0.038858484,0.013803619,0.008272153,0.007529845,0.004509932,0.0064737536,0.005586282,0.0044878386,0.00789629,0.0041787876,0.0037771643,0.003999315,0.004285609,0.0030620338,0.0023725417,0.002306581,0.0028197903,0.0022184057,0.0018807576,0.002428346,0.0019122827,0.0023973442,0.0030177573,0.0024509472,0.002255186,0.0029622274,0.0027859823
0.003157482,0.003213396,0.0032285494,0.0023436274,0.003427077,0.0026120215,0.0022171375,0.0051130936,0.0027825336,0.0052456027,0.0030219306,0.0038451857,0.002699484,0.003595577,0.005218704,0.005193195,0.005437663,0.00673755,0.011901803,0.0039322088,0.007785777,0.0065763476,0.011445174,0.024675732,0.016384786,0.018803336,0.029058369,0.027883638,0.028201312,0.020692522,0.02000038,0.028483247,0.023620335,0.023635074,0.02777757,0.01065709,0.019058555,0.01118547,0.01535118,0.008454069,0.007992674,0.009970608,0.010741281,0.00969363,0.008035958,0.0072648274,0.005698986,0.0060147773,0.004276062,0.004046513,0.00312765,0.0037137081,0.002424289,0.0029901848,0.0025714098,0.0029703449,0.0024507793,0.0031057573,0.0022563536,0.0034209671,0.0041319234,0.0041721617,0.0038489173,0.0041422723,0.0032010407
0.0022610766,0.0029696852,0.003445392,0.0016663404,0.00416274,0.0026116897,0.0023887109,0.00364668,0.0026546319,0.0045004236,0.003027796,0.004057917,0.00246976,0.003120642,0.004401644,0.0073518506,0.0067895204,0.01060421,0.012903067,0.0072072526,0.008565957,0.0064884904,0.007228335,0.020197054,0.012225511,0.009480136,0.015321245,0.04409728,0.012324892,0.02000038,0.024264008,0.023493968,0.013195573,0.021277346,0.037742365,0.010820756,0.011468386,0.009984979,0.006046264,0.0053974204,0.006942973,0.016015999,0.0068487218,0.007334003,0.013760971,0.00943183,0.0043638754,0.0071113002,0.008671803,0.0049858023,0.003367678,0.0046360376,0.0028765353,0.0035451218,0.0028784766,0.0045905244,0.0038264662,0.0049792565,0.0029145053,0.004443618,0.005669053,0.0047699655,0.0047540427,0.004405196,0.0032839754
0.0043995236,0.0036583445,0.0022874454,0.008290846,0.0022115833,0.0028332463,0.0027198726,0.0040274267,0.005985383,0.004578332,0.0032140666,0.0027963198,0.0032402403,0.0031821465,0.0061140535,0.005655555,0.013504068,0.0048170094,0.0036794685,0.0056563695,0.004692527,0.005171491,0.0072200927,0.00855063,0.0123938555,0.021509212,0.015607176,0.017558325,0.032856382,0.028483238,0.023493968,0.0020573754,0.047920953,0.013331374,0.06400106,0.046428353,0.016351337,0.014415163,0.030667363,0.007560614,0.014272907,0.010988777,0.010497438,0.023190439,0.009168774,0.0056916787,0.011186762,0.005998243,0.006427052,0.0064557074,0.006067294,0.0045642545,0.009233694,0.0024519546,0.002852664,0.0016403907,0.0016205915,0.002386208,0.0019916364,0.0020968975,0.0026022173,0.0026234013,0.002236381,0.002492174,0.0022520304
0.0031573437,0.003388406,0.0030958857,0.0030002666,0.0030500714,0.0026368932,0.00215683,0.004263531,0.0030951062,0.0042788507,0.0026747836,0.0026106727,0.0021823323,0.002672612,0.006869992,0.0050687585,0.0038602652,0.004035746,0.004767216,0.00313628,0.0034484004,0.003126489,0.006435855,0.0082865255,0.0051076747,0.009760869,0.0083256075,0.010630196,0.025078058,0.023620335,0.013195573,0.047920953,0.009954641,0.014669348,0.018814214,0.068993255,0.057216913,0.017271478,0.054622464,0.05729158,0.039627776,0.012419901,0.025384236,0.0472413,0.008650517,0.007656262,0.014988608,0.008511343,0.0041329316,0.0047630393,0.0063343546,0.0040128194,0.0055388613,0.0029183433,0.0032912802,0.0021234239,0.0019350456,0.0024427476,0.0024314576,0.0022674075,0.0028257496,0.00276728,0.002839134,0.0031257917,0.0028685848
0.0019720222,0.0025909215,0.0028266083,0.0017319609,0.0025408645,0.0022655171,0.0021368596,0.0036115546,0.001954263,0.004713251,0.0026365195,0.0028260334,0.002718206,0.0030937379,0.002538929,0.0040400513,0.0029848092,0.004263659,0.0058076927,0.0030435838,0.005210075,0.006123321,0.010338057,0.008893036,0.008338194,0.013185674,0.016250035,0.0127469115,0.021835705,0.023635074,0.021277346,0.013331374,0.014669348,0.011651221,0.09976551,0.01905635,0.042947255,0.035999503,0.029336073,0.007838207,0.01621564,0.013415916,0.008990547,0.013897517,0.014624998,0.00843488,0.008756601,0.009444017,0.011559991,0.004174171,0.005254453,0.0054311347,0.003222852,0.0036105148,0.0052667568,0.004457554,0.003074307,0.003933277,0.0026668655,0.00390306,0.0047797114,0.0042606476,0.0042410856,0.004361597,0.0035137297
0.0018678735,0.0019293682,0.0021147996,0.002144851,0.0018231876,0.0023891542,0.002162362,0.003142171,0.0017578228,0.0041814577,0.0022638654,0.002340316,0.0021282763,0.0026232542,0.0029255494,0.0039005578,0.0033267462,0.0041643293,0.0034515564,0.004890696,0.0066152234,0.0045810407,0.009290659,0.0059827226,0.00709092,0.0117813125,0.014852669,0.013835742,0.022585843,0.027777564,0.037742376,0.06400106,0.018814214,0.09976554,0.0033620142,0.012758432,0.03127685,0.07701654,0.020927189,0.011348283,0.012190595,0.01906518,0.004686849,0.011469046,0.024099085,0.005344551,0.006830431,0.010471976,0.015020941,0.007999217,0.009445529,0.013178546,0.005176245,0.0039940593,0.007978199,0.005010679,0.0035397457,0.0035303242,0.0031762861,0.0030393375,0.0033293779,0.0033902405,0.003015917,0.0030793827,0.0025835126
0.0058830036,0.0030459783,0.0021871764,0.003483032,0.0030028764,0.0033587134,0.0033415328,0.004765447,0.003098938,0.0033041302,0.0024276124,0.0018867082,0.001982835,0.0022416913,0.0033277648,0.00219052,0.0038606026,0.0025154778,0.0030306575,0.0026142632,0.0029564702,0.0028536522,0.0030120183,0.0031130754,0.0036569021,0.0059454776,0.005192771,0.0029524206,0.008142951,0.01065709,0.010820756,0.046428353,0.068993255,0.019056354,0.012758432,0.035756715,0.06601291,0.028055578,0.14979658,0.24965991,0.18604654,0.031887982,0.0824726,0.029933868,0.01618297,0.007690383,0.016193192,0.0042650355,0.0065182457,0.0110742645,0.012961037,0.0062474166,0.009152002,0.0028970616,0.0026977218,0.002732727,0.0016951631,0.0025035157,0.0018185662,0.0018542734,0.0027704437,0.002059447,0.0018594974,0.0023594722,0.0023709058
0.0031441047,0.0027490545,0.002732914,0.0027763334,0.0026424606,0.0022129358,0.0021247813,0.005047899,0.0022823059,0.0041833324,0.0025270358,0.00281713,0.0022650203,0.002772853,0.002763942,0.0030812072,0.0022412306,0.0033801766,0.0033222365,0.0028256704,0.0028635373,0.0042190603,0.0058723376,0.005675435,0.0047777905,0.0090887295,0.008022726,0.0070744585,0.015530855,0.019058552,0.011468386,0.016351337,0.057216913,0.042947255,0.03127685,0.066012934,0.016749697,0.025603933,0.03227614,0.05791166,0.04039233,0.01554915,0.026474744,0.03425777,0.013367242,0.012032487,0.010601874,0.012226875,0.007352798,0.0042881514,0.007095484,0.0045613134,0.005399991,0.0033278516,0.0043762615,0.0029881855,0.0025317578,0.0032272546,0.0024993347,0.0029314933,0.0036137735,0.0034226468,0.0036518895,0.003866609,0.0037844132
0.001929975,0.002060744,0.0025371932,0.0017799668,0.0023279153,0.0019322507,0.0021961022,0.0039215568,0.0019256283,0.0041573728,0.0024449157,0.00278378,0.002414145,0.002533467,0.0029835608,0.002761647,0.002199752,0.0029007196,0.0032313848,0.00302029,0.0036567282,0.0037438518,0.005569579,0.0050966255,0.004046248,0.008009329,0.006748006,0.00673936,0.0134764705,0.01118547,0.009984984,0.014415163,0.017271478,0.035999503,0.07701654,0.02805557,0.025603933,0.008184917,0.031449478,0.013978597,0.018085413,0.01894395,0.021223962,0.034555804,0.041910373,0.010350812,0.007957495,0.01574075,0.017675193,0.0075119464,0.009653936,0.009477289,0.0058344123,0.0056584757,0.005898574,0.0064136893,0.0047329175,0.0050958544,0.0042035393,0.003996165,0.0053279633,0.004713837,0.004256921,0.0045897467,0.003837867
0.0017483914,0.0039169122,0.0018620241,0.006318408,0.002138991,0.0022378839,0.0026059325,0.003912149,0.0023066786,0.0031215972,0.0026293884,0.0021670577,0.00412531,0.0025788648,0.0037459917,0.0022653316,0.003136201,0.0021977143,0.002415882,0.0033897348,0.002208368,0.008609941,0.006388248,0.0031449103,0.0045842165,0.021847554,0.00445829,0.002799661,0.038858484,0.01535118,0.006046264,0.030667355,0.054622453,0.029336078,0.020927189,0.14979658,0.03227614,0.031449478,0.0058213696,0.03379743,0.048823908,0.051964447,0.04511224,0.061399113,0.015944714,0.013406541,0.036179606,0.011729479,0.008461199,0.021126695,0.014211085,0.007740598,0.005847349,0.003314383,0.005091241,0.0027145336,0.0018948907,0.0021586756,0.0017741777,0.0014871414,0.0017468577,0.001582825,0.0017064932,0.0018024371,0.00161659
0.00726976,0.003418858,0.0025270574,0.005387587,0.0024630798,0.003283696,0.0019202856,0.0031497977,0.0031208168,0.0024677918,0.0019293589,0.0017388153,0.002057494,0.0020739173,0.004990394,0.0027859348,0.0026219361,0.0021829822,0.002375687,0.0026343975,0.0021733937,0.0033440778,0.003080271,0.0029746704,0.0036238972,0.0062219235,0.003850839,0.003656372,0.0138036115,0.008454069,0.0053974204,0.007560614,0.057291564,0.007838207,0.011348283,0.24965988,0.05791166,0.013978597,0.03379743,0.010880829,0.117718846,0.014538249,0.09201649,0.17464387,0.0143575845,0.016447036,0.14693707,0.023548987,0.0064802673,0.012115934,0.02674879,0.008151004,0.009687571,0.0048158616,0.0074885553,0.002368072,0.0018348388,0.002828118,0.0027625258,0.0018906316,0.0019616624,0.0019962937,0.0022567841,0.0020877118,0.0026515385
0.004382944,0.0020666302,0.0023761312,0.0028102254,0.0018775013,0.0025225626,0.003755712,0.0024965534,0.0033867785,0.0029550677,0.0019721086,0.0019661263,0.0028368833,0.002321037,0.0037821934,0.00229662,0.0028532436,0.0022647595,0.0018746852,0.0029866232,0.0024290057,0.0031477835,0.0040632254,0.003220708,0.0034996052,0.0055431235,0.003755084,0.0048093507,0.008272153,0.007992674,0.0069429767,0.014272907,0.039627776,0.01621564,0.012190595,0.18604657,0.04039233,0.018085413,0.048823897,0.117718846,0.022282768,0.015452378,0.11349458,0.1462409,0.04402779,0.012971815,0.02066656,0.021776062,0.008796828,0.005208335,0.009358989,0.009466744,0.0142127285,0.00362943,0.0070150103,0.0034740614,0.0022814546,0.0033551701,0.0041110422,0.0024584585,0.0027073591,0.0022858658,0.0028999131,0.0025210334,0.0022792653
0.002239473,0.0029039048,0.0028660968,0.0025479891,0.00293943,0.0025119463,0.0022095176,0.0038560596,0.002318405,0.003710987,0.002378737,0.0026732588,0.0020770282,0.0027450284,0.0025202096,0.0032530744,0.0027591938,0.0033050098,0.0037711207,0.0033109116,0.0035954674,0.003557999,0.004222768,0.005964211,0.005193141,0.0059128264,0.0076952577,0.00651857,0.007529845,0.009970608,0.016015999,0.010988777,0.012419901,0.013415916,0.01906518,0.031887975,0.01554915,0.018943945,0.051964436,0.014538249,0.015452378,0.024495648,0.021288604,0.025826678,0.04771706,0.030006291,0.017878713,0.024594028,0.021515915,0.010430504,0.0060441378,0.01807668,0.008448039,0.005876211,0.0074083945,0.0060002217,0.003505165,0.0038424893,0.0029767319,0.0031769865,0.0034445713,0.0029863408,0.003362305,0.0031438011,0.002336974
0.0038208647,0.004353167,0.0031682837,0.008335085,0.0032517046,0.0034814882,0.0020321957,0.0028802864,0.0036322623,0.0029703546,0.0023348215,0.0021759185,0.0020678903,0.0018398076,0.0031706989,0.0023403338,0.0019169116,0.0024068053,0.0026230908,0.0029588805,0.0022801831,0.0025670915,0.002751907,0.0031509192,0.003495794,0.003592445,0.0054070745,0.0032813388,0.004509932,0.010741281,0.0068487255,0.010497438,0.025384236,0.00899055,0.004686849,0.082472615,0.026474744,0.021223962,0.045112252,0.092016526,0.11349458,0.021288604,0.008365278,0.027825069,0.02273407,0.09777166,0.18930669,0.03291112,0.010126358,0.010949621,0.011022815,0.01040744,0.027904104,0.0067347395,0.008081592,0.0028963936,0.002055304,0.0031506305,0.0031954085,0.0021867235,0.002204579,0.0022155072,0.0025326526,0.0025222532,0.002344052
0.0022886307,0.0026320834,0.0025460278,0.003391575,0.002199166,0.002284007,0.0013509523,0.0031585882,0.00169954,0.0020022162,0.0014108535,0.0018074836,0.0016386899,0.0018214692,0.003322314,0.0020715797,0.0015839323,0.0025057446,0.0020682958,0.0032180196,0.0024449076,0.0032075362,0.003071913,0.0029663846,0.0035649708,0.0057985033,0.0045500365,0.004926962,0.0064737536,0.00969363,0.007334003,0.023190433,0.04724129,0.013897509,0.011469046,0.029933868,0.03425777,0.034555793,0.061399113,0.17464384,0.14624085,0.025826678,0.027825069,0.011338535,0.02693569,0.034835793,0.27711904,0.045815237,0.010520058,0.010834886,0.015461738,0.009852308,0.014362673,0.005423905,0.0069426442,0.0032225044,0.002350581,0.0032939436,0.0020209989,0.0027679298,0.0031027691,0.0023661084,0.0024539593,0.0030781399,0.0027750216
0.002788861,0.00281396,0.0033475047,0.0021120873,0.0026471235,0.0022197794,0.0017409903,0.0036138976,0.0018541497,0.0035189998,0.0020206566,0.002860066,0.0017665412,0.0026697463,0.0021406177,0.0030689351,0.002852948,0.003007843,0.0038772062,0.0034033887,0.004248146,0.003593575,0.004080971,0.0074353265,0.004929169,0.005154635,0.009135672,0.008037152,0.005586282,0.008035958,0.013760971,0.009168774,0.008650517,0.014624998,0.024099082,0.01618297,0.013367242,0.041910384,0.015944721,0.0143575845,0.04402779,0.04771706,0.02273407,0.026935684,0.060921077,0.029703377,0.0115417745,0.06592088,0.021150025,0.006880886,0.0031195385,0.028254103,0.0032313832,0.0065856366,0.0069061304,0.008091185,0.0042353948,0.0045824847,0.0024848767,0.0038593267,0.004145257,0.0034688173,0.0039476226,0.004000818,0.002849305
0.0022495107,0.0029975392,0.0036671425,0.0015771361,0.003578046,0.0019275326,0.0017380269,0.0021484564,0.0017350517,0.0023233327,0.002050314,0.0025360158,0.0016390169,0.002160071,0.0016935217,0.0026248165,0.002706036,0.0031747075,0.004093519,0.004872776,0.00515952,0.003548408,0.0042634504,0.005800087,0.0049525425,0.0039217877,0.00755115,0.0054401336,0.0044878386,0.0072648274,0.00943183,0.0056916764,0.007656262,0.00843488,0.005344551,0.007690383,0.012032487,0.010350807,0.013406541,0.016447036,0.012971815,0.030006291,0.09777164,0.034835793,0.029703386,0.011356702,0.02843092,0.026059318,0.051454943,0.08489341,0.021311397,0.022969045,0.019447051,0.008732612,0.008214687,0.012642973,0.0049389205,0.0056402124,0.0037315588,0.0046152617,0.0051561412,0.0046381964,0.004512409,0.0042091976,0.0037169927
0.0031664548,0.0042583155,0.0035512198,0.004174938,0.003006802,0.00321664,0.0017229257,0.0025129667,0.0016481283,0.0015074837,0.0014828587,0.0018940703,0.0013872273,0.0017588305,0.0020832384,0.0018009294,0.0021519668,0.0022286156,0.0019358055,0.0027978679,0.0021830706,0.0032325385,0.0028358584,0.0024470973,0.003504939,0.006102925,0.0035769346,0.002717429,0.00789629,0.005698986,0.0043638754,0.011186762,0.014988608,0.008756601,0.006830431,0.016193192,0.010601874,0.007957495,0.036179606,0.14693704,0.02066656,0.017878713,0.18930666,0.27711904,0.0115417745,0.028430935,0.006560969,0.022246184,0.017216608,0.0803765,0.16351984,0.015067859,0.06195971,0.008882757,0.016949678,0.0053627514,0.0041542607,0.0033679197,0.0038864752,0.0031689734,0.0032481228,0.00229354,0.0034444912,0.0030520223,0.0031286802
0.0028141176,0.0033988662,0.004583446,0.002800208,0.0036499037,0.002708379,0.0019080581,0.0028414314,0.001880174,0.002558083,0.0021265594,0.002596491,0.0015182211,0.0021506944,0.0015759885,0.0021985425,0.002074709,0.0030272736,0.0028494296,0.0033579774,0.003292178,0.0027038944,0.0031689904,0.0041956026,0.00381079,0.003030424,0.0045973845,0.003484219,0.0041787876,0.0060147773,0.0071113002,0.0059982454,0.008511343,0.009444017,0.010471976,0.0042650355,0.012226875,0.01574075,0.011729479,0.023548987,0.021776062,0.024594035,0.03291112,0.045815237,0.06592088,0.026059318,0.022246184,0.0213632,0.023373557,0.020858003,0.13257614,0.028825564,0.010130947,0.0098471595,0.013891276,0.015345003,0.005428135,0.0058269715,0.004077129,0.0055299415,0.0053581675,0.0046725105,0.004997331,0.004973722,0.004202807
0.001927905,0.0021605345,0.0036918533,0.001755134,0.002577537,0.0025932454,0.0016456179,0.0022265457,0.0017973548,0.0021398447,0.0026894468,0.0025564374,0.002118146,0.0036506532,0.0019710176,0.002293051,0.0026214982,0.0039038458,0.0033774597,0.0041794945,0.004674207,0.002782171,0.0038139797,0.0044575264,0.005538757,0.0027877395,0.005053758,0.005358539,0.0037771643,0.004276062,0.008671803,0.006427052,0.0041329316,0.011559991,0.015020941,0.0065182457,0.007352798,0.017675193,0.008461199,0.0064802673,0.008796824,0.021515915,0.010126353,0.010520058,0.021150025,0.051454943,0.017216608,0.023373554,0.016578697,0.029545935,0.020620588,0.05509429,0.052518424,0.022160523,0.034921933,0.019422041,0.011630955,0.012156598,0.006185502,0.0067292587,0.006543584,0.0057044085,0.0069436445,0.0048026387,0.0041319565
0.003753222,0.008492395,0.0032054118,0.010498474,0.0030451901,0.0033544719,0.002469331,0.0027953708,0.0022551084,0.0026234852,0.0033705072,0.0025956577,0.0033196216,0.0031169488,0.005638558,0.0027130623,0.0021089802,0.0022642273,0.0021011021,0.0032716296,0.0033118117,0.002668553,0.0028195449,0.0032352223,0.0031151017,0.0024489847,0.0029957355,0.0027705387,0.003999315,0.004046513,0.0049858023,0.0064557074,0.0047630393,0.004174171,0.007999213,0.01107426,0.0042881514,0.0075119464,0.021126695,0.012115934,0.0052083326,0.010430504,0.010949621,0.010834886,0.006880886,0.08489341,0.08037646,0.020857997,0.029545918,0.013545408,0.026467185,0.031808876,0.043521095,0.019369373,0.062249485,0.024599927,0.0128157465,0.008159192,0.008033593,0.005993463,0.004316378,0.0050634057,0.005364166,0.0045049423,0.004683647
0.005314395,0.009285671,0.0036692966,0.0058767768,0.0037025379,0.0063058916,0.002246142,0.002987532,0.003153888,0.002181099,0.0027121645,0.0026156167,0.0040509794,0.004364963,0.0030563269,0.0022341572,0.0016397925,0.0018542629,0.0020164023,0.0022607064,0.0022331923,0.0023456395,0.002231889,0.0019489523,0.0030019959,0.002327357,0.0020988798,0.002479815,0.004285609,0.00312765,0.00336768,0.006067294,0.0063343546,0.005254453,0.009445533,0.012961037,0.007095484,0.009653932,0.014211085,0.02674879,0.009358989,0.0060441378,0.011022815,0.015461746,0.0031195367,0.021311397,0.16351977,0.13257612,0.020620588,0.026467193,0.008149759,0.014663,0.08635925,0.020591604,0.13957818,0.021141004,0.017570166,0.0076934183,0.008586013,0.00477607,0.004070339,0.0047014547,0.004884177,0.004277581,0.005988766
0.0039075227,0.0028292343,0.0030759503,0.004334199,0.0025978582,0.0029244088,0.004194714,0.003324132,0.002805055,0.0026366438,0.0025660587,0.0026951737,0.004733735,0.0034695396,0.002903122,0.0028778869,0.0028820096,0.0028442293,0.0028045548,0.004067315,0.0037537462,0.0030699023,0.0031286536,0.0039314223,0.0040100324,0.002546415,0.0038797413,0.003697477,0.0030620322,0.0037137081,0.0046360376,0.0045642527,0.0040128194,0.0054311347,0.013178546,0.0062474166,0.0045613134,0.009477289,0.007740598,0.008151004,0.00946674,0.01807668,0.01040744,0.009852308,0.028254097,0.022969037,0.015067851,0.028825564,0.05509429,0.031808876,0.014663,0.0036778047,0.007310462,0.025690423,0.09061105,0.04994335,0.02424059,0.010699929,0.007276439,0.010281128,0.008242854,0.007753912,0.0058470275,0.007275978,0.0054082386
0.0034920785,0.0050477628,0.003790172,0.022179144,0.0033412818,0.0030477233,0.0021798562,0.0022979304,0.0017144667,0.0022102883,0.0024174775,0.0024436007,0.0024850564,0.0026853064,0.010081593,0.0028088854,0.0031600748,0.0031534354,0.0023488654,0.003431192,0.0035664449,0.0020136905,0.0017847175,0.0022593676,0.0029525596,0.0013644855,0.00205727,0.0019742742,0.0023725417,0.002424289,0.0028765353,0.009233694,0.0055388613,0.003222852,0.005176245,0.009152002,0.005399991,0.0058344123,0.005847349,0.009687566,0.0142127285,0.008448039,0.027904104,0.014362667,0.0032313832,0.019447051,0.06195971,0.010130943,0.052518424,0.043521095,0.08635925,0.0073104664,0.009338489,0.018091206,0.15653816,0.05838365,0.04503764,0.012839514,0.02644913,0.008986332,0.0042834464,0.009093957,0.008475499,0.0056659337,0.007400292
0.005325745,0.004505926,0.0061694165,0.0031515171,0.005055787,0.0035128552,0.0031450775,0.0030858098,0.003091123,0.0028736987,0.0037155626,0.00402785,0.0034178637,0.003801985,0.002436691,0.003242531,0.003079646,0.0037026308,0.0032984882,0.0041050646,0.003954025,0.0026806234,0.0027558028,0.0031126759,0.0030020971,0.002168735,0.0032684016,0.002620896,0.002306581,0.0029901848,0.0035451218,0.0024519546,0.0029183433,0.0036105148,0.0039940593,0.0028970616,0.0033278516,0.0056584757,0.003314383,0.0048158616,0.00362943,0.005876211,0.0067347395,0.005423905,0.0065856366,0.008732612,0.008882757,0.0098471595,0.022160523,0.019369373,0.020591604,0.025690423,0.01809121,0.016637696,0.06506839,0.12572205,0.05049071,0.021881595,0.047248665,0.029787127,0.019639887,0.024636807,0.025094565,0.024526283,0.013465215
0.008056224,0.004846343,0.0047078473,0.005099678,0.003430644,0.00938827,0.0048529706,0.0025572996,0.005228378,0.0031143823,0.0045985864,0.0027290273,0.008559576,0.00713408,0.0040758452,0.0024310169,0.0025380189,0.0021211063,0.0019981842,0.0025930651,0.0026581844,0.0023183047,0.0025657853,0.0018126364,0.002527464,0.0018082011,0.0019084003,0.001954476,0.0028197903,0.0025714098,0.0028784766,0.002852664,0.0032912802,0.0052667568,0.007978199,0.0026977218,0.0043762615,0.005898574,0.005091239,0.0074885553,0.0070150103,0.0074083945,0.008081592,0.0069426442,0.0069061266,0.008214687,0.016949678,0.013891276,0.034921933,0.062249485,0.13957815,0.09061108,0.15653811,0.06506837,0.0005738403,0.009433946,0.21896973,0.02204286,0.09784888,0.00928463,0.0018185439,0.0069999998,0.0062891277,0.0036171388,0.015686478
0.005001079,0.0030089156,0.006759159,0.00351114,0.0043976046,0.0035543614,0.0055636796,0.0038787,0.0039512506,0.003736334,0.0058227857,0.0032675208,0.004198173,0.0041203587,0.002518072,0.002882325,0.0028018714,0.0035033838,0.0028151297,0.0037049307,0.003100521,0.0024818622,0.0031021067,0.0032997318,0.003243314,0.0018551607,0.0035334055,0.00386874,0.0022184057,0.0029703449,0.0045905267,0.0016403917,0.0021234239,0.004457554,0.005010681,0.002732727,0.0029881871,0.0064136893,0.0027145336,0.002368072,0.0034740614,0.0060002217,0.0028963936,0.0032225044,0.008091185,0.012642979,0.0053627514,0.015345003,0.019422041,0.024599927,0.021141004,0.049943365,0.05838365,0.12572205,0.009433946,0.06432925,0.058562245,0.04551152,0.05948564,0.025194928,0.010687544,0.018497184,0.017823461,0.013644291,0.015150603
0.0056653586,0.0038673053,0.006256129,0.0031839695,0.005198583,0.0039821942,0.005024732,0.0030140223,0.006003328,0.0038655016,0.0038835835,0.003737165,0.0029475258,0.0049524647,0.0020517274,0.0033828071,0.0026214484,0.0030612738,0.002480202,0.0035624125,0.0029694156,0.0021480822,0.0025706135,0.0024801935,0.0026248791,0.0015355321,0.0027186468,0.0027557267,0.0018807576,0.0024507793,0.003826468,0.0016205915,0.0019350447,0.003074307,0.0035397457,0.0016951631,0.0025317578,0.0047329175,0.0018948907,0.0018348388,0.0022814546,0.003505165,0.002055304,0.002350581,0.0042353948,0.0049389205,0.0041542607,0.005428135,0.011630959,0.0128157465,0.017570166,0.02424059,0.04503764,0.050490722,0.21896973,0.058562245,0.024264429,0.09122937,0.5250223,0.10182799,0.020811168,0.056189302,0.045002375,0.028015323,0.0874229
0.0047875,0.0035556601,0.0062482725,0.0019694057,0.0055088717,0.0035584844,0.0030187815,0.0037727724,0.0034284259,0.0038508975,0.0037693833,0.0058437544,0.0032618772,0.003440616,0.0024922786,0.00455505,0.0030629612,0.0048408248,0.004585002,0.0044430927,0.004395559,0.0035077743,0.004042247,0.004478601,0.003774603,0.0024333887,0.0035024316,0.004120691,0.002428346,0.003105756,0.0049792565,0.002386208,0.0024427476,0.003933279,0.0035303242,0.0025035157,0.0032272546,0.0050958544,0.0021586756,0.002828118,0.0033551701,0.0038424912,0.0031506305,0.0032939436,0.0045824847,0.0056402124,0.0033679197,0.0058269715,0.012156598,0.008159192,0.0076934183,0.010699929,0.012839514,0.021881595,0.02204286,0.04551152,0.09122937,0.04667902,0.0975274,0.11215307,0.033845156,0.081975,0.036318,0.02530689,0.07911444
0.005767116,0.0056639113,0.0049966583,0.004699019,0.004303297,0.0036666759,0.010987408,0.0034418032,0.0056252885,0.0033974098,0.0053877756,0.0040483945,0.0059366464,0.0035306364,0.0029742278,0.0036172506,0.0027176295,0.0027390667,0.0031153387,0.0052978275,0.0030220556,0.0029575415,0.0040308177,0.002070879,0.0026694427,0.002290852,0.0021047906,0.00227859,0.0019122827,0.0022563536,0.0029145053,0.0019916364,0.0024314576,0.0026668655,0.0031762861,0.0018185662,0.0024993347,0.0042035393,0.0017741777,0.0027625258,0.0041110422,0.0029767319,0.0031954085,0.0020209998,0.0024848767,0.0037315588,0.0038864752,0.004077129,0.006185502,0.008033598,0.008586013,0.007276439,0.02644913,0.047248665,0.09784893,0.05948564,0.5250223,0.09752743,0.01712822,0.07908377,0.029408436,0.18796913,0.06234157,0.025930233,0.100554556
0.0036552015,0.0024645024,0.005671379,0.0022597935,0.004489301,0.0030239369,0.0037559257,0.0037259257,0.0041096425,0.0044823075,0.004072707,0.0049631516,0.0032751719,0.0035456289,0.0026837906,0.0037906577,0.0038823793,0.004909292,0.0038824512,0.00484352,0.0044617774,0.0034642364,0.004111591,0.0047526327,0.0033858775,0.002480642,0.0039803395,0.0035978463,0.0023973442,0.0034209671,0.004443618,0.0020968975,0.0022674075,0.00390306,0.0030393375,0.0018542726,0.0029314933,0.003996165,0.001487142,0.0018906316,0.0024584585,0.0031769865,0.0021867235,0.0027679298,0.0038593267,0.0046152617,0.0031689734,0.0055299415,0.0067292587,0.005993466,0.00477607,0.010281128,0.008986332,0.029787127,0.00928463,0.025194928,0.10182799,0.112153046,0.07908377,0.11123386,0.18090433,0.13167678,0.15108705,0.120216936,0.106269315
0.004020181,0.0023389338,0.0048341607,0.0022754408,0.0043238318,0.002878259,0.003762249,0.005029359,0.003429146,0.005197695,0.0031481993,0.004967578,0.002778168,0.0037342208,0.002473796,0.0043638297,0.0039236248,0.0054286835,0.0040732776,0.0050158594,0.0057898373,0.0041102045,0.005658594,0.0062278965,0.0037766746,0.0039926046,0.00561316,0.004805557,0.0030177573,0.0041319234,0.005669056,0.0026022173,0.0028257496,0.0047797114,0.0033293779,0.0027704423,0.0036137719,0.0053279633,0.0017468577,0.0019616624,0.0027073591,0.0034445713,0.002204579,0.0031027691,0.004145257,0.0051561412,0.0032481228,0.0053581675,0.006543584,0.0043163802,0.004070339,0.008242854,0.0042834464,0.01963989,0.0018185447,0.010687544,0.02081118,0.033845156,0.029408436,0.18090427,0.20127212,0.2624692,0.18175362,0.33035114,0.12523629
0.0038289754,0.002492869,0.0051658605,0.0021345448,0.0048381444,0.0030904296,0.0029604547,0.004213781,0.003944039,0.0049645626,0.003441234,0.0042351615,0.002379123,0.00293372,0.0027908538,0.00470441,0.0033518027,0.0056867106,0.004423409,0.0050964374,0.004290495,0.0037720432,0.0047571543,0.0056151194,0.0038027451,0.0032602344,0.004933709,0.0044287415,0.0024509472,0.0041721617,0.0047699655,0.0026234013,0.00276728,0.0042606476,0.0033902405,0.002059447,0.0034226468,0.004713837,0.001582825,0.0019962948,0.0022858658,0.0029863408,0.0022155072,0.0023661084,0.0034688173,0.0046381964,0.00229354,0.0046725105,0.0057044085,0.0050634057,0.0047014547,0.007753912,0.009093957,0.024636807,0.0069999998,0.01849719,0.056189302,0.081975,0.18796913,0.13167678,0.2624692,0.07719463,0.15741478,0.13882524,0.090638265
0.006744769,0.0030727845,0.006984134,0.002679744,0.005422197,0.0037979232,0.004623826,0.003509263,0.00448158,0.004407949,0.0040955935,0.006051385,0.0028675634,0.0034795266,0.002875849,0.0043975674,0.00439601,0.0044197817,0.0044174637,0.004958301,0.0056358874,0.0034592524,0.0046723285,0.005100754,0.0037190467,0.0030731237,0.004628615,0.0036832478,0.002255186,0.0038489173,0.0047540446,0.002236381,0.002839134,0.0042410856,0.003015917,0.0018594974,0.0036518895,0.004256921,0.0017064932,0.0022567841,0.0028999131,0.003362305,0.0025326526,0.0024539593,0.0039476226,0.004512409,0.0034444912,0.004997331,0.0069436445,0.005364166,0.004884177,0.0058470275,0.008475499,0.025094565,0.0062891277,0.017823461,0.045002367,0.036318,0.06234157,0.15108705,0.18175362,0.15741478,0.07061831,0.09446771,0.1032149
0.003577616,0.00256653,0.0053547206,0.0029334854,0.0045057354,0.0031335873,0.0034382134,0.0053858086,0.0037532952,0.006046459,0.0035666735,0.005567625,0.0032958102,0.004099538,0.0029267778,0.004940762,0.004046995,0.005962256,0.0046775453,0.0051708403,0.0065521887,0.005386248,0.0070642065,0.0059906906,0.0038071496,0.004376415,0.005473745,0.004115427,0.0029622288,0.0041422723,0.004405196,0.002492174,0.0031257917,0.004361597,0.0030793827,0.0023594722,0.003866609,0.0045897486,0.0018024379,0.0020877118,0.0025210334,0.0031438011,0.0025222532,0.0030781399,0.004000818,0.0042091976,0.0030520223,0.004973722,0.0048026387,0.0045049423,0.004277581,0.007275978,0.0056659337,0.02452629,0.0036171405,0.013644291,0.028015323,0.025306882,0.025930233,0.120216936,0.33035114,0.13882524,0.09446771,0.19319317,0.10234684
0.0051312083,0.0038265532,0.007444443,0.0028729253,0.0055049076,0.0037149894,0.0029243606,0.003726119,0.0042020325,0.0041296715,0.004551961,0.006455861,0.003203085,0.003590689,0.0031072015,0.0056944294,0.0034372036,0.0067960448,0.004961388,0.0053849835,0.0058312137,0.0055106897,0.0051757777,0.0042036544,0.0036202678,0.003569934,0.0031693801,0.0032137397,0.0027859823,0.0032010407,0.0032839754,0.0022520293,0.0028685848,0.0035137297,0.0025835114,0.0023709058,0.0037844132,0.003837867,0.00161659,0.0026515385,0.0022792653,0.002336974,0.002344052,0.0027750216,0.002849304,0.0037169927,0.0031286785,0.004202807,0.0041319565,0.004683647,0.005988766,0.0054082386,0.007400292,0.013465215,0.015686478,0.015150603,0.08742292,0.079114415,0.100554556,0.10626936,0.12523626,0.09063824,0.1032149,0.10234683,0.17394108
