0,1,2,3,4,5,6,7,8,9,10,11,12,13,14,15,16,17,18,19,20,21,22,23,24,25,26,27,28,29,30,31,32,33,34,35,36,37,38,39,40,41,42,43,44,45,46,47,48,49,50,51,52,53,54,55,56,57
0.0015829884,0.116455086,0.19670299,0.0139510995,0.036695886,0.036582094,0.0077814637,0.009932798,0.025982536,0.017374428,0.0054698866,0.0025510094,0.0054998947,0.0045189857,0.011843318,0.008876001,0.003585372,0.0036887238,0.0077436566,0.0055094077,0.005849148,0.0146660535,0.008219202,0.007841441,0.0038358332,0.0075580995,0.005551581,0.005040134,0.010602574,0.0035228678,0.0038900173,0.0044168117,0.0042119944,0.0037685025,0.005392178,0.005102737,0.0041673323,0.004016202,0.0033547604,0.0028861742,0.004080201,0.0045351842,0.003555959,0.0027645074,0.0034247276,0.0027616667,0.036707755,0.0035318143,0.0026988226,0.0030918224,0.005159119,0.0031924604,0.0077992254,0.0048088874,0.0048837806,0.005165089,0.0039883214,0.004713951
0.11645513,0.00035940396,0.11797206,0.010683966,0.6145553,0.7302463,0.008596403,0.02556322,0.10190231,0.031694487,0.014076116,0.0023394322,0.00578743,0.0041304165,0.004904821,0.009398333,0.002273905,0.0030965572,0.01721597,0.0032295622,0.007621712,0.003063449,0.0074181347,0.005157922,0.003284514,0.0046368716,0.0036541042,0.020769421,0.0039149094,0.0044759847,0.0070912093,0.0032201635,0.0051827384,0.0031013933,0.0071529173,0.0040470776,0.0022763829,0.00905865,0.003655259,0.0033384915,0.0019967603,0.004913489,0.0024193134,0.002440269,0.003398138,0.0031659552,0.0027589826,0.002001178,0.002493381,0.003451407,0.0048122797,0.002352699,0.0021656477,0.003258969,0.008223655,0.0033294996,0.0028313987,0.0029463812
0.19670299,0.11797206,0.012739441,0.010023322,0.28810745,0.5122549,0.0049011176,0.020635016,0.03823812,0.0040407325,0.018036382,0.0019124664,0.011485729,0.011810471,0.0030426942,0.004391788,0.0078072594,0.0036136722,0.0064619225,0.0050570345,0.0023782733,0.0056868913,0.0035225095,0.004811506,0.0041910186,0.004606792,0.0064569805,0.0030631109,0.003938573,0.0040798313,0.0037102797,0.0018966484,0.0022019856,0.0035938194,0.005490024,0.0023233925,0.001928543,0.0015060633,0.0029895043,0.0029959637,0.0022722126,0.0029283771,0.006251557,0.0033748283,0.0047461772,0.0029634302,0.014655377,0.0034471916,0.0036919108,0.004924279,0.009741954,0.0054216003,0.0020946278,0.0037162832,0.0049786167,0.0091922255,0.010016118,0.0059003695
0.0139510995,0.010683966,0.010023322,0.0029069064,0.01647495,0.020831352,0.012065538,0.0097853355,0.03303681,0.01301861,0.008744115,0.004189638,0.010573218,0.012996136,0.014092907,0.010226772,0.0061187986,0.008222686,0.012283539,0.0049495287,0.008157113,0.006617446,0.006108192,0.005270533,0.0065492126,0.004191274,0.0056784037,0.003835749,0.005861297,0.0021745814,0.0029836684,0.0027030034,0.0028679247,0.0031791863,0.0026120476,0.0029465954,0.0047958107,0.003377341,0.0025635215,0.009535798,0.0049732784,0.0027009514,0.004757046,0.0040627066,0.0053644665,0.0036821126,0.0042305146,0.006692803,0.004090721,0.003785668,0.011015259,0.0064573167,0.017654186,0.0058014593,0.010786679,0.007909562,0.0069741635,0.015349427
0.036695886,0.6145553,0.28810745,0.01647495,0.0005894315,0.15367769,0.009770811,0.026241621,0.058070492,0.007916794,0.019654471,0.006243434,0.015556034,0.010507195,0.0042617726,0.0044666133,0.0036664978,0.007420537,0.0063228975,0.004612192,0.00545893,0.0063372697,0.0071553555,0.012440529,0.0054850434,0.007292121,0.0057943515,0.0070084897,0.0075285234,0.0025207587,0.003494029,0.0038388548,0.0042435294,0.004893368,0.009598131,0.0020889144,0.0028620688,0.0019660832,0.0032737586,0.002896406,0.0018065717,0.002180107,0.0028669883,0.0030314096,0.0025928249,0.0030878684,0.00422552,0.0028199726,0.003432185,0.0031372015,0.017408228,0.0039994135,0.0018893309,0.0027319111,0.0039229295,0.004042084,0.0028013373,0.003272956
0.036582094,0.7302463,0.5122549,0.020831352,0.15367769,0.000789603,0.0042419196,0.029501408,0.10323727,0.015048783,0.012561848,0.002682655,0.0107930815,0.0065827174,0.012227077,0.0034083705,0.0027022823,0.0036420277,0.035334423,0.006281244,0.00782529,0.0035437339,0.0075808526,0.007331026,0.0053077275,0.0048253923,0.0051855245,0.0073330174,0.0023728532,0.0023675517,0.007457268,0.0055002943,0.0048476197,0.0025025988,0.006016526,0.0029877767,0.0018141072,0.003851388,0.0033727393,0.0026010666,0.0026233653,0.004479896,0.0027724653,0.0027336848,0.002460583,0.0034080497,0.0032054344,0.002911136,0.0035657266,0.0030578198,0.004117773,0.0040687714,0.0021430135,0.0034742302,0.0045671156,0.0028732861,0.0043607834,0.0022307998
0.0077814637,0.008596403,0.0049011176,0.012065538,0.009770811,0.0042419196,0.02331787,0.0121334,0.009525017,0.005617692,0.026929017,0.0522839,0.021831963,0.024090348,0.013726612,0.012763099,0.02614276,0.011912271,0.0065522417,0.010466933,0.008127272,0.008804215,0.0052881767,0.0034009344,0.004904251,0.005131423,0.0032266502,0.002930472,0.0039511076,0.0029068857,0.0028598527,0.0028730934,0.004843676,0.003052922,0.00357505,0.0042897845,0.0028230033,0.0028629927,0.0037497594,0.003590143,0.003722819,0.00207122,0.0063047414,0.00686928,0.0051262234,0.0050971652,0.0029727083,0.006772355,0.004864868,0.0066673397,0.006561116,0.009111368,0.0035122507,0.005414274,0.0054785935,0.008306629,0.005801259,0.008551217
0.009932798,0.02556322,0.020635016,0.0097853355,0.026241621,0.029501408,0.0121334,0.0043194126,0.0542959,0.5037138,0.08155769,0.007747076,0.112793215,0.012728178,0.051807903,0.027227016,0.017806659,0.010183044,0.008749717,0.007913968,0.0070198243,0.0038254266,0.0038441175,0.004431303,0.0028352058,0.0026742762,0.0030521397,0.0049600885,0.0037257366,0.00298137,0.0030786637,0.0032793898,0.0028620905,0.0037618382,0.004437574,0.0020968216,0.0030867322,0.0027293102,0.0022602861,0.0018527386,0.0027309172,0.0015438616,0.0034405803,0.0034841495,0.0024172212,0.0028191213,0.002857504,0.0040812013,0.002311404,0.0029168923,0.0032810066,0.0037848302,0.0033211096,0.0027432053,0.0035798638,0.0045907423,0.0050959103,0.0060816454
0.025982536,0.10190226,0.03823812,0.03303681,0.058070492,0.1032373,0.009525013,0.0542959,0.001204155,0.06631309,0.09362447,0.002213457,0.15150346,0.033121724,0.045520183,0.007755111,0.009298075,0.0070035597,0.013000051,0.009732178,0.008895104,0.0036594463,0.0037332168,0.0040134997,0.0028683653,0.003484883,0.0018429584,0.008276841,0.0049626194,0.0037609604,0.0040703192,0.0032908407,0.0017641354,0.0035429683,0.006203188,0.00349499,0.0011306797,0.0069731893,0.0026768758,0.0021936535,0.0020318609,0.0018608253,0.0032526504,0.0026611444,0.0019304208,0.002815929,0.0030413058,0.0022600258,0.0016083394,0.002654141,0.0032663487,0.0029138832,0.0025582581,0.0033183992,0.0022649027,0.0039048172,0.007513365,0.0050872504
0.017374428,0.03169447,0.0040407325,0.01301861,0.00791679,0.015048783,0.005617692,0.5037138,0.0663131,0.0010654721,0.13735965,0.007967089,0.21932134,0.08520878,0.174193,0.04885306,0.018363724,0.0069760424,0.015846767,0.007014469,0.0044735014,0.004206646,0.003819351,0.0038319903,0.0041518644,0.0018834748,0.0053406614,0.0049155247,0.0025476932,0.0025046375,0.0030647742,0.0015704138,0.0038344122,0.0021678198,0.0025718831,0.0019515834,0.0016067505,0.0020296257,0.00218055,0.0042598406,0.002515313,0.0070570125,0.0043279966,0.0032480466,0.003493717,0.0022390021,0.0023185196,0.0027358527,0.0024316136,0.002229607,0.0037968936,0.0027562196,0.005533629,0.0025639187,0.005681127,0.004829525,0.004827279,0.0040130843
0.0054698866,0.014076109,0.018036379,0.008744115,0.019654466,0.012561843,0.026929017,0.08155768,0.093624495,0.13735965,0.0058999103,0.005605431,0.08848201,0.11432636,0.08652842,0.04976533,0.022907006,0.016097233,0.024320776,0.010990787,0.004754345,0.006818844,0.0036135456,0.002873651,0.0049743215,0.0029767414,0.0034928718,0.0025587268,0.002970911,0.0023633374,0.002927894,0.0019315069,0.0018924746,0.002949348,0.002666882,0.009328912,0.0045842403,0.001581464,0.0017758665,0.0024930395,0.0034806165,0.001312202,0.0038065584,0.0027107126,0.003845984,0.0024364695,0.0016108418,0.0029899818,0.0017486796,0.0016540926,0.0020537397,0.008466717,0.0031958108,0.0020093906,0.0023086052,0.005530796,0.007182358,0.0071532154
0.0025510094,0.0023394322,0.0019124664,0.004189638,0.006243434,0.002682655,0.052283876,0.007747076,0.002213457,0.007967092,0.005605431,0.934394,0.074343644,0.0115001025,0.045743644,0.021342997,0.03431204,0.05198899,0.011725859,0.009630864,0.014923444,0.008290999,0.0071604587,0.0065580118,0.005313019,0.0047948463,0.005598663,0.0032170194,0.0043457476,0.0045804796,0.004473896,0.002634256,0.0055045336,0.0030675803,0.0038957219,0.0029240309,0.00334552,0.0023293763,0.0025573603,0.0028361198,0.0032572192,0.0016990675,0.004772828,0.006538915,0.005155351,0.004838785,0.0023960012,0.005507589,0.004719798,0.004610649,0.0036942635,0.0047081737,0.002600182,0.004030988,0.0031742787,0.007336299,0.003119927,0.007986453
0.0054998947,0.00578743,0.011485729,0.010573218,0.015556034,0.010793087,0.021831963,0.112793215,0.15150353,0.21932134,0.088481985,0.074343644,0.0044640866,0.21306886,0.09458786,0.04219648,0.051200386,0.030329887,0.05339675,0.011055621,0.0071499953,0.0032856255,0.004639923,0.0031618644,0.0017258058,0.0029257594,0.0027102449,0.0021221894,0.0024365657,0.0019971137,0.002179879,0.0025827277,0.0025374913,0.0018720415,0.0024666663,0.0022824318,0.0018657056,0.0018607113,0.0022819487,0.0022669663,0.0023802877,0.0022281436,0.0035361196,0.0032772182,0.0022858973,0.0031981012,0.0022314792,0.004939834,0.0022447961,0.002251442,0.0023260743,0.0040015248,0.0021927955,0.0026137189,0.0025710526,0.0032842378,0.0021931701,0.0071194125
0.0045189857,0.0041304165,0.011810471,0.012996143,0.010507195,0.0065827174,0.024090348,0.012728183,0.033121724,0.08520878,0.11432641,0.0115001025,0.21306881,0.010350309,0.13444217,0.052592754,0.045804385,0.029722186,0.043359842,0.023782186,0.0077361492,0.0040239226,0.0052465554,0.0032901603,0.00213337,0.0045953463,0.002947628,0.0027956513,0.0032271608,0.0019890375,0.0020652206,0.0019374609,0.003569449,0.0026736567,0.002534812,0.003721933,0.0031602655,0.0018243516,0.0032339767,0.0030934059,0.003458378,0.0027859414,0.0045115636,0.005289489,0.0030955502,0.0025255794,0.0028320826,0.0050651953,0.0020466412,0.002227316,0.002411317,0.0040388578,0.0019369933,0.0026322699,0.0020725015,0.0061557274,0.0025524208,0.007454879
0.011843312,0.004904821,0.0030426942,0.014092907,0.0042617726,0.012227077,0.013726612,0.051807903,0.045520183,0.174193,0.0865284,0.045743644,0.09458786,0.13444212,0.007361134,0.05157456,0.036673203,0.012769349,0.13784985,0.025061445,0.009787914,0.0044659204,0.008197476,0.005317595,0.0030478612,0.0035948476,0.004908535,0.0026992126,0.0023026022,0.0029641786,0.0024177672,0.0016048623,0.0017931609,0.0035972581,0.0020510051,0.0019120405,0.0026978063,0.0017175064,0.0022623623,0.003445261,0.002422076,0.0030743128,0.003059016,0.0031933452,0.0026583867,0.0023892543,0.0028844774,0.004179848,0.00335852,0.0025665371,0.0039202515,0.0028434438,0.0016817499,0.002637292,0.0025479926,0.0039835414,0.0022064082,0.0046452926
0.008876001,0.009398333,0.0043917904,0.010226772,0.0044666133,0.0034083705,0.012763099,0.027227016,0.007755111,0.04885306,0.04976533,0.021342997,0.04219648,0.052592754,0.05157456,0.012801084,0.06435059,0.032776136,0.024322096,0.09309121,0.025920011,0.0071007605,0.010138194,0.007881944,0.004206524,0.0033274752,0.004655901,0.0024743997,0.0032554022,0.002519209,0.0019852265,0.0020723743,0.003704413,0.0020467348,0.0017922055,0.0018743104,0.0034672748,0.002332192,0.0019295425,0.0050078337,0.0032555168,0.002754202,0.0055924733,0.003920244,0.003726432,0.0025166746,0.0023128917,0.005081454,0.0041047195,0.0021299091,0.0030898727,0.0034367465,0.0036149397,0.002293683,0.004285456,0.0054113325,0.0021612006,0.007389305
0.003585372,0.002273905,0.0078072594,0.0061187986,0.0036664978,0.0027022823,0.02614275,0.017806666,0.009298075,0.018363724,0.022907006,0.034312032,0.051200386,0.045804385,0.036673203,0.06435061,0.024699919,0.039072007,0.016194277,0.057505608,0.03212117,0.006042342,0.0069757984,0.009166738,0.0033530982,0.0057474934,0.0074085873,0.0022588195,0.0029521117,0.0037905967,0.002390198,0.0016425841,0.0027651095,0.0022994669,0.0018881543,0.0015774103,0.0034307807,0.0019225972,0.0016580999,0.0028860825,0.0034786223,0.0035604953,0.007122062,0.006092334,0.005660885,0.0039309985,0.0023604466,0.0073817577,0.0042794724,0.0035847623,0.003429107,0.0039836965,0.0034383144,0.0029426978,0.0036873918,0.010218975,0.0033133517,0.008482989
0.0036887238,0.0030965572,0.0036136722,0.008222691,0.007420537,0.0036420277,0.011912271,0.010183044,0.0070035597,0.0069760424,0.016097233,0.051989004,0.030329887,0.029722186,0.012769349,0.032776136,0.039072014,0.011952592,0.0068930313,0.01692693,0.017336808,0.008445127,0.0074572223,0.0069866017,0.0037620098,0.005393229,0.00458068,0.002423203,0.0035343308,0.004438992,0.0028078852,0.002153863,0.0038010622,0.0026799275,0.00287929,0.0038854305,0.0034022003,0.0030897728,0.0044063986,0.00425961,0.005262542,0.0026006498,0.006856371,0.010014592,0.005606771,0.0052159005,0.002389077,0.008800833,0.0048456946,0.005871564,0.0039545246,0.009307691,0.003800479,0.00541971,0.004304241,0.010299932,0.0047539026,0.0077363392
0.0077436566,0.017215962,0.0064619225,0.012283539,0.0063228975,0.035334416,0.006552239,0.008749713,0.013000051,0.015846767,0.024320776,0.011725859,0.05339675,0.043359842,0.13784991,0.024322093,0.016194277,0.0068930313,0.0004651193,0.011591263,0.011884812,0.0074762246,0.22446743,0.013988044,0.0044485484,0.0055851853,0.0077592987,0.006104018,0.0032408086,0.0067500835,0.0059123216,0.0033160108,0.0032770496,0.009228822,0.004423619,0.0021493246,0.0021575328,0.0019656809,0.0031684735,0.004937566,0.0042011645,0.0028379802,0.0026821843,0.0028517542,0.0023169485,0.0022678443,0.0027088183,0.0026631192,0.0026735475,0.0025756462,0.002395976,0.0023412537,0.0031639691,0.0043051136,0.0026508449,0.0020667296,0.010129504,0.004758053
0.0055094077,0.0032295622,0.005057032,0.0049495287,0.004612192,0.006281244,0.010466928,0.007913968,0.009732178,0.007014469,0.010990787,0.009630864,0.011055621,0.023782186,0.025061438,0.09309121,0.057505608,0.01692693,0.011591263,0.0054927296,0.015817737,0.0067174183,0.13872929,0.040423974,0.008054997,0.011076798,0.01078991,0.0046034064,0.0044363965,0.0038129033,0.00265365,0.0027372856,0.0034082427,0.004038045,0.0020530985,0.0049566375,0.0031433885,0.0015906715,0.0045153107,0.0070889737,0.0043092794,0.013552328,0.0042971144,0.004026396,0.0035284443,0.0029639136,0.0023842168,0.004072079,0.004746387,0.0032983897,0.0028686326,0.0031399226,0.0018705319,0.0029301166,0.0026899956,0.004874645,0.005013649,0.0052180085
0.005849148,0.007621712,0.0023782733,0.008157116,0.00545893,0.00782529,0.008127272,0.0070198243,0.0088951085,0.0044735014,0.0047543473,0.014923444,0.0071499953,0.0077361455,0.009787919,0.025920006,0.03212117,0.017336808,0.011884812,0.015817737,0.0020609158,0.005774421,0.0146669345,0.04480954,0.015289985,0.012327238,0.0123741375,0.008044822,0.007717708,0.009622553,0.00967398,0.0028806508,0.003715088,0.004709425,0.0035652504,0.0035230184,0.0036001944,0.00689265,0.003451194,0.004572386,0.0036552174,0.0055296426,0.004391517,0.0046439855,0.0040130806,0.004823723,0.0028653543,0.004028887,0.0041625937,0.0041742744,0.0032726915,0.0046949014,0.0042028124,0.00651866,0.004625543,0.004143185,0.0057048574,0.0043439222
0.01466606,0.003063449,0.0056868913,0.006617446,0.0063372697,0.0035437357,0.008804215,0.0038254284,0.0036594463,0.004206648,0.006818844,0.008290999,0.0032856255,0.0040239245,0.0044659222,0.0071007637,0.006042342,0.008445123,0.0074762246,0.0067174216,0.005774423,0.0026600992,0.019469347,0.007143587,0.020197257,0.060885575,0.01058584,0.0073597413,0.006089476,0.014470914,0.0058815903,0.0047353124,0.0035771024,0.004321638,0.005516058,0.013029722,0.004611607,0.0036216856,0.0041190246,0.0050427504,0.006302671,0.005077772,0.0049369894,0.008043624,0.0046899063,0.0064351354,0.00349463,0.006580311,0.009233676,0.008423036,0.005649964,0.008154694,0.007822936,0.00625198,0.0063806735,0.008033579,0.006638238,0.0061351056
0.008219199,0.0074181347,0.0035225095,0.006108192,0.0071553555,0.0075808526,0.0052881767,0.0038441175,0.0037332184,0.003819351,0.0036135456,0.0071604587,0.004639921,0.005246553,0.008197476,0.010138194,0.0069757984,0.0074572223,0.22446743,0.13872929,0.0146669345,0.019469347,0.0007514718,0.019408047,0.015184856,0.03360619,0.11495457,0.012294786,0.0066742846,0.01535394,0.027712671,0.004851674,0.003155893,0.0050970805,0.0033014459,0.0027131578,0.0035101739,0.0052530128,0.0038908417,0.0053634,0.004252323,0.004255017,0.0029667867,0.0028660737,0.0030449892,0.0036138166,0.0037280647,0.0030826824,0.003937385,0.0025669571,0.0027147632,0.0025540723,0.0046044267,0.0027689068,0.0045831786,0.0039806496,0.008821192,0.0042225835
0.007841441,0.005157922,0.004811508,0.005270533,0.012440529,0.007331026,0.0034009344,0.004431303,0.0040135016,0.0038319903,0.0028736524,0.0065580118,0.0031618644,0.0032901603,0.005317595,0.007881944,0.009166738,0.0069866017,0.013988044,0.040423974,0.04480954,0.007143587,0.019408047,0.0028838876,0.0073551578,0.01327736,0.27705866,0.040831335,0.030631391,0.016194932,0.010138218,0.008598244,0.0058099665,0.009828899,0.012115997,0.0043727267,0.0035571945,0.004767363,0.003894216,0.0046856124,0.003158809,0.0044929846,0.0037059728,0.0030711025,0.0025970964,0.0045858463,0.0060560605,0.0025659488,0.0041505517,0.0045058317,0.003199731,0.0031324183,0.0026277134,0.0036558253,0.0034389077,0.004907275,0.004555997,0.0024602753
0.0038358313,0.003284514,0.0041910186,0.0065492126,0.0054850434,0.0053077275,0.004904249,0.0028352044,0.0028683653,0.0041518644,0.0049743243,0.005313019,0.001725805,0.00213337,0.0030478612,0.004206524,0.0033530982,0.0037620098,0.0044485484,0.008054997,0.015289977,0.020197257,0.015184856,0.0073551578,0.00070952973,0.017057385,0.025684599,0.23237018,0.033931304,0.05454899,0.029822474,0.0026926808,0.005705374,0.029819164,0.010471981,0.0048403903,0.04190926,0.0063308086,0.008301807,0.0054166247,0.0065087914,0.0022971183,0.0049827946,0.0041503627,0.0024284464,0.005531352,0.0045226896,0.0043899096,0.0054897326,0.0052176723,0.0028392258,0.0074584475,0.006462847,0.0041118874,0.004784731,0.005297154,0.008476903,0.0052740346
0.0075580995,0.0046368716,0.0046067904,0.004191274,0.007292121,0.0048253895,0.00513142,0.0026742762,0.003484883,0.0018834748,0.0029767414,0.0047948463,0.0029257594,0.004595344,0.0035948476,0.0033274752,0.0057474934,0.005393226,0.0055851853,0.011076798,0.012327238,0.06088556,0.033606194,0.013277354,0.017057393,0.0029162157,0.0100055095,0.0103993295,0.037523642,0.060805254,0.011423658,0.0076817935,0.001643173,0.005688159,0.0061199353,0.0064610466,0.0012509002,0.0031164496,0.0046655056,0.0046079094,0.0058781416,0.0038970322,0.006591545,0.006582818,0.004461968,0.0059427363,0.005959478,0.007522989,0.010526776,0.009185983,0.006305876,0.006566383,0.0051354947,0.005880132,0.004806027,0.014345604,0.010298357,0.0066549615
0.005551581,0.0036541042,0.0064569837,0.0056784037,0.0057943515,0.0051855245,0.0032266502,0.003052141,0.0018429584,0.0053406614,0.0034928718,0.005598663,0.0027102449,0.002947628,0.0049085375,0.004655901,0.0074085873,0.00458068,0.0077592987,0.01078991,0.0123741375,0.01058584,0.11495459,0.27705866,0.025684604,0.0100055095,0.0053819255,0.02380204,0.009530557,0.087657906,0.14074071,0.0134976925,0.011678834,0.0069759535,0.0038373945,0.0036426228,0.0044901236,0.0031466822,0.003066905,0.0065627415,0.003743402,0.008539259,0.0037324151,0.0031746712,0.003468252,0.003465768,0.00329042,0.0028053161,0.004254825,0.0040751584,0.0027724153,0.003695854,0.005377891,0.0038910913,0.002273666,0.0040892134,0.005549759,0.0033995109
0.005040134,0.020769421,0.0030631127,0.003835751,0.0070084897,0.0073330174,0.002930472,0.0049600885,0.008276845,0.004915527,0.002558728,0.0032170194,0.0021221894,0.0027956513,0.0026992126,0.0024743997,0.0022588195,0.002423203,0.006104018,0.0046034083,0.008044822,0.0073597413,0.012294792,0.040831335,0.23237033,0.0103993295,0.02380205,0.0014681681,0.013459517,0.020634972,0.039671164,0.055705763,0.009053498,0.01811849,0.005790227,0.02796955,0.006696615,0.02733902,0.0076023573,0.0037907586,0.006344132,0.0072190636,0.003430103,0.003517241,0.00195955,0.004471915,0.0068506747,0.0032488515,0.003892803,0.006697928,0.0027573092,0.0025225482,0.0111893425,0.006001857,0.0043883245,0.0022452017,0.0032339983,0.003144798
0.010602574,0.003914907,0.003938573,0.0058613,0.0075285207,0.0023728532,0.0039511076,0.0037257366,0.0049626194,0.0025476932,0.002970911,0.0043457476,0.0024365657,0.0032271608,0.0023026022,0.0032554022,0.0029521117,0.0035343308,0.0032408086,0.0044363965,0.007717708,0.006089473,0.0066742846,0.030631384,0.03393131,0.037523657,0.009530557,0.013459517,0.005418808,0.018200353,0.013972657,0.024687888,0.017289544,0.00747988,0.00696531,0.0019590913,0.001562037,0.0057290434,0.003425778,0.0042557125,0.0035251465,0.0050418726,0.0055793324,0.0056263045,0.006732778,0.009246056,0.003961365,0.008113914,0.009172919,0.012086076,0.010292322,0.009003633,0.014923093,0.009340986,0.011271928,0.009105188,0.012679638,0.007705612
0.0035228678,0.0044759847,0.0040798313,0.0021745814,0.0025207587,0.0023675517,0.002906887,0.00298137,0.0037609604,0.0025046386,0.0023633374,0.0045804796,0.0019971137,0.0019890375,0.0029641802,0.002519209,0.0037905967,0.004438992,0.0067500835,0.0038129033,0.009622553,0.014470914,0.01535394,0.016194932,0.054549,0.060805254,0.087657906,0.020634968,0.018200357,0.0008302408,0.023162644,0.024892243,0.113609165,0.048656765,0.006146143,0.0037713728,0.0028180773,0.0044226153,0.0065830103,0.003945268,0.0039367233,0.005825328,0.0045831804,0.005195568,0.005179642,0.005314534,0.007837428,0.004265254,0.0062516457,0.011813327,0.0043759705,0.0057197153,0.009210893,0.004714293,0.0055545927,0.0060599684,0.01617878,0.003605773
0.0038900159,0.0070912093,0.0037102797,0.0029836684,0.003494029,0.007457268,0.0028598527,0.0030786637,0.0040703192,0.0030647742,0.0029278954,0.004473896,0.002179879,0.0020652206,0.0024177686,0.0019852265,0.002390198,0.0028078852,0.0059123216,0.00265365,0.009673975,0.0058815903,0.027712656,0.010138218,0.029822474,0.011423658,0.14074068,0.03967114,0.013972657,0.023162644,0.0011187478,0.026030438,0.026397895,0.3398064,0.16054404,0.011446205,0.0077154003,0.006093131,0.005946949,0.004743441,0.005225616,0.0063685174,0.004164828,0.0036450827,0.0030829578,0.0044107917,0.006240668,0.0024511244,0.0042192703,0.0053117317,0.0034485415,0.0039385916,0.0034146348,0.0065015866,0.0036247321,0.0022527322,0.017887281,0.0021656796
0.0044168117,0.003220162,0.0018966484,0.0027030034,0.0038388548,0.0055002915,0.0028730934,0.0032793898,0.0032908407,0.0015704138,0.0019315069,0.002634255,0.0025827263,0.0019374609,0.0016048623,0.0020723743,0.0016425841,0.002153863,0.0033160108,0.0027372856,0.0028806494,0.0047353124,0.004851674,0.008598244,0.0026926808,0.0076817935,0.0134976925,0.055705763,0.024687883,0.024892243,0.026030438,0.0047786203,0.008918141,0.08161031,0.09881033,0.058476362,0.019359374,0.019567322,0.027924497,0.007301851,0.0085701,0.012103566,0.0064655235,0.006891191,0.005916308,0.007899631,0.007016236,0.0036732906,0.009262756,0.011185882,0.0049230666,0.0049328264,0.00867405,0.0054780017,0.01321067,0.0038055729,0.009477822,0.0040858164
0.004211996,0.0051827384,0.0022019856,0.0028679264,0.0042435294,0.0048476197,0.004843676,0.0028620919,0.0017641354,0.0038344138,0.0018924746,0.0055045336,0.0025374913,0.003569449,0.0017931609,0.0037044152,0.0027651095,0.0038010622,0.0032770513,0.0034082427,0.003715088,0.0035771024,0.003155893,0.0058099665,0.005705377,0.001643173,0.011678839,0.009053498,0.017289551,0.113609165,0.026397895,0.008918146,0.000814085,0.0099363765,0.0122174295,0.018822137,0.027407575,0.013295964,0.010522292,0.003739005,0.008644153,0.0068514016,0.008077645,0.012737308,0.008970185,0.0089385,0.006119761,0.009823129,0.015665246,0.012785312,0.0055513987,0.009981926,0.027111322,0.0077851648,0.00880035,0.008349538,0.025761528,0.008618195
0.0037685025,0.0031013933,0.0035938194,0.0031791863,0.004893368,0.0025025988,0.003052922,0.0037618382,0.0035429683,0.0021678198,0.002949348,0.0030675803,0.0018720415,0.0026736567,0.0035972602,0.0020467348,0.0022994669,0.0026799275,0.009228826,0.004038045,0.004709425,0.004321638,0.0050970805,0.009828899,0.029819164,0.005688159,0.0069759535,0.01811849,0.00747988,0.048656765,0.3398064,0.08161031,0.0099363765,0.0034628653,0.015616908,0.01725044,0.018404745,0.0360613,0.013786481,0.011792314,0.006318671,0.007615684,0.0077919597,0.005380562,0.0048261913,0.0049087866,0.0059384676,0.003042914,0.008736249,0.011272141,0.0027943938,0.0026592505,0.01381043,0.0073384764,0.0030840924,0.0028263396,0.014385189,0.0023146141
0.005392178,0.0071529173,0.005490024,0.0026120476,0.009598131,0.006016526,0.00357505,0.004437574,0.006203188,0.0025718843,0.002666882,0.0038957219,0.0024666663,0.002534812,0.002051006,0.0017922055,0.0018881543,0.00287929,0.004423621,0.0020530985,0.0035652504,0.005516058,0.0033014459,0.012115997,0.010471981,0.0061199353,0.0038373945,0.005790224,0.00696531,0.006146143,0.16054407,0.09881036,0.0122174295,0.015616908,0.0015922079,0.014252205,0.011899073,0.16718493,0.11601066,0.011298099,0.008667135,0.030976811,0.011714359,0.0075099766,0.004270503,0.007371381,0.015854295,0.0027112952,0.006428316,0.005884529,0.0038077142,0.0033956196,0.003996258,0.0037772448,0.0030639644,0.0029220644,0.006753531,0.003973066
0.005102737,0.0040470758,0.0023233925,0.0029465968,0.0020889135,0.0029877767,0.0042897845,0.0020968216,0.003494992,0.0019515834,0.009328912,0.0029240309,0.002282433,0.003721933,0.0019120405,0.0018743114,0.0015774103,0.0038854305,0.0021493256,0.0049566375,0.0035230184,0.013029722,0.0027131578,0.0043727267,0.0048403903,0.0064610466,0.0036426247,0.02796955,0.0019590913,0.0037713728,0.011446205,0.058476392,0.018822137,0.01725044,0.014252205,0.0025138909,0.01849957,0.017940661,0.103028916,0.033838015,0.025680047,0.013887429,0.02097478,0.014731791,0.017287761,0.014163248,0.008069243,0.0066223093,0.007686411,0.0074827555,0.008113426,0.003585779,0.008355363,0.004473985,0.006405985,0.005479519,0.0068555004,0.0084858695
0.0041673323,0.0022763829,0.001928543,0.0047958107,0.0028620672,0.0018141072,0.002823002,0.0030867322,0.0011306797,0.0016067505,0.0045842403,0.0033455214,0.0018657056,0.0031602674,0.0026978063,0.0034672765,0.0034307807,0.0034022003,0.0021575328,0.0031433885,0.0036001944,0.004611607,0.0035101739,0.0035571945,0.041909266,0.0012509002,0.0044901236,0.006696615,0.001562037,0.002818076,0.007715405,0.019359374,0.027407566,0.018404748,0.011899073,0.01849957,0.0033928743,0.023920285,0.017069511,0.100623086,0.037105177,0.028941633,0.028474167,0.02449837,0.02532402,0.012212309,0.016459418,0.006777688,0.011785099,0.01042658,0.0042651123,0.012275744,0.016556803,0.0077619567,0.007829797,0.0053779194,0.0116607845,0.0036012253
0.004016202,0.00905865,0.001506064,0.0033773424,0.0019660832,0.003851388,0.0028629927,0.0027293102,0.006973193,0.0020296257,0.001581464,0.0023293763,0.0018607113,0.0018243516,0.0017175071,0.002332192,0.0019225981,0.0030897728,0.0019656809,0.0015906715,0.006892653,0.0036216856,0.0052530128,0.004767363,0.0063308086,0.0031164496,0.0031466822,0.02733902,0.0057290457,0.0044226153,0.006093131,0.019567322,0.013295964,0.03606131,0.16718498,0.017940661,0.023920285,0.0013512115,0.04450599,0.01668188,0.06706139,0.06730098,0.01932901,0.015722455,0.042588405,0.0136628235,0.0415065,0.0036798252,0.010015433,0.0118188895,0.0053514526,0.002325957,0.0053912825,0.008631671,0.003953696,0.003666949,0.008668271,0.0030454553
0.003354759,0.003655259,0.0029895043,0.0025635215,0.0032737586,0.0033727393,0.0037497594,0.0022602861,0.0026768758,0.00218055,0.0017758657,0.0025573603,0.0022819487,0.0032339767,0.0022623623,0.0019295425,0.0016580999,0.0044063968,0.0031684735,0.0045153084,0.003451194,0.0041190246,0.0038908417,0.003894216,0.00830181,0.0046655033,0.003066905,0.0076023573,0.003425778,0.0065830075,0.005946949,0.027924497,0.010522286,0.013786481,0.11601063,0.103028916,0.017069511,0.04450599,0.0014601181,0.018746663,0.018627232,0.05908055,0.033936292,0.030188708,0.027146995,0.023602173,0.026250072,0.0046982765,0.012902728,0.012107434,0.0040592235,0.0048639956,0.0037909802,0.004208496,0.0050218333,0.0035013033,0.0067355335,0.0050829104
0.0028861742,0.0033384915,0.0029959637,0.009535798,0.0028964048,0.0026010666,0.003590143,0.0018527394,0.0021936535,0.0042598406,0.0024930409,0.0028361198,0.002266965,0.0030934059,0.0034452623,0.0050078337,0.0028860837,0.00425961,0.004937566,0.0070889774,0.004572386,0.0050427504,0.0053634,0.0046856124,0.0054166247,0.0046079094,0.0065627415,0.0037907586,0.0042557125,0.003945268,0.004743441,0.007301851,0.003739005,0.011792314,0.011298094,0.033838015,0.10062307,0.01668188,0.018746667,0.012988969,0.041935258,0.0848446,0.021685585,0.020486455,0.019330058,0.013869622,0.015675351,0.008038775,0.009925552,0.0037021823,0.0067909127,0.0047756643,0.010204695,0.003963437,0.0054061795,0.0052334866,0.003117967,0.00399397
0.004080201,0.0019967603,0.0022722126,0.0049732784,0.0018065708,0.0026233653,0.003722819,0.0027309172,0.0020318609,0.002515313,0.0034806181,0.0032572192,0.0023802877,0.0034583763,0.002422076,0.0032555168,0.0034786223,0.005262542,0.0042011645,0.0043092794,0.0036552174,0.006302671,0.004252323,0.003158809,0.0065087914,0.0058781416,0.003743402,0.006344132,0.0035251465,0.0039367233,0.005225616,0.0085701,0.008644153,0.006318669,0.008667135,0.025680047,0.03710517,0.06706139,0.018627232,0.041935258,0.0072644455,0.023413174,0.03508853,0.027634455,0.064627424,0.022137575,0.013405751,0.011379682,0.009253043,0.010042826,0.003861109,0.008453868,0.0056843623,0.0074005583,0.0049421317,0.00453712,0.00684172,0.0039412584
0.0045351842,0.004913489,0.0029283757,0.0027009514,0.002180107,0.004479896,0.002071219,0.0015438616,0.0018608253,0.0070570125,0.001312202,0.0016990675,0.0022281436,0.0027859414,0.0030743128,0.002754202,0.0035604972,0.0026006498,0.0028379802,0.013552328,0.005529645,0.005077772,0.004255017,0.0044929846,0.0022971183,0.0038970322,0.008539259,0.007219061,0.0050418726,0.005825328,0.0063685174,0.012103566,0.0068514016,0.007615684,0.030976806,0.013887429,0.028941628,0.06730096,0.05908055,0.08484461,0.023413174,0.0008433455,0.017116986,0.01401564,0.1647165,0.03309211,0.08274782,0.004870282,0.0061532552,0.006145162,0.0033218611,0.0032034137,0.012456414,0.008128002,0.0049302126,0.0034839853,0.002709934,0.00564845
0.003555959,0.0024193134,0.006251557,0.004757046,0.0028669883,0.0027724653,0.0063047414,0.0034405803,0.0032526504,0.004327999,0.00380656,0.004772828,0.0035361196,0.0045115636,0.003059016,0.0055924733,0.007122062,0.006856371,0.0026821843,0.0042971144,0.004391517,0.0049369894,0.0029667867,0.0037059728,0.0049827946,0.006591545,0.0037324151,0.003430103,0.0055793324,0.0045831804,0.004164828,0.0064655235,0.008077645,0.0077919597,0.011714359,0.02097478,0.028474167,0.01932901,0.033936292,0.021685585,0.03508854,0.017116986,0.006591932,0.008759355,0.049708832,0.023491574,0.014513267,0.008015572,0.005707747,0.0069863135,0.005636144,0.0059053837,0.0023441627,0.004111444,0.006078453,0.0062573296,0.0036522208,0.011157089
0.0027645074,0.002440269,0.0033748283,0.0040627085,0.0030314096,0.0027336848,0.00686928,0.0034841509,0.0026611444,0.0032480466,0.0027107126,0.0065389173,0.0032772182,0.005289489,0.0031933463,0.003920244,0.006092337,0.010014592,0.0028517558,0.004026396,0.0046439855,0.008043624,0.0028660737,0.0030711025,0.0041503627,0.006582818,0.0031746712,0.003517241,0.0056263045,0.005195568,0.0036450827,0.006891191,0.012737308,0.005380562,0.0075099804,0.014731791,0.02449837,0.015722455,0.030188713,0.020486455,0.02763446,0.01401564,0.008759355,0.007998881,0.029169215,0.022748912,0.009528361,0.027205778,0.013658313,0.008268512,0.004563847,0.010265565,0.0036836471,0.007233637,0.004335971,0.0071461136,0.0059069847,0.010448941
0.0034247276,0.003398138,0.0047461772,0.0053644665,0.0025928249,0.002460583,0.0051262234,0.0024172212,0.0019304208,0.003493717,0.003845984,0.005155351,0.0022858982,0.0030955502,0.0026583867,0.003726432,0.005660885,0.005606771,0.0023169485,0.0035284443,0.0040130825,0.0046899063,0.0030449892,0.0025970964,0.0024284464,0.004461968,0.003468252,0.001959549,0.0067327814,0.005179642,0.0030829578,0.005916308,0.008970185,0.0048261913,0.0042705047,0.017287754,0.025324024,0.042588405,0.027147003,0.019330058,0.064627424,0.16471653,0.049708832,0.029169215,0.0067475135,0.048548773,0.01793049,0.012907265,0.007555125,0.007105751,0.0039706477,0.009384422,0.004484321,0.0089316,0.0047363196,0.0037169803,0.004593757,0.010178417
0.0027616667,0.0031659552,0.0029634319,0.0036821126,0.0030878684,0.0034080497,0.0050971652,0.0028191213,0.002815929,0.0022390021,0.0024364695,0.004838785,0.0031981012,0.0025255794,0.0023892543,0.0025166746,0.0039309985,0.0052159005,0.0022678443,0.0029639136,0.004823723,0.0064351354,0.0036138166,0.0045858463,0.005531355,0.0059427363,0.003465768,0.004471913,0.009246056,0.005314534,0.0044107917,0.007899631,0.0089385,0.004908789,0.007371381,0.014163248,0.012212309,0.0136628235,0.023602173,0.013869622,0.022137575,0.03309211,0.023491574,0.022748908,0.048548758,0.0033790183,0.017662276,0.012601609,0.01906026,0.011753342,0.006964185,0.010620031,0.0040444396,0.01187217,0.008074069,0.0066608996,0.009337933,0.015190968
0.036707755,0.0027589826,0.014655377,0.0042305146,0.00422552,0.0032054333,0.0029727083,0.002857504,0.0030413058,0.0023185208,0.0016108418,0.0023960012,0.0022314782,0.0028320826,0.0028844774,0.0023128917,0.0023604466,0.002389077,0.0027088183,0.0023842168,0.0028653543,0.0034946282,0.0037280647,0.0060560578,0.0045226896,0.005959478,0.00329042,0.0068506747,0.003961365,0.007837428,0.006240668,0.007016236,0.006119761,0.0059384676,0.015854295,0.008069243,0.016459418,0.041506488,0.026250072,0.015675351,0.013405751,0.08274782,0.014513267,0.009528361,0.01793049,0.017662266,0.00042080999,0.0048934747,0.015050474,0.016910719,0.07593443,0.005980863,0.009673309,0.012518739,0.010323407,0.005723168,0.010695059,0.009490741
0.0035318143,0.002001178,0.0034471916,0.006692803,0.0028199726,0.002911136,0.006772355,0.0040812027,0.0022600258,0.0027358527,0.0029899832,0.005507589,0.004939834,0.005065198,0.004179848,0.005081454,0.0073817577,0.008800833,0.0026631192,0.004072079,0.0040288884,0.006580314,0.0030826838,0.0025659488,0.004389912,0.0075229923,0.0028053175,0.0032488515,0.008113918,0.004265254,0.0024511255,0.0036732906,0.009823129,0.003042914,0.0027112952,0.0066223126,0.0067776907,0.0036798252,0.0046982765,0.008038779,0.011379688,0.0048702843,0.008015572,0.027205778,0.012907265,0.012601609,0.0048934747,0.012355916,0.09267361,0.035535112,0.025980407,0.07693906,0.0100701125,0.016867617,0.014091224,0.01649195,0.008231985,0.01800614
0.0026988226,0.002493381,0.0036919108,0.0040907227,0.0034321863,0.0035657266,0.004864868,0.002311404,0.0016083394,0.0024316136,0.0017486796,0.004719798,0.0022447961,0.0020466412,0.00335852,0.0041047195,0.0042794724,0.0048456946,0.0026735475,0.004746387,0.0041625937,0.009233671,0.003937385,0.0041505517,0.0054897326,0.010526776,0.0042548273,0.003892803,0.009172919,0.0062516425,0.0042192703,0.009262756,0.015665237,0.008736249,0.006428316,0.007686411,0.011785104,0.010015438,0.012902728,0.009925555,0.009253043,0.0061532552,0.005707747,0.013658313,0.007555128,0.01906026,0.015050474,0.092673585,0.0030075412,0.01980016,0.0113452235,0.025558313,0.02118942,0.019346556,0.016003687,0.0065685636,0.007743609,0.012837295
0.0030918224,0.003451407,0.004924279,0.003785668,0.0031372015,0.0030578198,0.0066673397,0.0029168923,0.0026541422,0.002229608,0.0016540926,0.004610649,0.002251442,0.002227316,0.0025665371,0.0021299091,0.0035847623,0.005871564,0.0025756462,0.0032983897,0.0041742744,0.008423036,0.0025669571,0.0045058317,0.0052176723,0.009185983,0.0040751584,0.006697928,0.012086076,0.011813327,0.0053117336,0.011185882,0.012785305,0.011272141,0.005884529,0.0074827555,0.01042658,0.011818883,0.012107438,0.0037021823,0.010042826,0.006145162,0.0069863135,0.008268512,0.007105751,0.011753342,0.016910719,0.035535112,0.01980016,0.011967439,0.01301546,0.014370674,0.024605464,0.12211021,0.016953556,0.0061940146,0.0038149417,0.005317832
0.005159119,0.0048122797,0.009741954,0.011015259,0.017408228,0.004117773,0.006561116,0.0032810066,0.0032663487,0.0037968936,0.0020537397,0.0036942635,0.0023260743,0.002411317,0.0039202515,0.0030898727,0.003429107,0.0039545246,0.002395976,0.0028686326,0.0032726915,0.005649964,0.0027147632,0.003199731,0.0028392258,0.006305876,0.0027724153,0.0027573092,0.010292322,0.0043759686,0.0034485415,0.0049230666,0.0055513987,0.0027943938,0.0038077142,0.008113426,0.0042651123,0.0053514503,0.0040592235,0.006790916,0.003861109,0.0033218611,0.005636144,0.004563845,0.0039706477,0.006964185,0.0759344,0.0259804,0.011345218,0.01301546,0.017457943,0.02566509,0.017017983,0.20866644,0.21913765,0.035029635,0.0058641206,0.01916903
0.0031924604,0.002352699,0.0054216003,0.0064573195,0.0039994135,0.0040687714,0.009111368,0.0037848302,0.0029138832,0.0027562196,0.008466717,0.0047081737,0.0040015248,0.0040388578,0.002843445,0.0034367465,0.0039836965,0.009307691,0.0023412537,0.0031399226,0.0046949014,0.008154694,0.0025540723,0.0031324183,0.007458451,0.006566383,0.003695854,0.0025225482,0.009003633,0.0057197153,0.0039385934,0.0049328264,0.009981921,0.0026592517,0.0033956196,0.003585779,0.012275744,0.002325956,0.004863998,0.0047756643,0.008453868,0.0032034137,0.0059053837,0.010265559,0.009384422,0.010620031,0.005980863,0.07693906,0.025558306,0.014370674,0.02566509,0.010356964,0.026283544,0.0056475666,0.045456685,0.05163679,0.012898537,0.03249953
0.0077992254,0.0021656477,0.0020946278,0.017654186,0.0018893318,0.0021430147,0.0035122507,0.0033211096,0.0025582581,0.005533632,0.0031958125,0.002600182,0.0021927955,0.0019369933,0.0016817499,0.0036149411,0.0034383144,0.003800479,0.0031639691,0.0018705325,0.0042028124,0.007822936,0.0046044267,0.0026277134,0.00646285,0.0051354947,0.0053778933,0.011189337,0.014923093,0.009210898,0.0034146348,0.0086740535,0.027111316,0.01381043,0.003996258,0.008355363,0.016556803,0.0053912825,0.0037909823,0.010204695,0.0056843623,0.012456421,0.0023441627,0.0036836471,0.004484321,0.0040444396,0.009673309,0.0100701125,0.02118942,0.024605464,0.017017983,0.02628355,0.0019344534,0.05018374,0.041466676,0.06286542,0.07174662,0.013984835
0.0048088874,0.003258969,0.0037162832,0.0058014593,0.0027319111,0.0034742302,0.005414274,0.0027432053,0.0033183992,0.0025639187,0.0020093906,0.004030988,0.0026137189,0.0026322699,0.002637292,0.002293683,0.0029426964,0.00541971,0.0043051136,0.0029301166,0.00651866,0.00625198,0.0027689068,0.0036558253,0.0041118874,0.005880132,0.0038910913,0.006001857,0.009340986,0.004714291,0.0065015866,0.0054780017,0.0077851648,0.007338472,0.0037772448,0.004473985,0.0077619567,0.008631671,0.004208496,0.003963437,0.0074005583,0.008128002,0.0041114422,0.007233637,0.0089316,0.01187217,0.012518739,0.016867617,0.019346556,0.12211021,0.2086664,0.0056475666,0.050183717,0.007616429,0.03340555,0.009002251,0.021569466,0.017791344
0.0048837806,0.008223651,0.0049786167,0.010786679,0.0039229295,0.0045671156,0.0054785935,0.0035798638,0.0022649027,0.005681127,0.0023086052,0.0031742787,0.0025710526,0.0020725015,0.0025479926,0.004285458,0.0036873918,0.004304241,0.0026508449,0.0026899942,0.004625543,0.0063806735,0.0045831786,0.0034389058,0.004784731,0.004806027,0.002273666,0.004388322,0.011271928,0.0055545927,0.0036247321,0.01321067,0.00880035,0.0030840924,0.0030639644,0.0064059817,0.007829797,0.003953696,0.0050218333,0.0054061795,0.0049421317,0.0049302126,0.006078453,0.004335971,0.0047363196,0.008074069,0.010323407,0.014091224,0.016003687,0.016953556,0.21913765,0.045456685,0.04146667,0.033405542,0.005228645,0.04464737,0.013864306,0.019175017
0.005165089,0.0033294996,0.0091922255,0.007909562,0.0040420815,0.0028732861,0.008306629,0.0045907423,0.0039048172,0.004829525,0.005530796,0.007336299,0.0032842378,0.0061557274,0.0039835414,0.0054113325,0.010218975,0.010299932,0.0020667296,0.004874645,0.004143185,0.008033579,0.0039806496,0.004907275,0.005297154,0.014345604,0.0040892134,0.0022452017,0.009105188,0.0060599684,0.0022527333,0.0038055729,0.008349534,0.0028263396,0.0029220644,0.005479519,0.0053779194,0.003666949,0.0035013033,0.0052334866,0.00453712,0.0034839853,0.0062573296,0.0071461136,0.0037169803,0.0066608996,0.005723168,0.01649194,0.0065685636,0.0061940146,0.035029642,0.05163679,0.06286541,0.009002251,0.04464737,0.016722249,0.012413055,0.01868557
0.0039883214,0.0028313987,0.010016118,0.0069741635,0.0028013359,0.0043607815,0.005801259,0.0050959103,0.007513365,0.004827279,0.007182358,0.003119927,0.0021931692,0.0025524197,0.0022064082,0.0021612006,0.0033133517,0.0047539026,0.010129509,0.005013649,0.0057048574,0.006638238,0.008821192,0.004555995,0.008476906,0.010298357,0.005549759,0.0032339967,0.012679638,0.01617878,0.017887289,0.009477822,0.025761515,0.014385182,0.006753531,0.0068554976,0.011660778,0.008668271,0.0067355335,0.003117967,0.00684172,0.002709934,0.0036522208,0.0059069847,0.0045937547,0.009337933,0.010695059,0.008231985,0.007743609,0.0038149417,0.0058641206,0.012898544,0.07174662,0.021569464,0.013864306,0.01241306,0.0009711591,0.005454389
0.004713951,0.0029463812,0.0059003695,0.015349427,0.003272956,0.0022307998,0.008551212,0.0060816454,0.0050872504,0.0040130843,0.0071532154,0.007986453,0.0071194125,0.007454879,0.0046452926,0.007389305,0.008482989,0.0077363392,0.004758053,0.0052180085,0.0043439222,0.0061351056,0.0042225835,0.0024602753,0.0052740346,0.0066549615,0.0033995109,0.003144798,0.007705612,0.003605773,0.0021656796,0.0040858164,0.008618191,0.002314613,0.003973066,0.0084858695,0.0036012253,0.003045454,0.0050829104,0.00399397,0.0039412566,0.00564845,0.011157083,0.010448941,0.010178417,0.015190968,0.009490741,0.018006135,0.01283729,0.005317832,0.01916903,0.032499522,0.013984822,0.017791336,0.019175017,0.018685564,0.005454389,0.008295453
