0,1,2,3,4,5,6,7,8,9,10,11,12,13,14,15,16,17,18,19,20,21,22,23,24,25,26,27,28,29,30,31,32,33,34,35,36,37,38,39,40,41,42,43,44,45,46,47,48,49,50,51,52,53,54,55,56,57,58,59,60,61
0.006443296,0.015527253,0.049189143,0.021372389,0.0386724,0.020972019,0.01820504,0.01414047,0.014000012,0.023130266,0.012914879,0.009415822,0.010211339,0.007383704,0.008570533,0.0057590697,0.004661579,0.0036027743,0.003934964,0.0048843855,0.006041291,0.0036195607,0.0052684587,0.00636681,0.0062572677,0.004497436,0.004684512,0.0058559505,0.0041975155,0.006433581,0.004459374,0.0039934176,0.004508412,0.0041440763,0.0033587723,0.0033159794,0.003976411,0.0035944714,0.0028120738,0.0032786233,0.0028917745,0.0028517449,0.0022567636,0.0029230842,0.0033962005,0.0033599187,0.0036272476,0.002640991,0.003858185,0.004335372,0.005240221,0.008771108,0.0064111226,0.0086509595,0.0105637675,0.009631605,0.0062201726,0.006594974,0.009004794,0.011175744,0.012453577,0.011907149
0.015527253,0.02099419,0.015189007,0.02568562,0.026653334,0.043758977,0.0107659595,0.0423067,0.018020026,0.017922934,0.013039941,0.010981074,0.0098900115,0.007178367,0.0048238467,0.006584003,0.003915179,0.0037660096,0.0035862187,0.003858487,0.003496296,0.00291851,0.0049961694,0.0035147201,0.0046773963,0.0038962176,0.0057375487,0.004481057,0.0035507623,0.0070490716,0.004688529,0.003211767,0.0039714794,0.004505212,0.0030964878,0.0032684621,0.0034863553,0.0041330983,0.003148147,0.0029825382,0.003547567,0.0022434485,0.0019207837,0.0043049725,0.003439694,0.004345801,0.0029350214,0.0037540565,0.0044414503,0.005282331,0.0042033233,0.005844489,0.010485628,0.008682599,0.008367617,0.009922829,0.010679157,0.012553985,0.007255929,0.011272433,0.017463623,0.011938543
0.04918913,0.015189007,0.017077392,0.006136972,0.065450594,0.038696464,0.032305673,0.031902403,0.03872776,0.027649544,0.013922599,0.015585709,0.012328642,0.010377647,0.006333788,0.006403233,0.0040176404,0.0031944988,0.003946983,0.003210541,0.0037997153,0.0028772766,0.0049863607,0.004057524,0.004017285,0.0041651265,0.0040039313,0.0040743207,0.0031596243,0.0049904864,0.003419597,0.0029088461,0.00426743,0.004883642,0.0027213981,0.0027379312,0.0029097535,0.002927862,0.0021239158,0.0032257943,0.0030037162,0.002652169,0.0022751095,0.002335827,0.0027755888,0.0023801946,0.003178485,0.0068477327,0.006804134,0.0045278645,0.005149744,0.005636983,0.008310412,0.006291554,0.0079121785,0.009445502,0.017371163,0.0076284814,0.007322917,0.008634409,0.010889382,0.016549194
0.021372389,0.02568562,0.006136972,0.006262717,0.03626364,0.056238025,0.03170732,0.027111655,0.035445582,0.043899726,0.026945643,0.026991913,0.018236691,0.013013543,0.010898498,0.006888026,0.0051189717,0.003992261,0.004231264,0.005268563,0.0033328275,0.0030808598,0.0038092753,0.003573812,0.0036645948,0.0032900698,0.004410794,0.0034614932,0.0027249516,0.0065433956,0.0034708325,0.0034211674,0.004919711,0.004411745,0.00337453,0.0031186624,0.003861287,0.0047961664,0.0030662653,0.0029872013,0.003131604,0.0024938318,0.0019081334,0.0034765105,0.0036731667,0.0030287248,0.0031073727,0.0044877133,0.005151208,0.0049680453,0.0046307268,0.0048483075,0.005973259,0.0057113664,0.0067775017,0.0069824383,0.006778548,0.0064858296,0.0070742574,0.007149582,0.009108285,0.01039263
0.038672414,0.026653334,0.065450594,0.03626364,0.0072169425,0.0021914553,0.033896245,0.035856258,0.0443543,0.07943272,0.019742653,0.032879964,0.022886235,0.013311701,0.008104552,0.00666607,0.0051430305,0.0042294,0.0056729415,0.0037216803,0.003997876,0.0041515925,0.005633317,0.0040920535,0.0034082136,0.0063387444,0.004034524,0.004322034,0.0025302905,0.0037629425,0.0041683298,0.0030824903,0.0038799848,0.0038162137,0.0026410548,0.0028412812,0.0027605824,0.0027923312,0.0029464748,0.0029283492,0.0038032709,0.0028045226,0.0020530743,0.0034461152,0.002120735,0.0030414679,0.0030902503,0.0037974506,0.004091204,0.0043183933,0.008825534,0.005985355,0.006164912,0.006310064,0.006131492,0.006641075,0.0055299858,0.006187457,0.0060393414,0.0072817937,0.00678298,0.011354287
0.020972013,0.04375899,0.038696464,0.056238025,0.0021914553,0.002693649,0.04007559,0.033026103,0.15133357,0.14472325,0.068200454,0.029195907,0.037159007,0.019828591,0.017551852,0.008223118,0.004683085,0.0027389717,0.0029381558,0.0066640335,0.0050998447,0.0035792869,0.0048451545,0.0041298317,0.0039279135,0.003682032,0.004187291,0.0042952746,0.0027323281,0.0040400377,0.0033574877,0.0030261483,0.0048077675,0.0038532577,0.002802891,0.0030292273,0.0029890297,0.0024128936,0.0023092346,0.0022830942,0.00231226,0.0017995173,0.0024068535,0.0024603093,0.0020691492,0.0024146275,0.003469556,0.004640117,0.004593931,0.0038439864,0.0040891063,0.00411798,0.006217226,0.0049092174,0.0057710106,0.007375297,0.0072724656,0.0056643705,0.006179932,0.0067594894,0.005253466,0.010110234
0.018205035,0.0107659595,0.032305673,0.03170732,0.033896245,0.040075596,0.010373134,0.13338289,0.19767773,0.12700398,0.06743613,0.12613577,0.042809475,0.02984256,0.016413914,0.0059997784,0.00393966,0.004715987,0.0029064007,0.0036400764,0.003891777,0.002553514,0.004429896,0.0042224173,0.002986866,0.0029292083,0.0042438274,0.0035164556,0.0026234328,0.0052187964,0.0022904836,0.002502663,0.004092487,0.0034360033,0.0024653876,0.002260673,0.0027179683,0.0020600576,0.0020724996,0.0019138568,0.001538569,0.0019155672,0.0014648826,0.0022559157,0.0029203754,0.002156174,0.002744788,0.0026989344,0.0038949708,0.0044375765,0.0047529754,0.005129863,0.0044632815,0.0042257044,0.008593399,0.006856384,0.0061424132,0.0050775837,0.0048097824,0.005894747,0.005191074,0.010120131
0.014140463,0.042306688,0.031902403,0.027111655,0.03585625,0.033026103,0.13338286,0.002953715,0.03558767,0.020120561,0.38072997,0.23430997,0.059999872,0.03428397,0.019747948,0.006425143,0.009861513,0.0048773936,0.003869202,0.012747979,0.0045889337,0.0030076527,0.002963102,0.0041338443,0.0053335303,0.0053232317,0.0029737062,0.007342232,0.002849259,0.0029190152,0.004447968,0.0021534713,0.00420406,0.0035793672,0.00291491,0.0022137382,0.0028825745,0.001924834,0.0025640542,0.0015910373,0.002851787,0.0018073304,0.0015172471,0.0017071919,0.0020615757,0.0021311357,0.0025017646,0.0019808984,0.003479998,0.003049138,0.0065767737,0.0033658782,0.0046902713,0.00252311,0.00439006,0.006484662,0.0050148717,0.0051380727,0.004360498,0.0038119764,0.003923528,0.007243681
0.014000012,0.018020026,0.03872776,0.03544558,0.0443543,0.15133357,0.19767773,0.03558767,0.00087142,0.01477661,0.06485078,0.08370207,0.025240032,0.05392833,0.013618433,0.009667153,0.0042679342,0.006933859,0.0029003473,0.004769834,0.004686124,0.0028375792,0.0025211112,0.0058299643,0.005680803,0.0032444734,0.0031186931,0.0046221633,0.0032776338,0.0064659216,0.006277807,0.0033644517,0.0052372194,0.0036652666,0.0032143064,0.0036994466,0.0023610406,0.0035548983,0.0025787065,0.0016931228,0.0028904423,0.0025831095,0.001613069,0.002122541,0.002565125,0.0032267757,0.0033295946,0.002430486,0.0027240831,0.0054010767,0.0036125532,0.00335132,0.0047845407,0.003488589,0.00449288,0.0062679094,0.004260117,0.0069802324,0.0047689583,0.0048737708,0.005701183,0.007999524
0.023130266,0.017922934,0.027649539,0.043899726,0.07943272,0.14472325,0.12700398,0.020120561,0.01477661,0.0057278755,0.008031888,0.16496673,0.25402045,0.069103554,0.016403757,0.005762847,0.006250733,0.0039840103,0.0019525626,0.004149393,0.004762124,0.0023991936,0.0015984785,0.0033927292,0.0036002675,0.002560094,0.0020263079,0.0036241382,0.0036769467,0.0046374463,0.0041283965,0.0034009847,0.004102833,0.00228294,0.0023920268,0.0034805057,0.0019929535,0.0018957747,0.0028186843,0.0019140162,0.001974695,0.0021720952,0.0019451282,0.0018416457,0.00307367,0.0018425969,0.0031414127,0.0034798211,0.0035301952,0.0039387676,0.00508545,0.010870878,0.0041785836,0.012445896,0.0048551196,0.0063216356,0.00553705,0.0050703385,0.0045205904,0.0058402983,0.008212132,0.009054656
0.012914879,0.013039941,0.013922599,0.026945645,0.019742653,0.06820047,0.067436114,0.38072997,0.06485079,0.008031888,0.0019957249,0.08911534,0.1216,0.039538044,0.0133864805,0.013027159,0.008709955,0.0031284455,0.0034698131,0.0077703902,0.0050578355,0.0039568353,0.0041611632,0.0053241183,0.0036339504,0.002992008,0.003480261,0.0038708067,0.006284355,0.0041634873,0.0041047237,0.004196206,0.0071562603,0.0042401752,0.0039787972,0.005312235,0.0025969937,0.0040392843,0.0025610668,0.0028721115,0.0024333806,0.003036901,0.0022904354,0.0018579334,0.0022843676,0.0018299337,0.002346097,0.0028493472,0.0028373552,0.003473233,0.0043090438,0.003799264,0.004916544,0.0031354453,0.0027774044,0.0044997404,0.0038450635,0.0058085043,0.0059417053,0.0038183697,0.004292076,0.00549036
0.009415817,0.010981074,0.015585709,0.026991913,0.032879964,0.029195907,0.12613577,0.23430997,0.08370203,0.16496673,0.08911534,0.0009004561,0.030204603,0.044362314,0.07236883,0.0034453084,0.009506429,0.0032452648,0.0021857396,0.009175122,0.011487061,0.003812108,0.0031656676,0.0059317695,0.0048488965,0.0032650898,0.0017066661,0.004081048,0.005722341,0.0062261675,0.0040865694,0.0052102325,0.0040133265,0.0045502177,0.0032863517,0.0028814343,0.002904617,0.0021021261,0.0029931047,0.0025555927,0.0021607988,0.002274942,0.0023904582,0.0023906515,0.0023535183,0.0018633868,0.003890947,0.0029666258,0.002943007,0.0027541628,0.003092231,0.0034487252,0.0031829118,0.005714389,0.004045131,0.005575778,0.0045178705,0.0039272136,0.0040412736,0.0051661767,0.0042607184,0.0048412173
0.010211339,0.0098900115,0.012328642,0.018236691,0.022886235,0.037159007,0.042809475,0.059999872,0.02524004,0.25402045,0.1216,0.030204596,0.007867541,0.017872209,0.013325191,0.012329107,0.008016315,0.005396184,0.0025356624,0.008379446,0.019072475,0.0039687,0.0017100842,0.0064539216,0.0051672063,0.0032941017,0.0028347299,0.006752251,0.004779049,0.001958213,0.007197334,0.0066951434,0.007889868,0.004413383,0.004430092,0.0068207914,0.003280949,0.0038609784,0.0059460164,0.0031128945,0.0016735045,0.0018587267,0.0021944249,0.0021202194,0.0022141868,0.0024848129,0.0022626927,0.0024367522,0.001876115,0.0029653525,0.0031738505,0.003914883,0.0030825124,0.0034599479,0.0036453998,0.004047372,0.004617352,0.0051851114,0.005617689,0.0042662853,0.0046434016,0.008321218
0.007383704,0.007178367,0.010377647,0.013013536,0.013311701,0.019828595,0.02984256,0.03428397,0.05392833,0.069103554,0.039538037,0.044362314,0.017872209,0.0006680883,0.016329953,0.017520774,0.044256356,0.0047003347,0.004744096,0.2125895,0.04923803,0.0041154698,0.003149952,0.029313684,0.010396444,0.0029118392,0.00414699,0.008283023,0.01232859,0.0036229005,0.006684373,0.006313494,0.005563049,0.0044950135,0.008516991,0.0068405336,0.003626369,0.003204938,0.0038025195,0.0020264313,0.0019697975,0.0017850668,0.002346347,0.0018303231,0.0023088194,0.0028477018,0.002686181,0.002063842,0.0021168594,0.0019954646,0.0024087983,0.00251262,0.002810876,0.0021423276,0.0034768707,0.002704702,0.0028301172,0.0034088695,0.0038480305,0.0033288242,0.0042750835,0.004455322
0.008570533,0.0048238467,0.006333788,0.010898493,0.008104552,0.017551852,0.016413914,0.019747948,0.013618433,0.016403757,0.0133864805,0.072368816,0.013325184,0.016329953,0.00043644858,0.0043354705,0.042694632,0.007595719,0.0057767346,0.15526819,0.20907567,0.0051506753,0.0033312158,0.013019257,0.011533655,0.0054453663,0.00396423,0.011137893,0.012461319,0.0046951775,0.007961905,0.008276496,0.008195642,0.007308307,0.0048498516,0.0084727155,0.0032528143,0.0036149174,0.0035124961,0.0020016436,0.0017090116,0.0017478083,0.0022909215,0.002765634,0.0039033436,0.0027002501,0.0027411256,0.0019529616,0.0040214965,0.0027435774,0.0029918943,0.0061405418,0.003238973,0.0040429956,0.0036821668,0.006158389,0.0027478742,0.003356795,0.0035017675,0.003358734,0.009030063,0.0038096465
0.0057590697,0.0065840054,0.006403233,0.006888026,0.00666607,0.008223118,0.0059997784,0.006425143,0.009667153,0.005762847,0.013027159,0.0034453084,0.012329107,0.017520783,0.0043354705,0.0024679748,0.03273995,0.087766334,0.015385815,0.9672469,0.38427007,0.02128289,0.022910913,0.6678121,0.017707737,0.0056306627,0.0071789003,0.05605494,0.012725786,0.0019189672,0.028772485,0.008299836,0.0033364375,0.0029444052,0.006025589,0.0043312283,0.0028923273,0.002724954,0.0021309836,0.0027155161,0.0024292911,0.001214243,0.0024577056,0.002097105,0.002210806,0.0018001717,0.0018199761,0.0015998855,0.0011461803,0.0014341433,0.0014461742,0.001621022,0.0016214643,0.0015991438,0.0014466997,0.0026458206,0.0023020566,0.002272202,0.0029755726,0.0023911349,0.0026613504,0.004137682
0.004661579,0.003915179,0.0040176404,0.0051189717,0.0051430305,0.004683085,0.00393966,0.009861513,0.0042679342,0.006250733,0.008709951,0.009506425,0.008016315,0.044256356,0.042694632,0.03273994,0.0003483275,0.03385543,0.25683573,0.7383709,0.09632446,0.037691075,0.016568763,0.21977666,0.019721197,0.009931453,0.013855775,0.010051382,0.0063623795,0.0023724255,0.010656325,0.008643781,0.0038822095,0.0023880363,0.005400316,0.005643041,0.0034158486,0.0036896074,0.006076266,0.0034494593,0.0016647539,0.0026131233,0.0062531205,0.0036175034,0.0024322695,0.0028969706,0.003236714,0.003528037,0.002337152,0.0021403255,0.0022599914,0.0021601215,0.0014113098,0.0015775281,0.00213043,0.0019819501,0.0020417704,0.0026842616,0.003220134,0.0024909724,0.0024200582,0.002869982
0.0036027743,0.0037660112,0.0031944988,0.003992261,0.0042294,0.0027389717,0.004715987,0.0048773936,0.006933863,0.0039840103,0.0031284455,0.0032452648,0.005396184,0.0047003347,0.007595719,0.08776635,0.03385543,0.0008389441,0.008777056,0.07813739,0.86090964,0.8161422,0.02207468,0.09152914,0.23074365,0.014996192,0.015140737,0.051370647,0.014796372,0.0032445106,0.00825606,0.0069532352,0.0019500126,0.0047386577,0.010666133,0.012400515,0.0039925114,0.005254117,0.009841015,0.0071269935,0.0029578267,0.0027285859,0.0027551148,0.0046744356,0.0026769484,0.003356789,0.0023331617,0.0025069343,0.0015524398,0.0018175271,0.0022393067,0.0013959258,0.0011395345,0.0012089458,0.0015227593,0.002040036,0.002019356,0.002007949,0.0026406706,0.0024235754,0.0020983727,0.0024117897
0.003934964,0.003586217,0.003946983,0.004231264,0.0056729415,0.0029381558,0.0029064007,0.0038692032,0.0029003473,0.0019525626,0.0034698131,0.0021857384,0.0025356624,0.004744094,0.0057767346,0.015385815,0.25683564,0.00877706,0.00021423126,0.028729344,0.036764957,0.8799534,0.19775501,0.13946714,0.11404063,0.5429139,0.022454092,0.026278704,0.017327566,0.014375234,0.02965953,0.007361134,0.0028979063,0.0029197896,0.009804983,0.009343669,0.010782324,0.0055983365,0.004546759,0.0032579405,0.007286948,0.003593534,0.0034652886,0.0054529943,0.002617249,0.0029097812,0.0027126467,0.001680108,0.001470927,0.0014956688,0.0018779588,0.001578425,0.0011186161,0.0011899644,0.0013798684,0.0022726732,0.0018515007,0.0023635118,0.0024852278,0.0026103077,0.0025245058,0.0030807764
0.0048843855,0.003858487,0.0032105397,0.005268563,0.0037216803,0.0066640335,0.0036400747,0.012747979,0.004769834,0.004149393,0.0077703902,0.009175122,0.008379446,0.2125895,0.15526819,0.9672469,0.738371,0.078137375,0.028729344,0.0002443022,0.017393894,0.013383332,0.59438056,0.5446377,0.0264737,0.01256986,0.048335675,0.02567785,0.007700094,0.007940893,0.0038205725,0.0020672923,0.0015378094,0.0016712626,0.0017482352,0.0020380924,0.003241172,0.0030536721,0.002536246,0.0026966468,0.0033005925,0.0014714418,0.0023263323,0.0022166027,0.0021919298,0.0013790834,0.0022115367,0.00093607634,0.0011091327,0.0011365511,0.0009171452,0.0011516705,0.0011639389,0.001419862,0.0017806785,0.0017202499,0.00239609,0.0019450363,0.0030229778,0.0024970532,0.0023079056,0.0032101627
0.006041291,0.003496296,0.0037997153,0.0033328275,0.003997876,0.0050998423,0.003891777,0.0045889337,0.004686124,0.004762124,0.0050578355,0.0114870565,0.01907248,0.04923802,0.20907567,0.38427007,0.09632445,0.86090964,0.036764957,0.017393894,0.0006985938,0.013046099,0.04132365,0.12891068,0.53167886,0.015023114,0.02237745,0.07848849,0.012652327,0.009791496,0.0089061875,0.0027513718,0.0013910069,0.00371801,0.0022750176,0.0033109826,0.0051148525,0.0034043833,0.00526551,0.002335276,0.001671491,0.0011665318,0.0048683183,0.002587221,0.0016555262,0.0013622494,0.0013747285,0.0014548744,0.0010104593,0.0013795274,0.0013770295,0.0013451749,0.0010964433,0.0010422743,0.0015165753,0.0018011471,0.0017482784,0.0020468263,0.0036038684,0.002473363,0.0032304986,0.004055297
0.0036195607,0.00291851,0.0028772766,0.0030808598,0.0041515925,0.0035792855,0.002553514,0.0030076527,0.0028375792,0.0023991936,0.0039568334,0.003812108,0.0039687,0.0041154698,0.0051506753,0.02128289,0.037691064,0.8161422,0.8799534,0.013383332,0.013046099,0.0019678504,0.027672945,0.014830228,0.033412565,0.6043976,0.039987005,0.022883404,0.028518973,0.01583034,0.03658474,0.004917538,3.8345952e-05,0.014451336,0.0053091925,0.007161575,0.052418113,0.0128724035,0.0064621884,0.0062029497,0.010013041,0.017876629,0.003143553,0.0024483593,0.0022870798,0.0022576088,0.0034771499,0.001931027,0.0011507219,0.0014068626,0.0011383492,0.0010935309,0.0011924652,0.001436995,0.002042654,0.0019728409,0.0016724125,0.002375461,0.0034739329,0.0026027323,0.0022687432,0.00302026
0.005268456,0.0049961694,0.0049863583,0.0038092753,0.005633317,0.0048451545,0.004429896,0.0029631034,0.0025211112,0.0015984785,0.0041611632,0.0031656676,0.0017100842,0.0031499506,0.003331214,0.022910908,0.016568763,0.022074677,0.19775496,0.59438056,0.04132365,0.027672945,0.0011668669,0.009992076,0.019794881,0.106323406,0.37274262,0.020673513,0.016456865,0.029387837,0.024747955,0.005734587,0.0035132992,0.00027985906,0.0070347246,0.010146299,0.0075200773,0.0035069245,0.008714469,0.006524072,0.010955422,0.007811282,0.00907857,0.008456259,0.0039470973,0.004565964,0.0020023908,0.0019008224,0.0024653852,0.0024084868,0.0019685447,0.0017346404,0.001529999,0.0016595197,0.002047937,0.0028187982,0.0027257677,0.0027489916,0.0023449955,0.0024378502,0.003700953,0.0043302844
0.00636681,0.0035147201,0.0040575257,0.003573812,0.0040920535,0.0041298317,0.0042224173,0.0041338443,0.0058299643,0.0033927292,0.0053241183,0.0059317695,0.0064539216,0.029313684,0.013019264,0.6678121,0.2197767,0.09152914,0.13946715,0.5446377,0.12891068,0.014830228,0.009992076,0.00054730213,0.01762491,0.021585057,0.17431931,0.47597498,0.01245252,0.017637968,0.021508206,0.0009845599,0.0057622893,0.0008248,0.0034044855,0.0019315409,0.0040163086,0.0025573424,0.0011311878,0.0038316192,0.0050261,0.004161965,0.0025753998,0.0024564432,0.002535121,0.002916407,0.00415894,0.0012967272,0.0012574657,0.0013041216,0.001239992,0.0010358731,0.0013447073,0.0011676992,0.0014335684,0.0024015629,0.0018664002,0.0019820707,0.0025967355,0.0025569447,0.002775923,0.004072926
0.006257265,0.0046773963,0.004017285,0.0036645948,0.0034082136,0.0039279135,0.0029868644,0.0053335303,0.005680803,0.0036002675,0.0036339504,0.0048488965,0.0051672063,0.010396444,0.011533655,0.017707737,0.019721193,0.23074365,0.114040606,0.0264737,0.53167886,0.033412565,0.019794885,0.01762491,0.00065331225,0.00916026,0.02355612,0.42792767,0.5728777,0.007559144,0.027182689,0.017834134,0.00015972387,0.013638067,0.007369431,0.00042296323,0.0062051904,0.008854031,0.0056189043,0.0022796255,0.005534233,0.0046692626,0.0014943875,0.0030256608,0.002864789,0.0035702123,0.0020680674,0.0014863393,0.0017098971,0.001696991,0.0018977346,0.001943814,0.001487285,0.0013573243,0.0020821642,0.0022498951,0.0028912164,0.0031348164,0.0035011256,0.0026820758,0.0037908414,0.004793183
0.0044974335,0.0038962176,0.0041651265,0.0032900698,0.0063387444,0.0036820336,0.0029292083,0.0053232317,0.0032444734,0.002560094,0.0029920067,0.0032650898,0.0032941017,0.0029118392,0.0054453663,0.0056306627,0.009931447,0.014996192,0.5429139,0.01256986,0.015023114,0.6043976,0.106323406,0.021585051,0.00916026,0.0014459795,0.026893504,0.071969844,0.16935365,0.4395185,0.09268594,0.05231656,0.00013519089,0.0033421603,0.024055574,0.004319597,0.00014925121,0.008499212,0.006715691,0.002375539,0.0054855505,0.008670217,0.00577574,0.0024594236,0.0029145647,0.004717722,0.0031943484,0.002189293,0.0024237125,0.0018855751,0.0021708617,0.0017069303,0.0016441153,0.0018227762,0.0022405258,0.0024213502,0.0029548516,0.002885745,0.0037572535,0.0030601174,0.0033659309,0.004032708
0.004684512,0.0057375487,0.0040039313,0.004410794,0.004034524,0.004187291,0.0042438274,0.0029737076,0.0031186931,0.0020263088,0.003480261,0.0017066661,0.0028347299,0.00414699,0.00396423,0.0071789003,0.013855775,0.01514073,0.022454092,0.048335675,0.02237745,0.03998702,0.37274262,0.17431931,0.02355612,0.026893504,0.00083826086,0.0143748615,0.014780282,0.24757963,0.37044355,0.012025443,0.00963823,8.4459236e-05,0.0066346326,0.0122669935,0.0028803726,0.007302511,0.012097125,0.009098458,0.0007031645,0.0073831943,0.0053244038,0.0052985037,0.0034100423,0.0067001553,0.006066181,0.0033828798,0.002786071,0.0043482347,0.001481673,0.001930182,0.0018051862,0.0022175172,0.0024746517,0.0033423842,0.003155167,0.0035927456,0.0026628862,0.0029633217,0.0032543547,0.0043621273
0.0058559505,0.004481057,0.0040743207,0.0034614932,0.004322034,0.0042952746,0.0035164556,0.007342235,0.0046221633,0.0036241382,0.0038708067,0.00408105,0.006752251,0.008283023,0.011137893,0.056054913,0.010051382,0.051370647,0.026278712,0.02567785,0.07848849,0.022883404,0.02067352,0.4759747,0.42792767,0.071969844,0.0143748615,0.0034055389,0.036126178,0.031078668,0.3507141,0.097402364,0.009604475,0.014879213,5.5907734e-05,2.8871156e-05,0.004515512,0.0018260821,3.3701403e-05,0.00290744,0.007735125,0.0020609167,0.0016018769,0.0031189674,0.0044535543,0.005120801,0.005646442,0.0028446568,0.003012806,0.003909767,0.0019380925,0.002012902,0.0034622042,0.0017288579,0.002236415,0.0027330976,0.0031192314,0.0041292417,0.003933088,0.0032881673,0.0037241138,0.005739276
0.0041975155,0.0035507623,0.0031596243,0.0027249516,0.0025302905,0.0027323281,0.0026234328,0.002849259,0.0032776338,0.0036769488,0.006284352,0.005722341,0.004779049,0.01232859,0.012461319,0.012725786,0.0063623795,0.014796372,0.017327566,0.007700094,0.012652327,0.028518973,0.016456865,0.01245252,0.5728777,0.16935365,0.014780282,0.03612617,0.0006032901,0.015037049,0.02375894,0.31569147,0.007750981,0.022004403,0.06809092,0.0021441642,0.0021871252,0.0045029023,0.0035424398,0.0010996101,0.0057046786,0.0046142545,0.007422971,0.0058617415,0.006525964,0.0066307494,0.006844601,0.0029173335,0.0045488593,0.002435394,0.0020697904,0.0018181086,0.0014814029,0.0017473815,0.0015532086,0.002056704,0.002440411,0.0027936953,0.003724181,0.0029567413,0.003590672,0.0039842525
0.006433581,0.0070490716,0.0049904864,0.0065433956,0.0037629425,0.004040036,0.0052187964,0.0029190152,0.0064659216,0.0046374463,0.004163485,0.0062261675,0.001958213,0.0036228988,0.004695175,0.0019189672,0.0023724255,0.003244509,0.0143752275,0.007940893,0.009791496,0.015830334,0.029387837,0.01763796,0.007559141,0.4395185,0.24757963,0.031078668,0.015037049,0.0018808177,0.018392557,0.023677066,0.12135119,0.028544288,0.054641407,0.004891341,5.798423e-05,0.003569381,0.006859157,0.0037692043,0.0005911007,0.012519275,0.0066104964,0.0029924447,0.006123745,0.005444697,0.010545891,0.0037314564,0.009034198,0.0035534916,0.0039007452,0.0028154668,0.0017545024,0.0028580518,0.0033259874,0.0034888824,0.0038841427,0.0035378288,0.004484204,0.0042004604,0.0043599037,0.0056717633
0.004459374,0.004688529,0.003419597,0.0034708325,0.0041683298,0.0033574877,0.0022904836,0.0044479654,0.006277807,0.0041283965,0.0041047237,0.0040865694,0.007197334,0.006684373,0.007961905,0.028772471,0.010656325,0.008256055,0.02965953,0.0038205725,0.0089061875,0.03658474,0.024747962,0.021508206,0.027182689,0.09268594,0.37044355,0.35071397,0.02375894,0.018392557,0.0012676802,0.021415146,0.033424508,0.025708906,0.02239378,0.014426915,0.009260866,0.0004416706,0.0014991788,0.010947511,0.011181679,5.1992658e-05,0.001655055,0.0040857485,0.0023843313,0.004897686,0.004484743,0.0029240435,0.0024687555,0.0028226932,0.0045811147,0.0018822809,0.0017960918,0.0017911803,0.002687897,0.0026724252,0.0025433504,0.003996697,0.004178397,0.0034021449,0.003558378,0.0049474696
0.0039934176,0.003211768,0.0029088461,0.0034211674,0.0030824903,0.00302615,0.002502663,0.0021534713,0.0033644517,0.0034009863,0.004196206,0.0052102325,0.0066951434,0.006313494,0.008276496,0.008299836,0.0086437855,0.0069532352,0.007361134,0.0020672923,0.0027513718,0.004917538,0.005734587,0.0009845603,0.017834134,0.052316576,0.012025443,0.09740239,0.3156916,0.023677079,0.021415157,0.0020233497,0.011746775,0.030803151,0.12208648,0.019727938,0.008519991,0.008621028,0.02001504,0.0064953244,0.008143066,0.008138693,0.008766603,0.007354754,0.009930847,0.0067275185,0.0055849603,0.004952315,0.004367841,0.0039599226,0.0029131253,0.0025236271,0.0022175806,0.0021031867,0.0024636853,0.0027205984,0.0029389886,0.0032597713,0.0041167797,0.0037984266,0.0032248208,0.004912908
0.00450841,0.0039714794,0.00426743,0.004919711,0.0038799848,0.0048077675,0.004092487,0.004204062,0.0052372194,0.004102833,0.0071562603,0.0040133265,0.007889868,0.005563049,0.008195642,0.0033364375,0.0038822077,0.0019500126,0.0028979063,0.0015378094,0.0013910077,3.8345952e-05,0.0035132992,0.0057622893,0.00015972403,0.00013519089,0.00963823,0.009604475,0.007750981,0.12135122,0.033424508,0.011746775,0.00094907644,0.024838403,0.04722606,0.19988963,0.2667697,0.053585712,0.017058833,0.068716094,0.048408765,0.02733357,0.029398574,0.01255392,0.02024245,0.015614482,0.013121414,0.009720487,0.0040774774,0.009546469,0.0046555297,0.002981679,0.0024602788,0.0029646226,0.004679097,0.00345259,0.003425317,0.004117515,0.004303211,0.004356041,0.0039508427,0.0048470353
0.0041440763,0.004505214,0.004883644,0.004411745,0.0038162137,0.0038532577,0.0034360033,0.0035793686,0.0036652682,0.002282941,0.0042401752,0.0045502177,0.0044133845,0.0044950135,0.007308307,0.0029444052,0.0023880363,0.0047386577,0.0029197908,0.0016712634,0.00371801,0.014451336,0.00027985935,0.0008248,0.013638073,0.0033421603,8.445932e-05,0.014879221,0.022004409,0.028544288,0.02570892,0.030803151,0.024838408,0.00085243623,0.019195123,0.012196941,0.5945315,0.23000136,0.018417796,0.0153089715,0.077530585,0.03753697,0.034252513,0.009748994,0.011225798,0.010136434,0.011734,0.014775812,0.007687713,0.0043046577,0.003990667,0.0038343847,0.0022510523,0.0029897047,0.0026592063,0.0025138264,0.0036923566,0.004650269,0.004018686,0.003615776,0.003884827,0.0045054425
0.0033587723,0.0030964878,0.0027213981,0.00337453,0.0026410548,0.002802891,0.0024653876,0.00291491,0.0032143064,0.0023920268,0.0039787954,0.0032863517,0.004430092,0.008516991,0.004849854,0.0060255863,0.005400316,0.010666133,0.009804983,0.0017482352,0.0022750176,0.0053091925,0.0070347246,0.003404487,0.007369428,0.024055574,0.0066346293,5.5907734e-05,0.0680909,0.054641407,0.022393787,0.12208648,0.04722606,0.019195115,0.0012966063,0.020851893,0.015092681,0.21736276,0.26648495,0.021686783,0.009298396,0.05965119,0.018425422,0.005772893,0.0081441915,0.0064570718,0.008681762,0.0043365452,0.004906423,0.0037594016,0.003364936,0.0028078665,0.0026271471,0.002107698,0.0023929852,0.002308065,0.0030007288,0.0030026627,0.0044553364,0.0038428472,0.0030409878,0.003969831
0.0033159775,0.0032684605,0.0027379312,0.0031186624,0.0028412812,0.0030292273,0.002260673,0.0022137382,0.0036994466,0.0034805057,0.0053122328,0.0028814343,0.0068207914,0.0068405336,0.008472719,0.004331226,0.005643041,0.012400515,0.009343669,0.0020380924,0.0033109842,0.007161575,0.010146299,0.00193154,0.00042296323,0.0043195947,0.0122669935,2.8871156e-05,0.0021441632,0.004891341,0.0144269215,0.019727938,0.19988959,0.012196936,0.020851899,0.0009862651,0.011527302,0.030063612,0.8416426,0.24984917,0.022446902,0.05725337,0.064963676,0.018103937,0.016899506,0.019644113,0.005155234,0.004963517,0.0035964376,0.0063703796,0.005552252,0.002555138,0.004237569,0.003525758,0.0031931722,0.0026848107,0.0039530913,0.004516097,0.0037935546,0.0038648446,0.0031501274,0.0045158896
0.003976411,0.0034863553,0.0029097523,0.003861287,0.0027605824,0.0029890297,0.0027179683,0.0028825745,0.0023610406,0.0019929535,0.0025969937,0.002904617,0.003280949,0.003626369,0.0032528143,0.0028923273,0.0034158486,0.0039925114,0.010782328,0.003241171,0.0051148525,0.052418128,0.0075200773,0.0040163067,0.0062051904,0.00014925121,0.0028803716,0.004515512,0.0021871252,5.798423e-05,0.0092608705,0.008519991,0.2667697,0.5945315,0.015092681,0.011527296,0.00038875855,0.01802323,0.028337441,0.7409228,0.43122637,0.08939396,0.0447066,0.04146632,0.016992206,0.029078921,0.0065700724,0.0079621,0.0061304467,0.005790556,0.003498423,0.0022059523,0.002763724,0.0026316964,0.0030257627,0.0031726283,0.0026336273,0.0038051032,0.0038091363,0.0032672505,0.003892367,0.004077226
0.0035944714,0.0041330983,0.002927862,0.0047961664,0.0027923312,0.0024128936,0.0020600588,0.001924834,0.0035548983,0.0018957747,0.0040392843,0.0021021261,0.0038609784,0.003204938,0.0036149174,0.002724954,0.0036896074,0.005254117,0.0055983365,0.0030536721,0.0034043833,0.0128724035,0.0035069245,0.002557341,0.008854031,0.008499212,0.007302511,0.0018260821,0.0045029023,0.003569381,0.0004416706,0.008621028,0.053585712,0.23000135,0.21736278,0.03006362,0.01802323,0.0006178896,0.016105965,0.028710961,0.24543078,0.7833534,0.03432197,0.0220266,0.016665384,0.018661361,0.00502339,0.005513118,0.0065677296,0.0059512663,0.0036821966,0.002648962,0.0023938685,0.0031964155,0.0029804276,0.0026370774,0.003424972,0.004177111,0.0038765436,0.0044688783,0.003338233,0.004295093
0.0028120738,0.003148147,0.0021239158,0.0030662653,0.0029464748,0.0023092346,0.0020724996,0.0025640542,0.0025787065,0.0028186843,0.0025610668,0.0029931047,0.0059460164,0.0038025195,0.0035124961,0.0021309836,0.006076266,0.009841011,0.004546759,0.002536246,0.00526551,0.0064621884,0.008714469,0.0011311872,0.0056189043,0.006715691,0.012097125,3.3701403e-05,0.0035424398,0.006859157,0.0014991788,0.020015035,0.017058833,0.018417792,0.26648495,0.8416427,0.028337436,0.016105965,0.0007719811,0.021845382,0.017629063,0.30587375,0.4735928,0.01915044,0.017149458,0.041630637,0.005713655,0.007397053,0.0035422528,0.0048971563,0.0043475903,0.0036292297,0.0037783037,0.003913853,0.0021242555,0.002815898,0.004303875,0.003658965,0.005177371,0.0040950105,0.003353721,0.00524072
0.0032786233,0.0029825382,0.0032257943,0.0029872013,0.0029283492,0.002283093,0.0019138568,0.0015910373,0.0016931228,0.0019140162,0.0028721115,0.0025555927,0.0031128945,0.0020264303,0.0020016427,0.0027155147,0.0034494593,0.0071269935,0.0032579405,0.0026966454,0.002335276,0.0062029497,0.006524072,0.0038316192,0.0022796255,0.002375539,0.009098458,0.00290744,0.0010996097,0.0037692043,0.010947511,0.0064953244,0.068716094,0.015308962,0.021686783,0.24984917,0.7409227,0.028710961,0.021845382,0.00058088236,0.010476344,0.028098451,0.3403777,0.085607916,0.019622568,0.063174285,0.021803472,0.0143456375,0.007525367,0.010676654,0.0053346516,0.0040239724,0.0039193705,0.0036640149,0.003076746,0.0033392326,0.0033806553,0.003471439,0.004185109,0.004000084,0.002812265,0.0039710323
0.0028917745,0.003547567,0.0030037162,0.003131604,0.0038032709,0.00231226,0.001538569,0.002851787,0.0028904423,0.001974695,0.0024333806,0.0021607988,0.0016735045,0.0019697975,0.0017090116,0.0024292897,0.0016647539,0.0029578267,0.007286948,0.0033005925,0.001671491,0.010013041,0.010955422,0.0050261,0.005534233,0.0054855505,0.00070316484,0.00773512,0.0057046786,0.0005911007,0.011181679,0.008143063,0.048408765,0.07753055,0.0092984,0.022446902,0.43122637,0.24543075,0.017629063,0.010476344,0.00055083947,0.022082787,0.014764493,0.13452975,0.049169354,0.04066132,0.021889025,0.009520875,0.019979984,0.026607022,0.009366095,0.0037430192,0.0049151867,0.0074794837,0.007002877,0.004507483,0.0025503337,0.003691667,0.0039915997,0.0033685055,0.003992557,0.0030086623
0.0028517449,0.0022434497,0.002652169,0.002493833,0.0028045215,0.0017995173,0.0019155672,0.0018073304,0.0025831095,0.0021720952,0.003036901,0.0022749428,0.0018587267,0.0017850668,0.0017478083,0.001214243,0.0026131233,0.0027285859,0.003593534,0.0014714418,0.0011665324,0.017876629,0.007811282,0.004161967,0.004669265,0.008670221,0.0073831943,0.0020609167,0.0046142545,0.012519275,5.1992705e-05,0.008138693,0.027333561,0.03753697,0.0596512,0.05725337,0.08939396,0.7833534,0.30587387,0.028098451,0.022082793,0.00069477345,0.038718957,0.010720264,0.20273817,0.14613514,0.016831525,0.0073105628,0.028521014,0.006747447,0.0045518405,0.003942846,0.003654764,0.0041896263,0.0035824499,0.0041071335,0.0037920773,0.0037797506,0.00492455,0.0043333857,0.0030178,0.0042021023
0.0022567636,0.0019207837,0.0022751095,0.0019081334,0.0020530752,0.0024068535,0.0014648826,0.0015172471,0.001613069,0.0019451282,0.0022904354,0.0023904582,0.0021944258,0.002346347,0.0022909215,0.0024577056,0.0062531237,0.0027551148,0.0034652886,0.0023263323,0.0048683183,0.003143553,0.00907857,0.0025753998,0.0014943875,0.00577574,0.0053244038,0.0016018769,0.007422971,0.0066104964,0.001655055,0.008766603,0.029398574,0.034252502,0.018425422,0.064963676,0.0447066,0.03432197,0.4735928,0.3403777,0.014764493,0.03871895,0.0008813323,0.010493531,0.009912187,0.073529005,0.20272641,0.022767881,0.016476125,0.01841361,0.007727706,0.007438952,0.009606481,0.0034502328,0.00283631,0.0039130147,0.003979247,0.003999391,0.0050767674,0.0036845396,0.0030725629,0.0037523254
0.0029230842,0.0043049725,0.002335827,0.0034765105,0.0034461138,0.0024603093,0.0022559157,0.0017071919,0.0021225398,0.0018416457,0.0018579334,0.0023906515,0.0021202203,0.0018303231,0.002765634,0.002097104,0.0036175034,0.0046744356,0.0054529943,0.0022166017,0.002587221,0.0024483593,0.008456259,0.0024564432,0.0030256608,0.0024594236,0.0052985037,0.0031189674,0.0058617415,0.002992446,0.0040857485,0.00735475,0.01255392,0.00974899,0.005772893,0.018103942,0.04146631,0.0220266,0.019150436,0.08560794,0.13452975,0.0107202595,0.010493531,0.0007071546,0.014625219,0.027424423,0.26623926,0.20485103,0.017607696,0.010925172,0.021515617,0.024293564,0.008782047,0.008888876,0.0055289553,0.006733636,0.0046658954,0.006700346,0.0073942523,0.005830777,0.003649007,0.0042153895
0.0033962005,0.003439694,0.0027755888,0.0036731667,0.002120735,0.00206915,0.0029203738,0.0020615757,0.002565125,0.00307367,0.0022843676,0.0023535194,0.0022141868,0.0023088194,0.0039033436,0.002210806,0.0024322695,0.0026769484,0.002617249,0.0021919298,0.0016555262,0.0022870798,0.0039470973,0.002535121,0.002864789,0.0029145647,0.0034100423,0.0044535543,0.006525964,0.006123747,0.0023843313,0.009930847,0.02024245,0.011225793,0.008144195,0.016899513,0.016992206,0.016665384,0.017149458,0.019622568,0.049169354,0.20273817,0.009912192,0.014625225,0.0006952596,0.015127012,0.03821684,0.5072767,0.08131926,0.019487347,0.014409426,0.013833977,0.0094279805,0.010224547,0.0067712483,0.008346695,0.0063449433,0.004658925,0.007419764,0.0058584916,0.0055491435,0.0043115467
0.0033599187,0.004345801,0.0023801946,0.0030287248,0.0030414679,0.0024146275,0.002156174,0.0021311357,0.0032267757,0.0018425969,0.0018299337,0.0018633868,0.0024848129,0.0028477018,0.0027002501,0.0018001717,0.0028969706,0.003356789,0.0029097812,0.0013790834,0.0013622494,0.0022576097,0.004565964,0.002916407,0.0035702141,0.004717722,0.0067001553,0.005120801,0.0066307494,0.005444697,0.004897686,0.0067275185,0.015614482,0.010136434,0.006457075,0.019644113,0.029078921,0.018661361,0.041630637,0.0631743,0.04066132,0.14613514,0.073529005,0.027424423,0.015127012,0.000548268,0.015407007,0.011467456,0.2351633,0.10427789,0.0075160963,0.005781762,0.009463325,0.0076780575,0.005578325,0.0045800274,0.004082709,0.0072897812,0.005551012,0.0051720394,0.0061079226,0.00481711
0.0036272476,0.002935023,0.003178485,0.0031073727,0.0030902503,0.003469556,0.002744787,0.0025017646,0.0033295946,0.0031414127,0.002346097,0.003890947,0.0022626927,0.002686181,0.0027411256,0.0018199761,0.003236714,0.0023331605,0.0027126467,0.0022115367,0.0013747285,0.0034771499,0.0020023899,0.00415894,0.0020680674,0.0031943484,0.006066181,0.005646442,0.006844601,0.010545891,0.004484743,0.0055849603,0.013121414,0.011734,0.008681766,0.0051552365,0.0065700724,0.00502339,0.005713655,0.021803472,0.021889031,0.016831525,0.20272645,0.26623926,0.038216833,0.015407007,0.00062481983,0.0069462126,0.017605709,0.15317982,0.042082008,0.017021032,0.015427008,0.008472002,0.009186686,0.009433023,0.008770635,0.005964002,0.007896843,0.0077293804,0.0055303373,0.0070792804
0.002640991,0.0037540565,0.0068477327,0.0044877115,0.0037974506,0.004640117,0.0026989344,0.0019808996,0.002430486,0.0034798211,0.0028493472,0.0029666258,0.0024367522,0.002063842,0.0019529616,0.0015998855,0.003528037,0.0025069343,0.001680108,0.00093607634,0.0014548744,0.001931027,0.0019008224,0.0012967268,0.0014863393,0.002189294,0.0033828798,0.0028446568,0.0029173335,0.0037314564,0.0029240435,0.004952312,0.00972049,0.014775803,0.0043365452,0.004963517,0.0079621,0.005513118,0.007397053,0.0143456375,0.009520875,0.0073105628,0.022767881,0.20485103,0.5072767,0.011467456,0.0069462126,0.0009058405,0.013175633,0.008341286,0.18552905,0.14172587,0.08460454,0.05983173,0.032003984,0.011957683,0.024038075,0.018485429,0.0108733745,0.013958729,0.0061183404,0.0056008585
0.003858185,0.0044414503,0.006804134,0.005151208,0.004091204,0.0045939335,0.0038949708,0.003479998,0.0027240822,0.0035301952,0.0028373552,0.002943007,0.001876115,0.0021168594,0.0040214965,0.0011461797,0.0023371507,0.0015524398,0.001470927,0.0011091327,0.0010104593,0.0011507219,0.0024653838,0.0012574657,0.0017098971,0.0024237125,0.002786071,0.003012806,0.0045488593,0.009034198,0.0024687555,0.004367841,0.0040774774,0.007687713,0.004906423,0.0035964376,0.0061304467,0.0065677296,0.0035422528,0.007525367,0.019979984,0.028521009,0.016476125,0.017607704,0.08131924,0.2351633,0.017605709,0.013175633,0.00067850656,0.022974446,0.045479093,0.24853715,0.05599889,0.03098171,0.038386833,0.026128547,0.021577775,0.012687078,0.01525352,0.013550289,0.0098412195,0.01127432
0.00433537,0.005282331,0.004527862,0.0049680453,0.0043183914,0.0038439864,0.0044375765,0.003049138,0.005401074,0.0039387676,0.003473233,0.0027541628,0.0029653513,0.0019954646,0.0027435774,0.0014341433,0.0021403243,0.0018175271,0.0014956688,0.0011365511,0.0013795274,0.0014068626,0.0024084868,0.0013041216,0.0016969901,0.0018855751,0.0043482347,0.0039097653,0.002435394,0.0035534916,0.0028226932,0.0039599207,0.009546469,0.0043046577,0.0037594016,0.0063703796,0.005790554,0.0059512663,0.0048971563,0.010676654,0.026607022,0.006747447,0.01841361,0.010925172,0.019487347,0.10427789,0.1531798,0.008341286,0.022974443,0.00072315533,0.026310116,0.050495718,0.19294578,0.045184046,0.040014613,0.018549463,0.03243669,0.020736407,0.013151426,0.017535826,0.014408173,0.011755071
0.005240221,0.0042033233,0.005149744,0.0046307268,0.008825529,0.0040891063,0.0047529754,0.0065767705,0.0036125532,0.00508545,0.0043090414,0.003092231,0.0031738505,0.0024087983,0.0029918943,0.0014461742,0.0022599914,0.0022393067,0.0018779588,0.0009171452,0.0013770295,0.0011383492,0.0019685447,0.0012399914,0.0018977346,0.0021708626,0.001481673,0.0019380925,0.0020697892,0.0039007452,0.0045811147,0.0029131253,0.0046555297,0.003990665,0.003364936,0.005552252,0.003498423,0.0036821966,0.0043475903,0.0053346516,0.009366095,0.004551838,0.007727702,0.021515617,0.014409419,0.0075160963,0.042081997,0.18552902,0.045479108,0.026310124,0.00076409685,0.102002986,0.15090968,0.14561462,0.036442596,0.05676801,0.04492683,0.022974217,0.017219562,0.020639261,0.025634885,0.012409799
0.008771108,0.005844489,0.005636983,0.004848305,0.005985355,0.00411798,0.005129863,0.0033658782,0.00335132,0.010870878,0.003799264,0.0034487233,0.003914881,0.00251262,0.0061405418,0.001621022,0.0021601203,0.0013959251,0.0015784245,0.0011516705,0.0013451749,0.0010935304,0.0017346404,0.0010358731,0.001943814,0.0017069313,0.001930182,0.002012902,0.0018181086,0.0028154668,0.0018822809,0.0025236271,0.0029816774,0.0038343847,0.0028078665,0.002555138,0.0022059523,0.002648962,0.0036292297,0.0040239724,0.0037430192,0.003942844,0.007438952,0.024293564,0.013833977,0.005781759,0.017021023,0.14172587,0.24853715,0.050495718,0.102002986,0.0011458413,0.14814651,0.1572299,0.35991716,0.045195278,0.032375604,0.030944616,0.021109972,0.021482801,0.0308555,0.009842116
0.0064111226,0.010485628,0.008310412,0.005973259,0.006164912,0.006217226,0.004463279,0.0046902713,0.0047845407,0.0041785836,0.004916544,0.0031829118,0.0030825124,0.002810876,0.003238973,0.0016214643,0.0014113091,0.0011395339,0.0011186161,0.0011639389,0.0010964433,0.0011924652,0.001529999,0.0013447073,0.001487285,0.0016441153,0.0018051862,0.0034622042,0.0014814029,0.0017545024,0.0017960928,0.0022175806,0.0024602788,0.0022510523,0.0026271471,0.004237569,0.0027637228,0.0023938674,0.0037783019,0.0039193705,0.0049151867,0.003654764,0.009606481,0.008782043,0.0094279805,0.009463325,0.015427008,0.08460453,0.05599888,0.19294578,0.15090965,0.14814658,0.001226365,0.24762903,0.09693747,0.058023654,0.07276037,0.053732555,0.03762264,0.032593526,0.0308641,0.019374155
0.0086509595,0.008682603,0.006291554,0.0057113664,0.006310064,0.0049092174,0.0042257044,0.00252311,0.003488589,0.0124459015,0.003135444,0.005714389,0.0034599479,0.0021423276,0.0040429956,0.0015991438,0.0015775281,0.0012089458,0.0011899639,0.001419862,0.0010422743,0.001436995,0.0016595197,0.0011676992,0.0013573243,0.0018227762,0.0022175172,0.0017288579,0.0017473815,0.0028580518,0.0017911803,0.0021031867,0.0029646226,0.0029897047,0.002107698,0.003525758,0.0026316964,0.003196414,0.003913853,0.0036640149,0.0074794837,0.0041896263,0.0034502328,0.008888876,0.0102245435,0.0076780575,0.008472002,0.05983173,0.030981718,0.045184046,0.14561462,0.1572299,0.24762903,0.0012933533,0.19722751,0.1207817,0.054759815,0.06339278,0.040158737,0.04991147,0.07116844,0.020599972
0.0105637675,0.008367617,0.0079121785,0.0067775017,0.006131492,0.0057710106,0.008593399,0.00439006,0.00449288,0.0048551196,0.0027774044,0.004045133,0.0036454014,0.0034768707,0.0036821668,0.0014466997,0.00213043,0.0015227585,0.0013798684,0.0017806785,0.001516576,0.002042654,0.002047937,0.0014335684,0.0020821642,0.0022405258,0.0024746517,0.002236415,0.0015532086,0.0033259874,0.0026878985,0.0024636853,0.004679097,0.0026592063,0.002392986,0.0031931722,0.0030257627,0.0029804276,0.0021242555,0.003076746,0.007002877,0.0035824499,0.00283631,0.0055289553,0.0067712483,0.005578325,0.009186686,0.032003984,0.038386844,0.040014595,0.03644259,0.35991716,0.096937485,0.19722751,0.0020319598,0.058704577,0.047731657,0.064705454,0.023372818,0.054409474,0.09003073,0.017837282
0.009631605,0.009922829,0.009445502,0.0069824383,0.006641075,0.007375297,0.006856384,0.006484662,0.0062679094,0.0063216356,0.0044997404,0.005575778,0.004047372,0.002704702,0.006158392,0.0026458194,0.0019819501,0.002040036,0.0022726732,0.0017202499,0.0018011471,0.0019728409,0.0028187982,0.0024015629,0.0022498951,0.0024213502,0.0033423842,0.0027330976,0.002056704,0.003488884,0.0026724262,0.0027205984,0.00345259,0.0025138264,0.002308066,0.0026848107,0.0031726283,0.0026370774,0.002815898,0.0033392343,0.004507483,0.0041071335,0.0039130147,0.006733636,0.008346695,0.0045800274,0.009433023,0.011957683,0.026128547,0.018549463,0.05676803,0.045195278,0.05802367,0.120781675,0.058704577,0.0039532776,0.039897583,0.05428329,0.024718018,0.04501381,0.04469123,0.01898316
0.0062201726,0.010679163,0.017371155,0.006778548,0.0055299858,0.0072724656,0.0061424132,0.0050148717,0.0042601195,0.00553705,0.0038450635,0.0045178705,0.004617352,0.0028301172,0.0027478754,0.0023020566,0.0020417704,0.002019356,0.0018515007,0.00239609,0.0017482784,0.0016724125,0.0027257677,0.0018664002,0.0028912164,0.0029548525,0.003155167,0.0031192314,0.002440411,0.0038841446,0.0025433504,0.0029389886,0.0034253187,0.0036923566,0.0030007288,0.0039530937,0.0026336284,0.003424972,0.004303875,0.0033806553,0.0025503337,0.0037920773,0.003979247,0.0046658954,0.0063449433,0.004082709,0.008770635,0.024038075,0.021577781,0.0324367,0.04492683,0.032375604,0.07276037,0.054759834,0.047731657,0.039897583,0.013834252,0.065977864,0.03341653,0.036226813,0.04325025,0.024577076
0.006594974,0.012553985,0.0076284814,0.006485833,0.006187457,0.0056643705,0.0050775837,0.005138075,0.0069802324,0.0050703385,0.0058085043,0.0039272155,0.0051851114,0.0034088695,0.003356795,0.002272202,0.0026842616,0.002007949,0.0023635118,0.0019450363,0.0020468263,0.0023754623,0.0027489916,0.0019820707,0.0031348164,0.002885746,0.0035927456,0.0041292417,0.0027936953,0.0035378288,0.003996697,0.0032597713,0.004117515,0.004650269,0.0030026627,0.004516097,0.0038051032,0.0041771093,0.003658965,0.003471439,0.003691667,0.0037797506,0.003999393,0.006700346,0.004658925,0.0072897812,0.005964002,0.018485429,0.012687078,0.020736413,0.022974217,0.030944616,0.053732567,0.06339275,0.06470544,0.05428329,0.06597786,0.010052397,0.021152375,0.031655498,0.030021144,0.009896204
0.009004794,0.007255929,0.007322914,0.0070742574,0.0060393414,0.006179932,0.0048097824,0.004360498,0.0047689583,0.0045205904,0.0059417053,0.0040412736,0.005617689,0.0038480305,0.0035017675,0.0029755726,0.003220134,0.0026406692,0.0024852278,0.0030229778,0.0036038684,0.0034739329,0.0023449955,0.0025967355,0.0035011256,0.0037572535,0.0026628862,0.003933088,0.003724181,0.004484204,0.004178397,0.0041167797,0.004303211,0.004018684,0.0044553364,0.0037935546,0.0038091363,0.0038765436,0.005177371,0.004185109,0.0039915997,0.00492455,0.0050767674,0.0073942523,0.007419764,0.005551012,0.007896843,0.0108733745,0.01525352,0.013151426,0.017219562,0.021109972,0.03762264,0.040158737,0.02337281,0.024718018,0.03341653,0.021152375,0.0141514875,0.037306998,0.018127691,0.018774627
0.011175744,0.011272433,0.008634409,0.007149586,0.0072817937,0.0067594894,0.005894747,0.003811978,0.0048737708,0.0058402983,0.0038183683,0.0051661767,0.0042662853,0.0033288242,0.003358734,0.002391134,0.0024909724,0.0024235754,0.0026103077,0.0024970532,0.002473363,0.0026027323,0.0024378502,0.0025569447,0.0026820758,0.0030601174,0.0029633217,0.0032881673,0.0029567413,0.0042004604,0.0034021449,0.0037984266,0.004356041,0.0036157744,0.0038428472,0.0038648446,0.0032672505,0.0044688783,0.0040950105,0.004000084,0.0033685055,0.0043333857,0.0036845396,0.005830777,0.0058584916,0.0051720394,0.0077293804,0.013958729,0.013550289,0.017535826,0.020639261,0.021482801,0.03259352,0.04991147,0.054409463,0.04501381,0.03622683,0.031655494,0.037306998,0.012171093,0.035124723,0.021786852
0.012453577,0.017463623,0.010889382,0.009108285,0.00678298,0.005253466,0.005191077,0.003923528,0.005701183,0.008212132,0.004292076,0.0042607184,0.0046434016,0.0042750835,0.009030063,0.0026613504,0.0024200582,0.0020983727,0.0025245058,0.0023079056,0.0032304986,0.0022687432,0.003700953,0.002775923,0.0037908438,0.0033659325,0.0032543563,0.0037241138,0.0035906737,0.0043599037,0.0035583796,0.0032248208,0.0039508427,0.003884827,0.0030409878,0.0031501274,0.003892367,0.003338233,0.003353721,0.002812265,0.003992557,0.0030177985,0.0030725629,0.003649007,0.0055491435,0.0061079226,0.0055303373,0.0061183404,0.0098412195,0.014408173,0.025634885,0.0308555,0.0308641,0.07116845,0.09003073,0.04469123,0.04325025,0.030021144,0.018127691,0.035124723,0.010391261,0.01087752
0.011907154,0.011938543,0.016549194,0.01039263,0.011354287,0.010110234,0.010120131,0.007243681,0.007999527,0.009054656,0.00549036,0.0048412173,0.008321218,0.004455322,0.0038096483,0.004137682,0.002869982,0.0024117897,0.0030807764,0.0032101627,0.004055297,0.00302026,0.0043302844,0.004072926,0.004793183,0.004032708,0.0043621273,0.005739276,0.0039842525,0.0056717633,0.0049474696,0.004912908,0.0048470353,0.00450544,0.003969833,0.0045158896,0.004077228,0.004295093,0.00524072,0.0039710323,0.0030086623,0.0042021023,0.0037523254,0.0042153895,0.0043115467,0.00481711,0.0070792804,0.0056008585,0.01127432,0.011755076,0.012409799,0.009842121,0.019374158,0.020599972,0.017837282,0.01898316,0.024577076,0.009896204,0.018774627,0.021786852,0.0108775245,0.0025136336
