0,1,2,3,4,5,6,7,8,9,10,11,12,13,14,15,16,17,18,19,20,21,22,23,24,25,26,27,28,29,30,31,32,33,34,35,36,37,38,39,40,41,42,43,44,45,46,47,48,49,50,51,52,53,54,55,56,57,58,59,60,61,62,63,64,65
0.001302586,0.0011159626,0.0024480228,0.0073493603,0.00330421,0.021407902,0.013170128,0.030373758,0.88464695,0.31213737,0.08614318,0.107238226,0.06803014,0.11614863,0.040341046,0.054093417,0.23484889,0.017167728,0.02298742,0.097938396,0.033124734,0.0068831877,0.014762046,0.014224003,0.007920147,0.009197816,0.006922603,0.007418647,0.006008671,0.004272048,0.00560751,0.0046658404,0.0039629196,0.0037539066,0.0030759152,0.0021873321,0.0024057212,0.003566013,0.0017609458,0.0015113106,0.001963968,0.0018980192,0.0020216866,0.0023025298,0.0019400682,0.0020396283,0.003018895,0.0021932726,0.0015118158,0.0019859115,0.002235412,0.002194733,0.0016623482,0.0020857332,0.0016293483,0.0015901203,0.0031060996,0.001977539,0.0014418962,0.0023245101,0.0017036311,0.002199305,0.0018035122,0.00400699,0.0012313301,0.0026434236
0.0011159632,0.010361153,0.009588066,0.505133,0.051337067,0.013082077,0.7102993,0.099721596,0.18355672,0.07945508,0.15053007,0.053713877,0.36060578,0.24722488,0.052039824,0.03919422,0.068324864,0.008962766,0.010445101,0.024115466,0.0048366133,0.005019218,0.005279713,0.004364646,0.0043156594,0.0029048396,0.0022519447,0.003607994,0.0027823574,0.0020894213,0.0030308461,0.0019431767,0.0018873467,0.003854774,0.003201015,0.0013937446,0.0020172314,0.0026300286,0.0013779583,0.0024885542,0.0019588582,0.0016019617,0.002130856,0.00220354,0.0026639653,0.0017431779,0.003397216,0.0021810138,0.003986304,0.0018265775,0.0019809788,0.004897696,0.003157653,0.0022648133,0.0018526643,0.0017624586,0.0014621941,0.0012326961,0.0024938544,0.002373832,0.0022927367,0.001979762,0.002049885,0.002328561,0.002030819,0.002270054
0.0024480217,0.009588066,0.0036200923,0.0154975075,0.26339766,0.9457013,0.089662984,0.96631217,0.05024879,0.07774606,0.26373687,0.24708265,0.15858838,0.015372614,0.011819216,0.13994427,0.04653844,0.004536842,0.010809369,0.012322948,0.005314637,0.0033402818,0.0039134384,0.004817062,0.0024321827,0.002315969,0.0028436522,0.002112786,0.0027611821,0.0023539998,0.0022196432,0.0021776585,0.002320611,0.002580834,0.0019058372,0.0017615049,0.001829967,0.0020823188,0.0016023659,0.0017415772,0.0019811823,0.002144616,0.002099602,0.002515983,0.002031278,0.002045799,0.0023863679,0.0031409394,0.0019767636,0.0028795854,0.003795204,0.0025634933,0.001809292,0.0025698473,0.0020715639,0.0022383863,0.0023580876,0.0019426275,0.0021782967,0.0029935532,0.0021311599,0.0017021463,0.0018971313,0.0016850822,0.0020157325,0.003383114
0.0073493603,0.505133,0.0154975075,0.0015138354,0.47226337,0.15551664,0.6101333,0.025543597,0.16322233,0.024293678,0.04352113,0.040786706,0.06982408,0.098078705,0.061059456,0.04513593,0.010460938,0.012112641,0.01794882,0.01529894,0.005098572,0.0039308434,0.0039215866,0.004758469,0.004361249,0.0029418308,0.002835149,0.0021895638,0.0033633003,0.0030418828,0.0033623034,0.0024314171,0.0055047353,0.0024870052,0.0021644423,0.0027098206,0.002312184,0.0023491727,0.0026248754,0.0030994404,0.0019163368,0.0020127362,0.0022183794,0.0018910986,0.002498467,0.002183004,0.0031425732,0.0035491113,0.0026781238,0.002905696,0.0030468642,0.0026190295,0.0022149908,0.002288194,0.0019042197,0.0020476582,0.0018983687,0.0028285363,0.001583293,0.0025635762,0.0019826405,0.0020812203,0.0015648163,0.0027705147,0.0018756953,0.0038944506
0.0033042117,0.051337074,0.26339775,0.47226337,0.0011815869,0.07757946,0.49806336,0.049474172,0.006921764,0.01600181,0.21879625,0.018398982,0.11014775,0.04668168,0.077656515,0.031757332,0.005039125,0.012858535,0.008070133,0.0040038307,0.00908466,0.00852845,0.0036047248,0.003092622,0.0073352987,0.0055983895,0.0026206702,0.0018278871,0.0071450113,0.0028221202,0.0025642507,0.0037271297,0.005804645,0.0017070522,0.0020762803,0.0051034316,0.003768932,0.0018637169,0.0018427619,0.003437638,0.005953024,0.002416089,0.0020010048,0.0052677337,0.0029394946,0.0025132834,0.0038340169,0.002443968,0.0035172547,0.0030349337,0.0020918008,0.0027310366,0.0023462365,0.0040125605,0.0021325892,0.005175498,0.0026690087,0.0023781136,0.0023516885,0.0024240217,0.0021358624,0.0024802196,0.0020407226,0.0018826938,0.0022060007,0.002974915
0.021407913,0.013082077,0.9457013,0.15551664,0.07757946,0.0011618563,0.083809525,0.8951005,0.009978853,0.0162583,0.09876262,0.050676193,0.616044,0.034626305,0.1184878,0.17457755,0.023922812,0.012320517,0.0076510604,0.014696169,0.0044050976,0.0040238886,0.00261016,0.0045242487,0.00434419,0.0033762497,0.0018287454,0.0020992975,0.002711102,0.002110969,0.0020946355,0.0018957774,0.002588357,0.0011276476,0.0014210119,0.008356161,0.0023664413,0.0022259292,0.0023726376,0.003271998,0.0019692418,0.0013387487,0.0020751532,0.002537554,0.001652863,0.0017176274,0.002062402,0.0025987977,0.003729957,0.0018178966,0.0023232354,0.0021324686,0.0016638094,0.0019368053,0.0019320659,0.0024187728,0.002411136,0.0020489362,0.0016238781,0.002056469,0.001954677,0.0018638002,0.0019313837,0.0030125452,0.0018926034,0.0030476032
0.013170128,0.7102992,0.08966301,0.6101333,0.49806336,0.083809525,0.0018877822,0.0076893503,0.029801702,0.008776901,0.028183024,0.011871297,0.027643325,0.097281255,0.04854887,0.03815445,0.036944006,0.032057747,0.022123158,0.020766892,0.009714709,0.010276218,0.00666865,0.0044604917,0.0039093257,0.0036921059,0.0035367801,0.0026162,0.004481521,0.0053054215,0.0025017015,0.003449512,0.004066494,0.002649068,0.0021545414,0.003046195,0.0024393175,0.002003419,0.002552704,0.0047461097,0.0027270373,0.002165929,0.0019224839,0.0025223214,0.0027593577,0.0020144735,0.002333359,0.0019469647,0.002629466,0.0028916092,0.002199978,0.0018365958,0.0017311506,0.0017869557,0.0019493734,0.002220487,0.0022476665,0.002397106,0.0012623932,0.0022846612,0.002395567,0.0017584405,0.0016677115,0.0016903469,0.0022832495,0.0030938704
0.030373765,0.099721596,0.96631217,0.025543602,0.049474195,0.8951005,0.0076893503,0.001482517,0.011157116,0.03642597,0.59885484,0.029864661,0.78938854,0.053889003,0.033216912,0.24285091,0.044714976,0.018773817,0.010682756,0.016170075,0.008560394,0.005832051,0.0048959064,0.0038874408,0.0030646315,0.0024020267,0.002097458,0.0016193845,0.0035240494,0.0032439646,0.00175889,0.002868094,0.0028231754,0.001579609,0.001585165,0.0015268938,0.0023444246,0.001601809,0.0011825778,0.0015944381,0.0033533322,0.0019401477,0.0018599348,0.0027917072,0.0016651421,0.0021176331,0.0020637126,0.0020677014,0.0029486131,0.0018398698,0.002320528,0.0018626198,0.0010408509,0.0015612929,0.0014514917,0.0017289921,0.002020665,0.0017642716,0.0015210594,0.0017715566,0.0015936657,0.0018752606,0.002105029,0.0018215057,0.0025232465,0.0023711324
0.88464695,0.18355675,0.05024879,0.16322239,0.006921764,0.0099788485,0.029801702,0.011157116,0.09224576,0.053610563,0.017629914,0.10527695,0.021489577,0.116435945,0.03973076,0.021131426,0.86992925,0.043481015,0.007862187,0.17518803,0.07180129,0.016174514,0.011452913,0.011781517,0.005114462,0.0031673308,0.0028668246,0.0040328493,0.0031648867,0.0031182293,0.0045319516,0.0019036281,0.0022551827,0.002158573,0.0022228304,0.0017927539,0.0022581962,0.0017125892,0.0021963688,0.0015298299,0.0015968636,0.0015589924,0.0011672727,0.001200181,0.0014075295,0.0014094978,0.0013159103,0.0017780444,0.0013465604,0.0013289353,0.0021849629,0.0011704977,0.0012887267,0.0011699126,0.0011758439,0.0014913213,0.0018530629,0.0020835774,0.0011578228,0.0022522928,0.0018808016,0.00164349,0.001363102,0.0016769256,0.0015653915,0.0031296916
0.31213737,0.07945509,0.07774606,0.024293678,0.01600181,0.0162583,0.008776901,0.03642597,0.053610574,0.0026798449,0.017807126,0.1326697,0.02556094,0.090557024,0.031547014,0.061784863,0.50509936,0.023515161,0.0356927,0.06463344,0.032520473,0.010623724,0.008504722,0.00864531,0.009713915,0.006368086,0.0049173958,0.003294778,0.0032672847,0.0024902618,0.0026555813,0.0046267062,0.004496838,0.0032868625,0.0020176107,0.003224579,0.0029777463,0.0026097838,0.0013323734,0.0020406446,0.0022516071,0.0015806088,0.0018406406,0.0025264313,0.002341961,0.0013690378,0.0015298694,0.0038462928,0.0020684178,0.0017140295,0.00239361,0.0014603685,0.001866068,0.00156607,0.0017447976,0.0018622412,0.0022692399,0.0018990176,0.00117792,0.0027251472,0.0019041235,0.0015752309,0.0014840164,0.0021242676,0.0044883033,0.002504035
0.08614318,0.15053007,0.26373687,0.04352112,0.21879625,0.09876262,0.028183024,0.5988547,0.017629914,0.017807126,0.0013282177,0.02512032,0.109574854,0.0100721745,0.009070569,0.03554162,0.023194142,0.010972672,0.0074326135,0.021863414,0.011687523,0.008161349,0.0063179047,0.007048257,0.0034578028,0.0022811801,0.0029533384,0.0024724915,0.0039666686,0.0026240628,0.0029999812,0.0027423133,0.0035040895,0.0035382875,0.0021271512,0.0024637699,0.0026282668,0.0030877157,0.0023595348,0.0017512777,0.0027772277,0.0027188845,0.0020570192,0.0024804648,0.0025370074,0.0030971693,0.002871018,0.0028201682,0.0026922468,0.0021309867,0.0025035797,0.0019580026,0.0017343268,0.0032045967,0.002895774,0.00339979,0.0025510082,0.0026810009,0.0025722194,0.002872864,0.0039555444,0.0023297553,0.0022619276,0.0022306978,0.0028023084,0.0037014892
0.1072382,0.053713877,0.24708265,0.040786706,0.018398976,0.05067618,0.011871297,0.029864661,0.10527695,0.1326697,0.02512032,0.006079801,0.03827865,0.0061725513,0.009633607,0.94743216,0.20054317,0.0052647414,0.0264026,0.9612028,0.022289801,0.0039318665,0.012191371,0.026298648,0.0033292165,0.002281329,0.003798618,0.0033123377,0.0019611556,0.0019640164,0.0043356996,0.0015138432,0.0017274439,0.002986501,0.0019149965,0.0014516134,0.0015298205,0.0021333476,0.0012376804,0.0013062485,0.0011588251,0.00167826,0.0019040148,0.0013720688,0.0020689848,0.001984111,0.0017511401,0.0019840817,0.0021339424,0.0016873087,0.002883826,0.0014241867,0.0012543984,0.0020512608,0.001628055,0.0016764419,0.0021258877,0.0016418289,0.0016859752,0.0033339332,0.002451016,0.0018292092,0.001862111,0.0017026513,0.0016594225,0.0045396835
0.06803014,0.36060578,0.15858833,0.06982408,0.110147774,0.616044,0.027643325,0.78938866,0.021489577,0.02556094,0.109574854,0.038278643,0.0041889376,0.0091591915,0.060050946,0.3809908,0.030213118,0.0055528493,0.019166337,0.018211702,0.009080579,0.009432831,0.0039608777,0.007869845,0.0063282023,0.004145633,0.0022898864,0.0031554773,0.0034391938,0.0025486324,0.0030084022,0.0022626861,0.0034775333,0.002316986,0.0015521959,0.003712528,0.0022899364,0.0022484995,0.001775754,0.0016794093,0.0018520532,0.0014385065,0.0016446476,0.00225338,0.0014687945,0.0020206862,0.001956353,0.001866663,0.0016545625,0.0015622989,0.002446329,0.0018072968,0.0013638494,0.0019551252,0.0015362912,0.0018583772,0.0018574354,0.0014914235,0.001572615,0.0020959966,0.0018443713,0.0019247166,0.001557175,0.001680108,0.0018812186,0.003011252
0.11614866,0.24722496,0.015372614,0.098078705,0.04668169,0.034626313,0.097281255,0.053889014,0.116435945,0.090557,0.01007218,0.0061725476,0.0091591915,0.0016914487,0.046146743,0.0033780553,0.012666137,0.30338663,0.04681102,0.013184023,0.038630947,0.055978768,0.016498866,0.0055306703,0.009482332,0.014377578,0.0051241135,0.0029222062,0.004763478,0.008495945,0.0045467783,0.0039529055,0.0066967476,0.0040314263,0.0018749894,0.0034118777,0.00434385,0.0026884926,0.0016017968,0.0028465712,0.003450531,0.0015936953,0.0019145884,0.0027114502,0.002482142,0.0017256276,0.002259025,0.0022272533,0.0018300341,0.0020623538,0.002098129,0.0016415991,0.0015808925,0.0014994708,0.0016422073,0.0017660477,0.0013974792,0.0013599965,0.0013230955,0.0018464645,0.0018582155,0.00182155,0.001830102,0.002515979,0.0015588069,0.0027594417
0.040341046,0.052039824,0.011819216,0.061059456,0.077656515,0.11848778,0.04854886,0.033216912,0.03973076,0.031547014,0.009070569,0.009633607,0.060050946,0.046146743,0.00083836314,0.008255693,4.979838e-05,0.7991304,0.8736413,0.0061392095,0.008734561,0.051298574,0.010228124,0.0036308581,0.009050408,0.020001154,0.0023995896,0.0024825626,0.0056123137,0.0048144683,0.002985952,0.0028155767,0.008393604,0.0033068086,0.001983743,0.0047571836,0.0072141783,0.0037039327,0.0020769928,0.0048473296,0.004362821,0.0021144978,0.0050751953,0.007129326,0.003598867,0.0020666479,0.0020237947,0.002649596,0.0028782866,0.0017775182,0.0018108884,0.0017445774,0.0014572692,0.001747255,0.0022420315,0.0017136942,0.0018932329,0.0018336541,0.0012745758,0.0016425693,0.0015077807,0.0017821827,0.0014084814,0.001961641,0.003457732,0.0033101866
0.054093417,0.03919422,0.13994427,0.045135908,0.031757332,0.17457753,0.03815445,0.2428509,0.021131426,0.061784834,0.03554162,0.94743216,0.3809908,0.0033780534,0.0082556885,0.0006020832,0.004808559,0.0032337615,0.32228076,0.12801307,0.009828687,0.01239264,0.026460472,0.017367851,0.010441391,0.003115404,0.0027516938,0.0045683966,0.005123617,0.0023233914,0.0026480122,0.0024651145,0.004188522,0.004876653,0.004755134,0.0016331458,0.0024763013,0.0028247852,0.002528053,0.0016753145,0.0018696329,0.001672024,0.0026315525,0.0019310464,0.0028403264,0.0017339438,0.0013657659,0.0016218664,0.0016574172,0.0024613298,0.0022290237,0.0012339707,0.0014660911,0.0014845118,0.0014703359,0.0015746048,0.0013299184,0.0012626948,0.0012313114,0.0029144678,0.0025366466,0.0012664801,0.0014540338,0.0016072118,0.0017451438,0.0027796873
0.23484892,0.068324864,0.04653843,0.010460938,0.005039127,0.023922812,0.036944006,0.044714965,0.8699292,0.5050996,0.023194142,0.20054317,0.030213118,0.0126661295,4.979838e-05,0.004808559,0.0023632385,0.0046348344,0.00875457,0.30796856,0.31004822,0.010669822,0.017109158,0.01856951,0.006996189,0.0068869144,0.00760425,0.0046666684,0.0036276854,0.0053871474,0.005483509,0.0031355303,0.0031620583,0.0047984268,0.0033842702,0.0029144124,0.0028726743,0.0051899613,0.0024915852,0.0019948862,0.0027502,0.0021471677,0.0016403431,0.0018974321,0.0026029611,0.001547251,0.0018247293,0.0016838079,0.0015562307,0.0014155013,0.0037115335,0.0014806476,0.0017393577,0.001730409,0.0016956279,0.0018692359,0.0019479915,0.0014824197,0.0014536765,0.0031723406,0.00243469,0.002354421,0.0021073911,0.0022464208,0.0016895513,0.004507083
0.017167728,0.008962766,0.004536842,0.012112641,0.012858535,0.012320517,0.032057755,0.018773817,0.043481015,0.023515161,0.010972678,0.0052647414,0.0055528493,0.30338663,0.7991304,0.0032337632,0.0046348344,0.0012630834,0.07146782,0.0067914827,0.26440638,0.5749431,0.007895312,0.006615797,0.17461435,0.058909994,0.006376519,0.002925246,0.00989549,0.010335354,0.004081091,0.006097973,0.033900257,0.006016186,0.0038200007,0.004300976,0.00495059,0.0027812873,0.0043404363,0.002939605,0.0040520243,0.001644206,0.0017936784,0.0034612797,0.002861538,0.0016285133,0.001624701,0.0019415248,0.0012394441,0.0011853973,0.0024636958,0.0028092912,0.001863974,0.0011291223,0.0014972378,0.001714049,0.0012230648,0.00204714,0.0013921128,0.0023546293,0.0016750258,0.001795057,0.001233062,0.001775401,0.0012788897,0.0025073492
0.02298742,0.010445101,0.010809365,0.01794882,0.008070133,0.007651057,0.022123158,0.010682756,0.007862187,0.0356927,0.0074326135,0.0264026,0.019166337,0.04681101,0.8736413,0.32228076,0.00875457,0.07146782,0.0006487713,0.00632963,0.024334015,0.734359,0.05644603,0.0073697553,0.006865901,0.033607807,0.002156915,0.004525537,0.0044006514,0.0071478495,0.0029052428,0.006565055,0.004051816,0.0048678005,0.0025068424,0.00319062,0.0053881286,0.0025417686,0.0044496427,0.0035394835,0.0019893053,0.002061883,0.002885118,0.0032178145,0.004078847,0.0016465976,0.00147232,0.0025371716,0.0020145588,0.0017635653,0.0022184534,0.001773763,0.0013606506,0.0017433588,0.0015788354,0.0019717764,0.0023451843,0.00174779,0.0017908087,0.002586189,0.0018992381,0.0022992152,0.0019996292,0.0030576335,0.002838474,0.0038910783
0.09793838,0.024115466,0.012322948,0.01529894,0.0040038307,0.01469616,0.020766892,0.016170075,0.17518802,0.06463344,0.021863414,0.9612028,0.018211698,0.013184023,0.0061392095,0.12801307,0.30796865,0.006791479,0.00632963,0.0014308508,0.013379486,0.0036013145,0.032452155,0.3096998,0.009199346,0.006272791,0.0023330806,0.03861841,0.004205925,0.0040854053,0.003400865,0.0039891168,0.002177596,0.0039998866,0.003749312,0.002068333,0.0016455466,0.0062832506,0.0030739843,0.0018945914,0.0042392374,0.0021928092,0.0013621371,0.0015187396,0.0025768958,0.0019060605,0.0012280511,0.0013999823,0.0018454889,0.0010862672,0.0028049801,0.002223641,0.0016483746,0.0013754959,0.0019151918,0.0016226636,0.0013500018,0.0017329406,0.0019300175,0.003301641,0.002778724,0.002499135,0.003494485,0.0021308437,0.0023861446,0.0059274943
0.033124723,0.0048366133,0.005314637,0.005098572,0.00908466,0.0044050957,0.009714709,0.008560394,0.07180129,0.032520466,0.011687523,0.022289801,0.009080579,0.038630936,0.008734561,0.009828687,0.31004813,0.26440638,0.024334012,0.013379486,0.0011220878,0.0065647997,0.011268847,0.05384259,0.053084698,0.026982646,0.017105533,0.01637182,0.012447912,0.007647698,0.028925236,0.0041214232,0.021486122,0.008133955,0.009369835,0.004618494,0.0032955706,0.005858025,0.0022509967,0.0017145902,0.0020301396,0.0017959276,0.0015875244,0.0020496265,0.003461258,0.0017060344,0.0027792223,0.0029095972,0.0012569089,0.002270459,0.002127792,0.002233016,0.0024827702,0.0017170134,0.0013907976,0.0019675358,0.002202565,0.0021981678,0.0014821712,0.0034743606,0.0025460517,0.0023314806,0.0023505487,0.004465282,0.0022889953,0.0036091392
0.0068831877,0.0050192205,0.0033402818,0.0039308434,0.00852845,0.0040238886,0.010276218,0.005832051,0.016174514,0.010623724,0.008161349,0.0039318665,0.009432831,0.055978768,0.051298585,0.01239264,0.010669822,0.57494324,0.73435915,0.0036013161,0.0065647997,0.0022039677,0.026313704,0.008547935,0.07624531,0.36101443,0.015602364,0.007238525,0.0023513215,0.03657519,0.005370548,0.0060778274,0.0022625616,0.011043616,0.009171213,0.002669774,0.009276328,0.0033702669,0.0038670043,0.0071606664,0.0044054864,0.0028100328,0.0023210724,0.011505182,0.004652963,0.0018815803,0.0025056002,0.005411697,0.0028724298,0.002213339,0.0021241242,0.0028594977,0.0015879702,0.0014824817,0.0017577633,0.002710438,0.0023378446,0.0018311229,0.0014083466,0.0021229107,0.0016879442,0.0021345436,0.0016730956,0.0024858369,0.0034967258,0.0031510391
0.014762046,0.005279713,0.0039134384,0.0039215866,0.0036047248,0.00261016,0.00666865,0.0048959064,0.011452913,0.008504722,0.0063179047,0.012191371,0.0039608777,0.016498866,0.010228124,0.026460467,0.017109165,0.007895312,0.05644603,0.032452155,0.011268847,0.026313698,0.0011340572,0.62313247,0.018160813,0.05990425,0.20194146,0.04153631,0.0059075984,0.026470246,0.03768581,0.009858534,0.0036050912,0.014116765,0.016213676,0.0048212283,0.0023068148,0.0076014437,0.007924386,0.0019388758,0.002572764,0.0032058689,0.0026668783,0.0020438822,0.00258818,0.002760572,0.001469832,0.0017296612,0.0028097187,0.0028960453,0.00283674,0.0015739631,0.002479249,0.0017803039,0.0024790778,0.0017753028,0.0025949404,0.001287392,0.0023018904,0.0038823348,0.0034151021,0.002884469,0.0050533838,0.0031437788,0.0030412294,0.004977802
0.014224003,0.004364646,0.004817062,0.004758469,0.003092622,0.0045242487,0.0044604917,0.0038874408,0.011781517,0.00864531,0.007048257,0.026298648,0.0078698415,0.0055306675,0.0036308581,0.017367851,0.01856951,0.0066157943,0.0073697553,0.3096998,0.0538426,0.008547938,0.62313247,0.0011522993,0.01117577,0.010858928,0.25739676,0.091422185,0.004011453,0.013819284,0.053529058,0.0027235304,0.0030548223,0.027650261,0.0066628344,0.0022391938,0.0028020006,0.0132605545,0.004172798,0.0015004734,0.0044562863,0.005461564,0.0030699056,0.002000483,0.0051858174,0.0020306837,0.0018844967,0.0036426696,0.0020244822,0.0017534338,0.0025422582,0.0020370588,0.0022625907,0.001539084,0.0027166216,0.0024705234,0.002471807,0.0020691394,0.0061238813,0.0038811977,0.003499756,0.0032845528,0.004534489,0.0049312,0.003804673,0.006435739
0.007920152,0.0043156594,0.0024321827,0.004361249,0.0073352987,0.00434419,0.0039093257,0.0030646315,0.0051144594,0.009713915,0.0034578028,0.0033292165,0.0063282023,0.009482332,0.009050408,0.010441395,0.006996189,0.17461435,0.006865901,0.009199346,0.053084698,0.07624531,0.018160813,0.01117577,0.0012852087,0.01909965,0.014360297,0.115540296,0.15054001,0.057338826,0.020047208,0.0074782274,0.024203194,0.016685676,0.024200302,0.004244631,0.010483054,0.010365417,0.0026015008,0.004235097,0.0043010437,0.0023881465,0.0017266531,0.0054309443,0.0038381766,0.002177561,0.0027821166,0.0039464016,0.002573634,0.0017253442,0.0022414033,0.0022645623,0.0022712918,0.0027899994,0.0040404927,0.0033090317,0.0024195553,0.0030478407,0.0016401915,0.003121431,0.0027537802,0.0040006447,0.0032697765,0.0028625382,0.004689895,0.005518588
0.009197816,0.0029048407,0.002315969,0.0029418308,0.0055983895,0.0033762516,0.0036921059,0.0024020267,0.0031673308,0.006368086,0.0022811801,0.002281329,0.004145633,0.014377571,0.020001154,0.003115404,0.0068869144,0.058909982,0.033607807,0.006272794,0.026982646,0.36101443,0.05990425,0.010858928,0.01909965,0.0020710218,0.011284796,0.018560866,0.25864053,0.29522344,0.02877431,0.09847413,0.007868237,0.0071687256,0.009263706,0.014429702,0.0021921718,0.028182069,0.0051791305,0.0031167225,0.0056416146,0.0042398577,0.002294176,0.0052631935,0.004248924,0.0014764272,0.0015782387,0.0045812735,0.0026024561,0.001985114,0.0024831614,0.0028126677,0.0026133286,0.0023715193,0.0020105974,0.0022367812,0.0048744925,0.0013612774,0.0026284019,0.0022281224,0.0022079109,0.0046090866,0.002690451,0.0028528976,0.0035919517,0.0051585953
0.006922603,0.0022519447,0.0028436522,0.002835149,0.0026206693,0.0018287454,0.0035367783,0.002097458,0.0028668246,0.0049173934,0.0029533373,0.003798618,0.0022898864,0.0051241135,0.0023995885,0.0027516938,0.007604247,0.006376516,0.002156914,0.0023330818,0.017105533,0.015602357,0.20194143,0.25739676,0.01436029,0.011284796,0.013800121,0.08115267,0.014798396,0.22850324,0.44552138,0.019032987,0.010348883,0.20215145,0.03484105,0.0048996136,0.0050490084,0.010152646,0.0067678685,0.003071971,0.004750459,0.006242484,0.0028684214,0.0040349355,0.007327528,0.003279463,0.0019316219,0.0025056303,0.002628352,0.0020505853,0.0029184157,0.002168281,0.0024776126,0.0019075457,0.002864259,0.0023562608,0.0023320853,0.0023160349,0.004089365,0.0058089616,0.005728636,0.0070323963,0.0036359956,0.005093406,0.0056540985,0.0055344296
0.0074186437,0.003607994,0.002112786,0.0021895627,0.0018278871,0.0020992975,0.0026162,0.0016193845,0.0040328493,0.0032947762,0.0024724903,0.0033123377,0.003155476,0.0029222046,0.0024825626,0.0045683966,0.004666666,0.002925246,0.004525537,0.03861841,0.01637182,0.007238522,0.0415363,0.09142216,0.115540266,0.018560866,0.08115267,0.0013488041,0.009691963,0.06266274,0.2392809,0.060907673,0.0071962643,0.080214374,0.046602465,0.0046624904,0.007911437,0.019390576,0.0060322927,0.0024406384,0.004781281,0.007511996,0.0033437137,0.0034179268,0.0036701877,0.003171026,0.002511227,0.0023986823,0.002263355,0.0024229125,0.0029634924,0.0032750831,0.004664135,0.0023758225,0.0068506105,0.0035020504,0.0030830605,0.003264618,0.00542692,0.00401599,0.0046126144,0.0076138466,0.012237949,0.00569626,0.0057043736,0.006111191
0.006008671,0.0027823574,0.0027611821,0.0033633003,0.0071450113,0.0027111007,0.004481521,0.0035240494,0.0031648867,0.0032672847,0.0039666686,0.0019611556,0.0034391938,0.004763478,0.0056123137,0.0051236195,0.0036276854,0.00989549,0.0044006514,0.004205925,0.012447919,0.0023513215,0.0059075984,0.004011453,0.15054001,0.25864047,0.014798401,0.009691963,0.0017783823,0.019566005,0.015727282,0.2682927,0.16135296,0.021185836,0.014936951,0.01216535,0.013824478,0.013118419,0.008371906,0.010910017,0.009685632,0.005140574,0.004396726,0.011060502,0.009412896,0.002979494,0.0043065157,0.004436203,0.0024215416,0.0033612857,0.0030596284,0.004509936,0.0031782975,0.002856136,0.004815149,0.003413723,0.0029205391,0.004158425,0.0031592217,0.003907484,0.0035574532,0.0052945716,0.003188137,0.00407869,0.004067303,0.0042262604
0.004272048,0.0020894213,0.0023539986,0.0030418828,0.0028221202,0.002110969,0.0053054215,0.0032439646,0.0031182293,0.0024902618,0.0026240628,0.0019640173,0.002548631,0.008495945,0.0048144683,0.0023233925,0.0053871474,0.010335354,0.0071478495,0.0040854053,0.007647698,0.03657519,0.026470246,0.013819284,0.057338826,0.29522344,0.22850329,0.06266276,0.019566005,0.0015089989,0.01773247,0.012777419,0.0838154,0.31045526,0.023411097,0.0115624275,0.045809023,0.014890729,0.013940791,0.011575906,0.0042057866,0.0027871102,0.004113545,0.0033039732,0.007231439,0.0025074468,0.0025631862,0.0022514595,0.0027284122,0.0019359565,0.0033104082,0.0019829085,0.002026739,0.0022339139,0.0028975192,0.0026936464,0.0033417759,0.00306199,0.0014985115,0.004150579,0.0032960533,0.0059179794,0.0041104774,0.0049349754,0.0032617133,0.0032488217
0.005607507,0.003030848,0.0022196432,0.0033623034,0.0025642507,0.0020946355,0.0025017026,0.0017588909,0.0045319516,0.0026555813,0.0029999812,0.0043356996,0.0030084022,0.0045467764,0.002985953,0.0026480122,0.005483509,0.004081091,0.0029052428,0.003400865,0.028925236,0.005370548,0.037685808,0.053529058,0.0200472,0.02877431,0.44552138,0.23928094,0.015727282,0.01773247,0.005598156,0.027243994,0.018166156,0.09435743,0.07204083,0.011533934,0.0099493135,0.054571085,0.0094570825,0.0022912878,0.005446539,0.0036007466,0.0034126963,0.0030796402,0.0033019043,0.0029797489,0.003303364,0.0031044644,0.0023326469,0.0016254677,0.0030620133,0.0016942766,0.0028665273,0.003028516,0.0043266043,0.0039069233,0.0031937673,0.0028267603,0.006477674,0.0057486817,0.0047146175,0.0053400155,0.0051799314,0.005088919,0.0042556496,0.008754115
0.0046658404,0.0019431777,0.0021776585,0.0024314171,0.0037271297,0.0018957774,0.003449512,0.002868094,0.0019036271,0.0046267062,0.0027423133,0.0015138441,0.0022626861,0.0039529055,0.0028155767,0.0024651145,0.0031355303,0.006097973,0.006565055,0.0039891168,0.0041214232,0.0060778274,0.009858534,0.002723529,0.007478231,0.098474145,0.019032987,0.060907673,0.26829275,0.012777419,0.027243994,0.0027240172,0.028309168,0.019661611,0.7175409,0.06557933,0.08314203,0.020476175,0.0036252472,0.0075180456,0.01663676,0.008194479,0.0033124038,0.00652905,0.0065797,0.0025289825,0.0038724612,0.004759627,0.0035666942,0.002882565,0.0035280136,0.0036156145,0.0035758875,0.0030380473,0.0050287577,0.0056174626,0.004402961,0.0029228285,0.0025202024,0.0038494603,0.004469169,0.006344625,0.0046049864,0.0042019505,0.004796803,0.0046999417
0.0039629196,0.0018873473,0.002320611,0.0055047353,0.005804645,0.002588357,0.004066494,0.0028231754,0.0022551836,0.004496838,0.0035040912,0.0017274439,0.0034775333,0.006696745,0.008393607,0.004188522,0.0031620583,0.033900257,0.004051816,0.002177596,0.021486128,0.0022625616,0.0036050912,0.0030548223,0.024203194,0.007868237,0.010348887,0.0071962643,0.16135296,0.08381542,0.018166162,0.028309168,0.00123671,0.016866937,0.021920297,0.5251453,0.6161573,0.011821807,0.011123859,0.024123725,0.009689342,0.006230964,0.0042764293,0.016999496,0.013806742,0.0025898656,0.0032493225,0.0065966332,0.0027073668,0.0032210052,0.0031140756,0.005247805,0.0026942356,0.003995728,0.0028800087,0.0027601044,0.0030472248,0.0034708339,0.0016585356,0.0030955342,0.0024295787,0.0044210535,0.0019574827,0.0037293702,0.0035799043,0.0027059484
0.0037539066,0.003854774,0.002580834,0.0024870052,0.0017070522,0.0011276476,0.0026490665,0.001579609,0.002158572,0.0032868625,0.0035382875,0.002986501,0.002316985,0.0040314263,0.0033068086,0.004876653,0.0047984268,0.006016183,0.0048678005,0.0039998866,0.008133955,0.011043611,0.014116757,0.02765026,0.016685676,0.0071687256,0.20215148,0.08021439,0.021185836,0.31045526,0.09435743,0.019661611,0.016866937,0.0029453922,0.017204052,0.011591155,0.26754326,0.6540865,0.023552677,0.0029458588,0.015866745,0.0072049056,0.0042497492,0.0029512332,0.0025127467,0.0015721761,0.0024098584,0.0031207218,0.0019753096,0.001530058,0.0027982127,0.0029983134,0.0041139303,0.0021201072,0.0038711007,0.003480074,0.0025706333,0.0028628919,0.0037434264,0.004412159,0.0057066428,0.007429406,0.002486602,0.003908969,0.0028575487,0.0034022664
0.0030759152,0.003201015,0.0019058372,0.0021644423,0.0020762803,0.0014210119,0.0021545414,0.001585165,0.0022228304,0.0020176107,0.0021271522,0.0019149965,0.0015521959,0.0018749894,0.001983743,0.004755134,0.0033842702,0.0038200028,0.0025068424,0.003749312,0.00936984,0.009171213,0.016213676,0.0066628344,0.024200302,0.009263706,0.03484105,0.046602476,0.014936951,0.023411103,0.07204083,0.7175408,0.021920297,0.017204052,0.0014006044,0.0058520134,0.0319044,0.25918478,0.17182545,0.005244705,0.012104079,0.010132746,0.003538239,0.0027927058,0.010720083,0.004423539,0.0022407135,0.0044399635,0.004083103,0.0032658658,0.004243493,0.0042421855,0.0055401963,0.0050341594,0.006498298,0.0030375768,0.0028723055,0.002991115,0.0055725826,0.0052536107,0.006898204,0.007739782,0.005062882,0.005904651,0.007516455,0.004582306
0.0021873321,0.0013937446,0.0017615049,0.0027098206,0.0051034316,0.008356166,0.0030461964,0.0015268938,0.0017927539,0.003224579,0.0024637699,0.0014516134,0.003712528,0.0034118777,0.0047571836,0.0016331458,0.0029144124,0.004300976,0.00319062,0.002068333,0.004618494,0.002669774,0.0048212283,0.0022391947,0.004244631,0.014429702,0.0048996136,0.004662493,0.01216535,0.0115624275,0.011533934,0.065579355,0.5251453,0.011591155,0.0058520134,0.0011006916,0.016770536,0.013322326,0.1381562,0.2530905,0.03732624,0.010204036,0.015101332,0.09282278,0.019108366,0.0151119465,0.009593401,0.012352058,0.006457087,0.0058553517,0.0044973954,0.0069907946,0.0045323605,0.0033168949,0.004965175,0.00753642,0.0036984538,0.005887141,0.0042275107,0.0035072311,0.003786195,0.0035890979,0.0037420006,0.0036384976,0.0066681826,0.0044454453
0.0024057212,0.0020172314,0.001829967,0.002312184,0.003768932,0.0023664413,0.0024393175,0.0023444258,0.0022581953,0.0029777463,0.0026282668,0.0015298198,0.0022899364,0.00434385,0.0072141783,0.0024763013,0.0028726743,0.0049505876,0.0053881286,0.0016455466,0.0032955722,0.009276328,0.0023068148,0.0028020006,0.01048305,0.0021921718,0.0050490107,0.007911437,0.013824471,0.045809023,0.0099493135,0.08314203,0.6161573,0.26754326,0.0319044,0.016770529,0.0023606038,0.020427827,0.014435182,0.9407947,0.6568984,0.007000218,0.004985786,0.013262095,0.01435506,0.0040480904,0.0034982602,0.0066198222,0.0024032416,0.00228022,0.0027571437,0.0038682793,0.007391243,0.0039342465,0.004067423,0.0042129667,0.003574812,0.0028553607,0.0014568702,0.002660419,0.0029264078,0.0020363466,0.0032373602,0.0030633076,0.0043629436,0.0031070183
0.0035660146,0.0026300298,0.0020823188,0.0023491727,0.0018637175,0.0022259292,0.002003419,0.0016018098,0.0017125892,0.002609785,0.0030877157,0.0021333476,0.0022484995,0.0026884926,0.0037039327,0.0028247852,0.0051899613,0.0027812873,0.0025417686,0.0062832506,0.005858028,0.0033702669,0.0076014437,0.0132605545,0.010365417,0.028182078,0.010152646,0.01939059,0.013118419,0.014890729,0.054571103,0.020476175,0.011821807,0.6540865,0.25918478,0.013322326,0.020427834,0.0009615775,0.009678709,0.0084842965,0.16102993,0.022205887,0.014364252,0.0131723415,0.008734849,0.0066808155,0.0031886464,0.008650497,0.0020651035,0.004110536,0.0042797867,0.0025929383,0.005097075,0.003613128,0.0027544403,0.0053822338,0.0031591873,0.0036041664,0.006230574,0.006498612,0.007605999,0.006299402,0.0062395562,0.0022840514,0.003590459,0.0054263254
0.0017609448,0.0013779583,0.0016023659,0.0026248754,0.0018427611,0.0023726376,0.0025527051,0.0011825778,0.0021963688,0.0013323734,0.0023595348,0.0012376804,0.001775754,0.0016017962,0.0020769928,0.002528053,0.0024915838,0.0043404363,0.0044496427,0.0030739843,0.0022509967,0.0038670043,0.007924383,0.004172798,0.002601502,0.0051791305,0.0067678685,0.0060322927,0.008371906,0.013940791,0.009457087,0.0036252472,0.011123854,0.023552677,0.17182545,0.1381562,0.014435182,0.009678709,0.00093325326,0.0055232244,0.022569016,0.52168626,0.34978667,0.0063827056,0.015240833,0.015162617,0.007452971,0.027750399,0.0065616746,0.013597562,0.00687828,0.004011501,0.010422666,0.012169952,0.015257911,0.009368229,0.0054577547,0.0047064666,0.011926941,0.0061293016,0.008184855,0.005439226,0.0096797105,0.006499009,0.0041124127,0.0060474994
0.0015113106,0.0024885542,0.0017415772,0.0030994404,0.003437638,0.003271998,0.0047461097,0.0015944381,0.0015298299,0.0020406446,0.0017512777,0.0013062485,0.0016794093,0.0028465712,0.0048473296,0.0016753154,0.0019948862,0.0029396033,0.0035394835,0.0018945914,0.0017145902,0.0071606664,0.0019388758,0.0015004734,0.004235097,0.0031167206,0.003071971,0.0024406395,0.010910017,0.011575906,0.0022912878,0.0075180456,0.024123725,0.0029458588,0.0052447016,0.2530905,0.9407947,0.0084842965,0.0055232244,0.0024942376,0.07110399,0.015119456,0.2492398,0.966994,0.1015478,0.018899567,0.022163374,0.016025245,0.0065482636,0.01121166,0.006320429,0.0070783286,0.008215263,0.0027965435,0.0031085191,0.0055527226,0.005213612,0.0030534053,0.0029133568,0.0034455701,0.0027977112,0.004284734,0.0027753818,0.0086733615,0.005235624,0.0029034768
0.001963968,0.0019588582,0.0019811816,0.0019163368,0.005953027,0.0019692418,0.0027270385,0.0033533322,0.0015968636,0.0022516071,0.0027772277,0.0011588251,0.0018520532,0.003450531,0.004362821,0.0018696337,0.0027501986,0.0040520225,0.0019893053,0.0042392374,0.0020301386,0.0044054864,0.002572764,0.0044562845,0.0043010437,0.0056416146,0.0047504613,0.004781281,0.009685636,0.004205785,0.005446536,0.01663676,0.009689337,0.015866745,0.012104079,0.03732624,0.6568984,0.1610299,0.022569016,0.07110399,0.001075326,0.0064280964,0.0037601963,0.78066516,0.8589539,0.04159602,0.0068504834,0.013330427,0.0041057607,0.005643209,0.006223593,0.0078395745,0.006713599,0.0055918978,0.004443344,0.007763124,0.002139175,0.0033853594,0.002368401,0.002856261,0.0041966406,0.003222858,0.0029602987,0.0042455103,0.0027538878,0.004275589
0.0018980192,0.0016019617,0.002144616,0.0020127362,0.002416089,0.0013387487,0.00216593,0.0019401477,0.0015589924,0.0015806088,0.0027188845,0.00167826,0.0014385065,0.0015936944,0.0021144978,0.001672024,0.0021471677,0.001644206,0.002061883,0.0021928092,0.0017959276,0.0028100316,0.0032058689,0.005461564,0.0023881465,0.0042398577,0.006242484,0.007511996,0.005140574,0.0027871102,0.0036007466,0.008194479,0.006230964,0.0072049056,0.010132746,0.010204036,0.007000218,0.022205887,0.52168626,0.015119456,0.0064280997,0.0012354896,0.09523216,0.010860306,0.10540084,0.52852803,0.016876135,0.017962046,0.004763426,0.010249962,0.028238699,0.018541323,0.10019185,0.012471758,0.016927842,0.0093637025,0.007900988,0.009472192,0.012341463,0.01098688,0.011557856,0.011043882,0.00625567,0.0055310423,0.004676595,0.010278124
0.0020216866,0.002130857,0.002099602,0.0022183794,0.0020010048,0.0020751532,0.0019224839,0.0018599348,0.0011672727,0.0018406406,0.0020570192,0.0019040148,0.0016446476,0.0019145884,0.0050751953,0.0026315525,0.0016403431,0.0017936784,0.002885118,0.0013621371,0.0015875244,0.0023210724,0.0026668783,0.0030699056,0.0017266531,0.002294176,0.0028684214,0.0033437137,0.004396726,0.004113545,0.0034126963,0.0033124038,0.0042764293,0.0042497492,0.003538239,0.015101332,0.004985786,0.014364252,0.34978667,0.2492398,0.0037601944,0.09523216,0.0007730125,0.0049896506,0.042069197,0.37006074,0.030831765,0.7630838,0.020710038,0.026364543,0.022322195,0.052501757,0.015551619,0.011920064,0.013303898,0.011642461,0.017089266,0.013424313,0.0100261625,0.0057629663,0.005596465,0.0059881248,0.004958922,0.0119628,0.008534044,0.0041493145
0.0023025298,0.00220354,0.002515983,0.0018910986,0.0052677337,0.002537553,0.0025223214,0.0027917072,0.001200181,0.0025264313,0.0024804648,0.0013720681,0.0022533787,0.0027114488,0.007129326,0.0019310464,0.0018974321,0.0034612797,0.0032178145,0.0015187396,0.0020496275,0.011505182,0.0020438822,0.002000483,0.0054309443,0.0052631935,0.0040349374,0.0034179287,0.011060502,0.0033039732,0.0030796402,0.00652905,0.016999496,0.0029512332,0.0027927042,0.09282276,0.013262095,0.013172335,0.0063827056,0.966994,0.78066516,0.010860306,0.0049896506,0.0013074646,0.15046993,0.032593895,0.014183249,0.10721894,0.01215034,0.010114301,0.014367695,0.009244553,0.0070798867,0.0063878666,0.005370479,0.006965959,0.0065452,0.0072631044,0.0053847134,0.004850208,0.0036336833,0.0033757684,0.002561375,0.0046794675,0.007052858,0.0035115567
0.0019400682,0.0026639653,0.002031278,0.002498467,0.0029394946,0.0016528622,0.0027593577,0.0016651421,0.0014075286,0.002341961,0.0025370074,0.0020689848,0.0014687945,0.002482142,0.0035988686,0.0028403264,0.0026029611,0.002861538,0.004078847,0.0025768958,0.003461258,0.004652963,0.00258818,0.0051858174,0.0038381766,0.004248924,0.007327528,0.0036701893,0.009412896,0.007231439,0.0033019043,0.0065797,0.013806742,0.0025127467,0.010720083,0.019108362,0.014355053,0.008734849,0.015240833,0.1015478,0.8589539,0.10540084,0.042069197,0.15046993,0.0018845659,0.01846514,0.0034384602,0.029305654,0.021626942,0.009144701,0.016285526,0.029974857,0.01153173,0.0029445929,0.0064280545,0.008763276,0.005087721,0.0045874356,0.0042357403,0.005406756,0.0066592153,0.004830664,0.0044135735,0.0037601767,0.006217193,0.005959388
0.0020396283,0.0017431786,0.0020457979,0.002183004,0.0025132822,0.0017176274,0.0020144735,0.0021176331,0.0014094978,0.0013690378,0.0030971693,0.001984111,0.0020206862,0.0017256276,0.0020666479,0.0017339438,0.001547251,0.0016285133,0.0016465976,0.0019060605,0.0017060344,0.0018815803,0.002760572,0.0020306837,0.002177561,0.0014764272,0.003279463,0.003171026,0.002979494,0.0025074459,0.0029797489,0.0025289825,0.0025898656,0.0015721761,0.004423539,0.0151119465,0.0040480904,0.0066808155,0.015162617,0.018899571,0.04159602,0.52852803,0.37006074,0.032593895,0.01846514,0.005433801,0.04048578,0.039099943,0.02028216,0.16854577,0.12722412,0.045958005,0.08699933,0.010364748,0.016022854,0.014207098,0.008713522,0.011850619,0.009928484,0.007701278,0.009941693,0.014947149,0.011210026,0.0058722626,0.012090955,0.010723456
0.0030188935,0.003397216,0.0023863679,0.0031425732,0.0038340169,0.002062401,0.002333359,0.0020637126,0.0013159103,0.0015298694,0.002871018,0.0017511401,0.001956353,0.002259025,0.0020237947,0.0013657659,0.0018247284,0.0016247004,0.0014723191,0.0012280506,0.0027792223,0.0025056002,0.001469832,0.001884496,0.0027821166,0.0015782387,0.0019316219,0.002511227,0.0043065157,0.0025631848,0.003303364,0.0038724612,0.0032493225,0.0024098584,0.0022407135,0.009593401,0.0034982602,0.0031886448,0.007452971,0.02216338,0.0068504834,0.016876135,0.030831758,0.014183249,0.0034384602,0.04048578,0.0010180533,0.02239109,0.9592525,0.99785113,0.07361888,0.11121504,0.0075191446,0.02559208,0.009186846,0.013053794,0.013324866,0.013157702,0.0069690207,0.008067965,0.0059536025,0.009958334,0.0061718635,0.011451353,0.027754817,0.014601338
0.0021932726,0.0021810138,0.0031409394,0.0035491113,0.002443968,0.0025987977,0.0019469635,0.0020677014,0.0017780444,0.003846291,0.0028201672,0.0019840817,0.001866663,0.0022272533,0.002649596,0.0016218672,0.0016838079,0.0019415248,0.0025371716,0.0013999823,0.0029095972,0.005411697,0.0017296612,0.0036426696,0.0039464016,0.004581271,0.0025056314,0.0023986823,0.004436203,0.0022514595,0.0031044644,0.004759627,0.0065966332,0.0031207218,0.0044399635,0.012352058,0.0066198222,0.008650497,0.027750399,0.016025253,0.013330427,0.017962046,0.7630838,0.107218966,0.029305644,0.039099943,0.022391096,0.0006917679,0.21930236,0.048581965,0.014414946,0.0031986865,0.010227651,0.011762562,0.008900444,0.021822672,0.00803305,0.01842535,0.006562577,0.00805225,0.009382294,0.007120839,0.0061141457,0.011535151,0.038395736,0.012496706
0.0015118164,0.003986304,0.0019767636,0.0026781238,0.0035172529,0.003729957,0.002629467,0.0029486131,0.0013465604,0.0020684178,0.0026922468,0.0021339424,0.0016545625,0.0018300341,0.0028782866,0.0016574172,0.0015562307,0.0012394441,0.0020145588,0.0018454889,0.0012569089,0.0028724298,0.0028097187,0.0020244822,0.002573634,0.0026024575,0.0026283532,0.002263355,0.0024215402,0.0027284122,0.0023326469,0.0035666942,0.0027073668,0.0019753096,0.004083103,0.006457087,0.0024032416,0.0020651035,0.0065616746,0.0065482673,0.0041057607,0.004763426,0.020710038,0.01215034,0.021626947,0.02028216,0.9592525,0.2193024,0.0014683169,0.05428569,0.03753699,0.01830808,0.0018521565,0.04823903,0.032313142,0.023406975,0.022219636,0.043785926,0.037246697,0.04945319,0.015573038,0.017163489,0.025251402,0.03679621,0.04166888,0.024606757
0.0019859115,0.0018265775,0.0028795854,0.002905696,0.0030349337,0.0018178966,0.0028916092,0.0018398698,0.0013289353,0.0017140295,0.0021309878,0.0016873087,0.0015622989,0.0020623538,0.0017775191,0.0024613298,0.0014155013,0.0011853973,0.0017635663,0.0010862672,0.002270459,0.002213339,0.0028960453,0.0017534338,0.0017253442,0.001985114,0.0020505853,0.0024229125,0.0033612857,0.0019359575,0.0016254677,0.002882566,0.0032210052,0.0015300573,0.0032658675,0.0058553517,0.00228022,0.004110536,0.013597562,0.01121166,0.005643209,0.010249962,0.026364543,0.010114296,0.009144701,0.16854577,0.99785113,0.048581965,0.05428569,0.00060154946,0.020771883,0.56284314,0.0057831546,0.14757746,0.011461733,0.0147585785,0.019866878,0.03361249,0.018811775,0.012085153,0.0141177075,0.02050797,0.015725303,0.015858527,0.030707452,0.01139286
0.0022354107,0.0019809788,0.003795204,0.0030468642,0.0020918008,0.0023232354,0.002199978,0.002320528,0.0021849629,0.00239361,0.0025035797,0.002883826,0.002446329,0.002098129,0.0018108884,0.002229025,0.0037115335,0.0024636958,0.0022184534,0.0028049801,0.002127792,0.0021241242,0.00283674,0.0025422582,0.0022414033,0.0024831614,0.0029184157,0.0029634924,0.0030596284,0.0033104082,0.0030620133,0.0035280136,0.0031140756,0.0027982113,0.004243493,0.0044973954,0.0027571437,0.0042797867,0.00687828,0.006320429,0.0062235952,0.028238693,0.022322195,0.014367703,0.016285526,0.12722409,0.07361888,0.014414946,0.03753699,0.020771883,0.033312414,0.011195326,0.036902227,0.019019775,0.0019097497,0.0075815376,0.027792117,0.017918319,0.02982969,0.0376787,0.045203213,0.045365535,0.046950523,0.014546087,0.017847309,0.034097813
0.002194734,0.004897698,0.0025634933,0.0026190295,0.002731038,0.0021324686,0.0018365958,0.0018626198,0.0011704977,0.0014603685,0.0019580026,0.0014241867,0.0018072968,0.0016415991,0.0017445774,0.0012339707,0.0014806476,0.0028092912,0.0017737639,0.0022236416,0.002233017,0.0028594977,0.0015739631,0.0020370588,0.0022645623,0.0028126677,0.002168281,0.0032750848,0.004509936,0.0019829085,0.0016942774,0.0036156145,0.005247805,0.0029983134,0.0042421855,0.0069907946,0.0038682811,0.002592937,0.004011503,0.0070783286,0.0078395745,0.018541323,0.05250177,0.009244553,0.029974863,0.045958005,0.111215085,0.0031986865,0.01830808,0.56284314,0.011195326,0.00059814064,0.033930607,0.08827743,0.040378027,0.062039435,0.07073838,0.05349022,0.011168933,0.016681857,0.016306302,0.048020843,0.033104688,0.04691638,0.056404293,0.01353407
0.0016623472,0.0031576545,0.001809292,0.0022149917,0.0023462365,0.0016638094,0.0017311496,0.0010408509,0.0012887267,0.001866068,0.0017343268,0.0012543984,0.0013638487,0.0015808918,0.0014572692,0.0014660911,0.0017393577,0.001863974,0.0013606506,0.0016483746,0.0024827702,0.0015879702,0.002479249,0.0022625895,0.0022712918,0.0026133286,0.0024776137,0.004664135,0.0031782975,0.002026739,0.0028665273,0.0035758875,0.0026942356,0.0041139303,0.0055401963,0.0045323605,0.007391243,0.005097075,0.010422666,0.008215263,0.0067135957,0.10019182,0.015551619,0.0070798867,0.01153173,0.08699933,0.0075191446,0.010227651,0.0018521573,0.0057831546,0.036902238,0.033930607,0.0036811174,0.035068307,0.025673034,0.050364923,0.23385404,0.37931934,0.21006033,0.048964832,0.026202869,0.081967264,0.044760156,0.036299456,0.038463935,0.015794203
0.0020857332,0.0022648133,0.0025698473,0.002288194,0.0040125605,0.0019368053,0.0017869557,0.0015612935,0.0011699126,0.00156607,0.0032045967,0.0020512608,0.0019551252,0.0014994708,0.001747255,0.0014845118,0.001730409,0.0011291223,0.0017433588,0.0013754959,0.0017170142,0.0014824817,0.0017803039,0.001539084,0.0027899994,0.0023715193,0.0019075457,0.0023758237,0.002856136,0.0022339139,0.003028516,0.0030380473,0.003995728,0.0021201083,0.0050341594,0.0033168949,0.0039342465,0.003613128,0.012169952,0.0027965435,0.0055918978,0.0124717625,0.011920069,0.0063878666,0.0029445929,0.010364748,0.02559208,0.011762562,0.048239037,0.14757743,0.01901978,0.08827743,0.035068315,0.001225616,0.15496373,0.027687935,0.5349334,0.13633958,0.06622559,0.051430035,0.024407694,0.061073612,0.095876,0.042747088,0.08100446,0.015431506
0.0016293483,0.0018526643,0.0020715639,0.0019042197,0.0021325885,0.0019320659,0.0019493725,0.0014514909,0.0011758439,0.0017447976,0.002895774,0.001628055,0.0015362912,0.0016422073,0.0022420315,0.0014703359,0.0016956279,0.0014972378,0.0015788354,0.0019151918,0.0013907976,0.0017577626,0.0024790778,0.0027166216,0.0040404927,0.0020105974,0.002864259,0.0068506105,0.004815147,0.0028975192,0.0043266043,0.0050287577,0.0028800087,0.0038711007,0.006498298,0.004965175,0.004067423,0.0027544403,0.015257911,0.0031085191,0.004443344,0.016927835,0.013303898,0.0053704763,0.0064280545,0.016022854,0.009186846,0.008900444,0.032313142,0.011461733,0.0019097497,0.040378015,0.025673041,0.15496369,0.016060442,0.018249048,0.13002527,0.66606003,0.31934834,0.092876665,0.029528841,0.1419224,0.025779044,0.011995018,0.031575054,0.014451186
0.0015901203,0.0017624593,0.0022383863,0.0020476582,0.005175498,0.0024187728,0.002220487,0.0017289921,0.0014913206,0.0018622422,0.00339979,0.0016764419,0.0018583772,0.0017660469,0.0017136942,0.0015746048,0.0018692359,0.001714049,0.0019717764,0.0016226636,0.0019675368,0.002710438,0.0017753028,0.0024705234,0.0033090317,0.0022367812,0.0023562617,0.003502052,0.003413723,0.0026936464,0.0039069233,0.0056174602,0.0027601044,0.003480074,0.0030375768,0.00753642,0.0042129667,0.0053822338,0.009368229,0.0055527226,0.007763124,0.0093637025,0.011642461,0.006965959,0.008763276,0.01420709,0.013053794,0.021822672,0.023406971,0.0147585785,0.0075815376,0.062039435,0.050364923,0.027687935,0.018249054,0.0014424806,0.41006926,0.22394562,0.451531,0.016143115,0.061758634,0.033971824,0.030926205,0.06347417,0.02192202,0.009431699
0.0031060996,0.0014621948,0.0023580876,0.0018983687,0.0026690087,0.0024111348,0.0022476665,0.002020665,0.0018530621,0.0022692385,0.0025510082,0.0021258877,0.0018574354,0.0013974792,0.0018932321,0.0013299184,0.0019479906,0.0012230648,0.0023451843,0.0013500018,0.002202565,0.0023378446,0.0025949392,0.002471807,0.0024195542,0.0048744925,0.0023320853,0.0030830605,0.002920538,0.0033417759,0.0031937673,0.004402961,0.0030472248,0.0025706333,0.0028723055,0.0036984538,0.003574812,0.0031591856,0.0054577547,0.005213612,0.002139175,0.007900988,0.017089266,0.0065452,0.005087721,0.008713522,0.013324866,0.00803305,0.02221963,0.019866878,0.027792117,0.07073837,0.23385404,0.5349334,0.13002528,0.41006926,0.0017907849,0.17946237,0.085748635,0.012686368,0.026067354,0.03642182,0.058068667,0.015353225,0.028901465,0.009857388
0.001977539,0.0012326961,0.0019426265,0.002828535,0.0023781136,0.0020489362,0.002397106,0.0017642723,0.0020835774,0.0018990176,0.0026810009,0.0016418289,0.0014914235,0.0013599965,0.0018336541,0.0012626948,0.0014824197,0.00204714,0.00174779,0.0017329406,0.0021981678,0.0018311229,0.001287392,0.0020691394,0.0030478393,0.0013612774,0.0023160349,0.003264618,0.004158425,0.00306199,0.0028267603,0.0029228285,0.0034708339,0.0028628919,0.002991115,0.005887141,0.0028553593,0.0036041648,0.0047064666,0.0030534053,0.0033853594,0.009472188,0.013424313,0.0072631044,0.0045874356,0.011850619,0.013157702,0.018425344,0.04378593,0.03361249,0.017918319,0.05349021,0.37931934,0.13633958,0.66606003,0.2239456,0.17946237,0.00081420795,0.033074476,0.026556386,0.048262358,0.029735135,0.08526745,0.038125444,0.038674034,0.011015587
0.0014418955,0.0024938544,0.0021782967,0.001583293,0.0023516885,0.0016238773,0.0012623932,0.0015210594,0.0011578228,0.0011779194,0.0025722194,0.0016859743,0.0015726141,0.0013230955,0.0012745751,0.0012313114,0.0014536765,0.0013921122,0.0017908078,0.0019300164,0.0014821712,0.0014083466,0.0023018904,0.006123878,0.0016401915,0.0026284007,0.004089365,0.00542692,0.0031592206,0.0014985115,0.006477674,0.0025202024,0.0016585347,0.0037434264,0.0055725826,0.0042275107,0.0014568702,0.006230572,0.011926941,0.0029133568,0.002368401,0.012341463,0.0100261625,0.0053847134,0.0042357403,0.009928484,0.0069690207,0.006562574,0.037246685,0.01881177,0.029829696,0.011168928,0.21006028,0.06622559,0.31934834,0.451531,0.085748635,0.033074472,0.0011335425,0.0538307,0.309391,0.11536595,0.23498626,0.07001797,0.033070043,0.043978155
0.0023245101,0.002373832,0.0029935532,0.0025635762,0.0024240217,0.002056469,0.0022846612,0.0017715566,0.0022522928,0.0027251472,0.002872864,0.0033339332,0.0020959966,0.0018464653,0.0016425693,0.0029144678,0.0031723406,0.0023546293,0.002586189,0.003301641,0.003474362,0.0021229107,0.0038823348,0.0038811977,0.003121431,0.0022281224,0.0058089644,0.00401599,0.003907484,0.004150579,0.0057486817,0.0038494603,0.0030955342,0.004412159,0.0052536107,0.0035072311,0.002660419,0.006498612,0.0061293016,0.0034455701,0.002856261,0.01098688,0.0057629663,0.004850208,0.005406756,0.007701278,0.008067965,0.00805225,0.04945319,0.012085153,0.03767872,0.016681857,0.048964832,0.051430028,0.092876665,0.016143108,0.012686368,0.026556393,0.05383072,0.014518895,0.10853908,0.032389957,0.06100534,0.012921215,0.028732859,0.05727113
0.0017036311,0.0022927367,0.0021311599,0.0019826405,0.0021358624,0.001954677,0.002395567,0.0015936657,0.0018808016,0.0019041235,0.0039555463,0.002451016,0.0018443713,0.0018582164,0.0015077807,0.0025366466,0.00243469,0.0016750258,0.0018992381,0.002778724,0.0025460517,0.0016879442,0.0034151021,0.003499756,0.0027537802,0.0022079109,0.005728636,0.0046126144,0.0035574532,0.0032960533,0.0047146175,0.004469169,0.0024295787,0.0057066428,0.006898204,0.003786195,0.0029264078,0.007605999,0.0081848595,0.0027977123,0.0041966406,0.011557856,0.005596465,0.0036336833,0.0066592153,0.009941693,0.0059536025,0.009382294,0.015573038,0.0141177075,0.045203213,0.016306302,0.026202865,0.024407694,0.029528847,0.06175862,0.026067354,0.048262373,0.309391,0.10853908,0.023217045,0.019960657,0.10005925,0.03034688,0.025398351,0.099522695
0.002199305,0.001979763,0.0017021463,0.0020812203,0.0024802196,0.0018638002,0.0017584405,0.0018752606,0.00164349,0.0015752309,0.0023297553,0.0018292092,0.0019247166,0.00182155,0.0017821827,0.0012664794,0.002354421,0.0017950559,0.0022992152,0.002499135,0.0023314806,0.0021345436,0.002884469,0.0032845528,0.004000643,0.0046090866,0.0070323995,0.007613849,0.0052945716,0.0059179794,0.0053400155,0.006344625,0.0044210535,0.007429406,0.007739782,0.0035890979,0.0020363466,0.006299402,0.005439226,0.004284734,0.003222858,0.011043882,0.0059881248,0.0033757684,0.004830664,0.014947149,0.00995834,0.007120839,0.017163489,0.02050797,0.045365535,0.048020832,0.081967264,0.061073612,0.1419224,0.033971824,0.03642182,0.029735135,0.115365975,0.032389957,0.019960651,0.008992692,0.032448694,0.06155865,0.020622624,0.009365224
0.0018035122,0.002049885,0.0018971313,0.0015648163,0.0020407226,0.0019313828,0.0016677115,0.002105029,0.001363102,0.001484017,0.0022619276,0.001862111,0.001557175,0.0018301011,0.0014084814,0.0014540338,0.0021073911,0.001233062,0.0019996301,0.003494485,0.0023505487,0.0016730956,0.0050533838,0.0045344867,0.0032697748,0.002690451,0.0036359956,0.012237955,0.003188137,0.0041104774,0.0051799314,0.0046049864,0.0019574827,0.002486602,0.005062882,0.0037420006,0.0032373602,0.0062395562,0.0096797105,0.0027753818,0.0029602987,0.0062556663,0.004958922,0.002561375,0.0044135735,0.011210026,0.0061718635,0.0061141457,0.025251402,0.015725303,0.046950523,0.03310467,0.044760175,0.095876,0.025779048,0.030926205,0.05806868,0.08526745,0.23498628,0.06100534,0.10005928,0.032448694,0.0033992443,0.38199306,0.08144028,0.038150582
0.00400699,0.002328562,0.0016850822,0.0027705147,0.0018826938,0.0030125452,0.0016903469,0.0018215057,0.0016769256,0.0021242676,0.0022306978,0.001702652,0.001680108,0.002515979,0.001961641,0.0016072118,0.0022464208,0.001775401,0.0030576335,0.0021308437,0.004465284,0.002485838,0.0031437788,0.0049312,0.0028625382,0.0028528976,0.005093406,0.0056962627,0.00407869,0.0049349754,0.005088919,0.0042019505,0.0037293686,0.003908969,0.005904651,0.0036384976,0.0030633076,0.0022840514,0.006499009,0.0086733615,0.0042455103,0.0055310423,0.0119628,0.0046794675,0.0037601767,0.0058722626,0.011451353,0.011535151,0.036796216,0.015858527,0.014546087,0.04691638,0.036299456,0.04274707,0.011995018,0.06347417,0.015353234,0.038125463,0.070017986,0.012921221,0.03034688,0.06155865,0.3819933,0.0013817423,0.26055545,0.041888267
0.0012313301,0.00203082,0.0020157325,0.0018756953,0.0022060007,0.0018926034,0.0022832495,0.0025232465,0.0015653915,0.0044883033,0.0028023084,0.0016594225,0.0018812186,0.0015588069,0.003457732,0.0017451438,0.0016895513,0.0012788897,0.002838474,0.0023861446,0.0022889953,0.0034967258,0.0030412294,0.0038046746,0.0046898974,0.0035919517,0.0056540985,0.0057043736,0.004067303,0.0032617133,0.0042556496,0.004796803,0.0035799043,0.0028575487,0.007516455,0.0066681826,0.0043629436,0.003590459,0.0041124127,0.0052356217,0.0027538878,0.004676595,0.008534044,0.007052858,0.006217193,0.012090955,0.027754817,0.038395736,0.04166888,0.030707452,0.017847309,0.056404293,0.038463946,0.08100445,0.031575054,0.021922026,0.02890147,0.038674045,0.033070043,0.028732859,0.025398351,0.020622624,0.08144028,0.26055545,0.001611336,0.007851921
0.0026434236,0.002270054,0.003383114,0.0038944506,0.002974915,0.0030476018,0.0030938704,0.0023711335,0.0031296916,0.002504035,0.0037014892,0.0045396835,0.003011252,0.0027594403,0.0033101866,0.0027796887,0.004507083,0.002507348,0.0038910783,0.0059274943,0.0036091392,0.0031510391,0.004977802,0.006435739,0.005518588,0.005158593,0.0055344296,0.006111191,0.0042262604,0.0032488217,0.008754115,0.0046999417,0.0027059484,0.0034022664,0.004582306,0.0044454434,0.0031070197,0.0054263226,0.0060474994,0.0029034768,0.004275589,0.010278124,0.0041493145,0.0035115567,0.005959388,0.010723456,0.014601338,0.012496706,0.024606757,0.01139286,0.03409782,0.01353407,0.015794195,0.015431506,0.014451186,0.009431704,0.009857393,0.011015587,0.043978155,0.05727112,0.099522695,0.009365224,0.038150582,0.041888267,0.007851921,0.011567005
