0,1,2,3,4,5,6,7,8,9,10,11,12,13,14,15,16,17,18,19,20,21,22,23,24,25,26,27,28,29,30,31,32,33,34,35,36,37,38,39,40,41,42,43,44,45,46,47,48,49,50,51,52,53,54
0.0028756054,0.0042537223,0.011503442,0.012226714,0.018075619,0.017188177,0.021138685,0.015592121,0.015197511,0.014204947,0.009926371,0.007208068,0.008134914,0.0149339475,0.0038452628,0.0053194766,0.0117636435,0.006857706,0.0069731367,0.008942564,0.0056472723,0.006558937,0.0059779356,0.008987276,0.0069115646,0.004456075,0.0074048503,0.00701707,0.004415441,0.004096543,0.0051603327,0.0059746862,0.004216919,0.004582132,0.0054038335,0.003502583,0.0032149085,0.0040380605,0.004625062,0.003087701,0.0041490323,0.0045292764,0.0046043852,0.0036783707,0.002956563,0.004482644,0.0050122007,0.0047996724,0.0044857007,0.004023621,0.0046386435,0.008235685,0.009242435,0.009622122,0.011269505
0.0042537223,0.0041548684,0.012397521,0.03519805,0.01643738,0.036227446,0.030134518,0.015764564,0.017052718,0.01008029,0.011958388,0.0076962663,0.0068935505,0.010554786,0.004184419,0.0039947703,0.007185816,0.007912856,0.0056771683,0.0059904293,0.005090947,0.007251894,0.005099833,0.0056434735,0.004375071,0.00397735,0.005693892,0.0049871127,0.0037473054,0.0048837233,0.004427102,0.0045885267,0.0055193,0.006376349,0.004702258,0.0034965381,0.002913591,0.0039442037,0.0039329235,0.0030676883,0.003595312,0.0034553355,0.004327194,0.0037929798,0.0032079755,0.004680834,0.0039975755,0.0063887537,0.003689074,0.00528067,0.0089741405,0.009437831,0.009418553,0.0152311595,0.011744837
0.011503442,0.012397521,0.0038206144,0.039218035,0.029012026,0.065454476,0.051334534,0.03014254,0.0250454,0.013494276,0.019716907,0.01337062,0.007931425,0.012907453,0.0068432787,0.0057688877,0.0057458943,0.0049505197,0.0059309006,0.0059494893,0.0038542317,0.0049313474,0.004069063,0.004198528,0.0035913682,0.0039483104,0.0039689243,0.0041648657,0.0033162155,0.0030792186,0.004064727,0.0040470776,0.0032000763,0.004154105,0.00333237,0.003258727,0.0027716942,0.0032380463,0.003318647,0.002773878,0.0029933695,0.0028275412,0.0032999811,0.0027747988,0.002516645,0.0043186643,0.0035016479,0.005845207,0.0043397523,0.0065423506,0.0058297873,0.009197951,0.009196113,0.020573888,0.01453252
0.012226719,0.03519805,0.039218035,0.0029888886,0.040345237,0.07943105,0.3815951,0.029523794,0.019921098,0.031936657,0.056685243,0.022318173,0.007857513,0.010477037,0.011925946,0.003331374,0.0030563518,0.0047051115,0.0034754714,0.003795355,0.0026593213,0.004749814,0.0066617806,0.002727465,0.0022449326,0.0034319728,0.0061608697,0.0022103356,0.0023437578,0.0028998742,0.0029993213,0.002489872,0.0018098052,0.005223655,0.00203696,0.001965735,0.002558015,0.0025615739,0.00209583,0.0017980285,0.00405106,0.0031469963,0.003103961,0.0035788245,0.0050830483,0.0053036152,0.0028745637,0.005693363,0.0032174569,0.006283411,0.0070055197,0.006329117,0.009332589,0.019231386,0.014222705
0.018075619,0.01643738,0.029012026,0.040345218,0.0032554485,0.041658707,0.08187019,0.032150544,0.099258795,0.014072027,0.0124353515,0.007982288,0.0059124925,0.0060349037,0.011370079,0.005485592,0.0048976885,0.0056734285,0.0048794956,0.0042086677,0.0030114127,0.0064711864,0.012292516,0.0035620148,0.003038391,0.0045066746,0.008155488,0.002751737,0.0036920495,0.0043111164,0.004135824,0.0027452582,0.0028352125,0.0041190423,0.0031141809,0.0035676716,0.0030244545,0.0024504275,0.0027643181,0.0017383123,0.0028834585,0.0028824399,0.003942715,0.0031175106,0.0030840894,0.0037325926,0.0033858037,0.005080225,0.0033017022,0.005158272,0.009197286,0.005759935,0.012698551,0.014020531,0.01476389
0.017188177,0.036227446,0.06545448,0.07943103,0.041658707,0.00072039134,0.044675842,0.03702076,0.01628736,0.07333617,0.011796161,0.012953659,0.0062508457,0.009513341,0.014966413,0.0032829035,0.004466507,0.0062884595,0.0034929318,0.0035582022,0.0023192577,0.0064651463,0.009388256,0.0025438743,0.0022579602,0.0021765148,0.005494713,0.0019401228,0.0034668716,0.0037915548,0.0032739702,0.0021880153,0.0029391006,0.005724091,0.0024549994,0.0031492338,0.004036093,0.0023278012,0.0027250473,0.0030489594,0.0037558652,0.0033612505,0.002944036,0.0033145593,0.0059010684,0.0028584416,0.0038857923,0.012829533,0.0052567986,0.009860782,0.011131577,0.009100349,0.012219881,0.014828361,0.004148071
0.021138685,0.030134533,0.05133455,0.3815951,0.08187022,0.044675842,0.0014533305,0.013162786,0.058916733,0.016698878,0.046650104,0.077038966,0.007555914,0.0056867506,0.014816795,0.009448671,0.0033482956,0.009172825,0.0045791883,0.003137771,0.0018446133,0.007690842,0.0068191313,0.00230638,0.002292714,0.0030471496,0.0030595006,0.0019264413,0.0019522002,0.0027800233,0.0029786995,0.0023275444,0.0020719357,0.010048933,0.0020727157,0.002668694,0.002587023,0.0017442752,0.0011903113,0.0016995756,0.0042963186,0.0031526184,0.0015404028,0.0029908959,0.0025819158,0.0041817594,0.0030171818,0.005476383,0.005195531,0.015761798,0.0065296963,0.008956817,0.012135566,0.018623728,0.00378999
0.015592121,0.015764557,0.030142546,0.029523786,0.032150544,0.03702075,0.01316278,0.0004295535,0.0068600248,0.03919352,0.034770373,0.103133276,0.008136633,0.011642719,0.022608252,0.017204762,0.007334375,0.01057379,0.007150547,0.009306082,0.004140949,0.0038019994,0.013828501,0.0034907167,0.004253805,0.006231466,0.0038725568,0.0029553052,0.0025673648,0.007055091,0.0035577135,0.003223497,0.0035024697,0.0030571045,0.0028344037,0.0019902692,0.0028260695,0.0017295684,0.0041274107,0.0046989718,0.009709494,0.004221812,0.002965261,0.0030546074,0.0030415198,0.0036573363,0.0029362733,0.002322347,0.0039252783,0.002949072,0.0039955107,0.0076490915,0.005312253,0.007985388,0.0074562626
0.015197518,0.017052718,0.0250454,0.019921103,0.099258795,0.01628736,0.058916733,0.0068600248,0.0008070186,0.006923675,0.02880194,0.029756885,0.024302196,0.019422825,0.025735984,0.020907952,0.021022668,0.022868365,0.009750372,0.012459131,0.0076226313,0.006522027,0.011094739,0.005783615,0.004420428,0.004162681,0.004318686,0.0044183615,0.002980885,0.002673854,0.0027834952,0.0027668483,0.0023811767,0.00492605,0.0028193316,0.002273825,0.0018895296,0.00394288,0.0020895188,0.0019881374,0.0022629306,0.0027247013,0.002924359,0.004150061,0.0024060488,0.0026639223,0.0023804258,0.0032454808,0.0035283638,0.004153237,0.005411428,0.0062425225,0.0044278773,0.0048688888,0.0060557425
0.014204947,0.01008029,0.013494276,0.031936657,0.014072027,0.073336154,0.016698878,0.039193526,0.006923675,0.00048703095,0.013876001,0.060393885,0.010862974,0.058871776,0.07190603,0.021735068,0.0075860852,0.015935738,0.009846248,0.009442045,0.011186767,0.006281744,0.0089495685,0.0055881124,0.0025263387,0.003578248,0.0054114615,0.0018797269,0.004052771,0.0042710216,0.0018368406,0.0028697501,0.002065434,0.0033805748,0.0034254554,0.0023658539,0.0030254235,0.0016069433,0.0014443238,0.0026024191,0.0031583633,0.0023826486,0.0028041399,0.0050061755,0.0067946576,0.005595428,0.002503094,0.0017387534,0.004891543,0.0052945367,0.008660791,0.004989333,0.0058412063,0.010089734,0.0047776
0.009926371,0.011958388,0.019716907,0.056685243,0.0124353515,0.011796155,0.046650093,0.034770384,0.02880194,0.013876007,0.0005208446,0.014097593,0.0036599678,0.04352718,0.034973033,0.043066524,0.013194965,0.013915519,0.01630315,0.019551337,0.012462898,0.008289885,0.009332849,0.0048603066,0.0030654522,0.0033392215,0.006418298,0.001953572,0.0017690319,0.0050213262,0.004538272,0.0031613563,0.0025537373,0.00451952,0.0033592335,0.0032781356,0.0028271943,0.0055948887,0.0018187732,0.0021681285,0.0044565042,0.0022365747,0.0019619986,0.0019726295,0.0043394635,0.0028136456,0.0022615164,0.003659144,0.0022097973,0.0033197573,0.008542133,0.00834837,0.004090068,0.009019418,0.0039476748
0.007208068,0.0076962663,0.013370627,0.022318173,0.007982288,0.012953653,0.07703895,0.103133276,0.029756885,0.060393903,0.014097593,0.00053115416,0.011975217,0.05791438,0.020375071,0.01259792,0.022226049,0.02441015,0.028452722,0.012789797,0.013313015,0.008865604,0.010554477,0.007843244,0.0035963643,0.0035582834,0.0032904872,0.0032983285,0.005500375,0.0035177309,0.0055201766,0.004506557,0.0029449302,0.0036716352,0.0033102727,0.0025364344,0.0025106142,0.0029630302,0.002558761,0.0030219175,0.0030060802,0.0029454946,0.0022293292,0.0017079177,0.0019536084,0.005298034,0.0025981735,0.0021283147,0.0035493472,0.0033302072,0.002351053,0.0036122235,0.0029546674,0.003243985,0.0052427817
0.008134914,0.0068935505,0.007931429,0.007857513,0.0059124925,0.0062508457,0.007555914,0.008136633,0.024302196,0.010862974,0.0036599678,0.011975217,0.011789558,0.009951925,0.006766337,0.009790226,0.040277462,0.049236886,0.05366522,0.12558827,0.26608846,0.027877558,0.014881933,0.03502784,0.016782224,0.0049332003,0.00457308,0.004187627,0.003778031,0.0024526743,0.0049727713,0.0055363253,0.003407279,0.0036219866,0.0042106467,0.0033467903,0.002748154,0.006124725,0.0022762052,0.0018819586,0.0021091006,0.0037404594,0.0020037566,0.0017958105,0.0027886012,0.0026573236,0.002370926,0.002183056,0.001475922,0.002133588,0.0026199103,0.0029600763,0.0025983253,0.0031205467,0.0042205006
0.0149339475,0.010554786,0.012907453,0.010477037,0.0060349037,0.009513341,0.005686748,0.011642719,0.019422825,0.058871776,0.04352718,0.05791437,0.009951925,0.015346992,0.03372872,0.06480931,0.41689402,0.027571524,0.14531714,0.009674825,0.047523435,0.007967707,0.007794231,0.010696947,0.003890851,0.0037642713,0.0068217413,0.0031448938,0.0027819471,0.0021830767,0.0025903091,0.0035157357,0.0021874676,0.0025672573,0.0032415774,0.002022442,0.003563374,0.0019330942,0.001868302,0.0016625767,0.0014755593,0.0031163949,0.0020158985,0.0012765974,0.0015632208,0.0015159949,0.002124392,0.0021219845,0.002498316,0.0020248098,0.0035745676,0.0025641322,0.0026320494,0.0031100388,0.004570084
0.0038452642,0.004184419,0.0068432787,0.011925946,0.011370083,0.014966413,0.014816788,0.022608252,0.02573599,0.07190601,0.034973033,0.020375067,0.006766337,0.03372872,9.834133e-05,0.018414233,0.0071163126,0.04960941,0.03383142,0.019186724,0.011820867,0.01447856,0.040112138,0.011667188,0.0026620023,0.02603301,0.0040248535,0.003753855,0.006457632,0.005233988,0.0021174417,0.0034711177,0.002170492,0.009513809,0.0049146684,0.0050385273,0.0022812723,0.002461255,0.003063497,0.0024057524,0.0061661857,0.0031825062,0.002812368,0.00405126,0.003454431,0.0031306767,0.0030715112,0.0023819427,0.0019386562,0.0025477817,0.0034074862,0.0052866144,0.004138572,0.0024988947,0.003411039
0.0053194766,0.0039947703,0.0057688877,0.003331374,0.005485592,0.0032829035,0.009448671,0.017204762,0.020907952,0.021735068,0.043066524,0.01259792,0.009790226,0.06480932,0.018414233,0.0011966651,0.019638486,0.03875607,0.10701146,0.039052308,0.03984899,0.020912228,0.04941913,0.008411073,0.0075892988,0.0055669653,0.0074831657,0.005837528,0.0046774074,0.0035418167,0.0037161116,0.002308032,0.0029318428,0.0023279553,0.00826236,0.0028220224,0.0019162876,0.0027615249,0.0024334108,0.0040152674,0.0044208793,0.006135736,0.002616975,0.0031318776,0.0015965232,0.0018188648,0.0047265855,0.0017513869,0.0036948326,0.006851693,0.0028142943,0.0034201841,0.0026633232,0.0019059986,0.0033051588
0.011763649,0.007185816,0.0057458943,0.0030563518,0.004897691,0.004466507,0.0033482956,0.007334375,0.021022668,0.0075860852,0.01319497,0.022226049,0.040277462,0.41689402,0.0071163126,0.019638486,0.01242863,0.02525392,0.06755468,0.5398691,0.058559295,0.017762745,0.0056209103,0.048182543,0.014664998,0.0040208334,0.0035402067,0.016444074,0.0063130367,0.0032744745,0.003290187,0.006158867,0.0028008926,0.0023504626,0.005379261,0.0018261968,0.001952531,0.0025843605,0.0051506846,0.0018534828,0.0013274843,0.0020455644,0.0020339496,0.0014862119,0.0012235799,0.0024659117,0.0029170308,0.0015301052,0.0017427183,0.0021188627,0.0019862708,0.0026389807,0.0030790325,0.0021116221,0.0038573106
0.006857706,0.007912856,0.0049505197,0.0047051115,0.0056734285,0.0062884567,0.009172825,0.01057379,0.022868365,0.015935738,0.013915519,0.024410142,0.049236886,0.027571524,0.04960941,0.03875607,0.025253916,0.0006177182,0.024975646,0.027914142,0.041438054,0.034612775,0.0091600185,0.026440943,0.006219504,0.0025693525,0.003831797,0.013060577,0.004831984,0.0020736055,0.005310837,0.006523634,0.0035167048,0.0026115642,0.005425173,0.0013787092,0.0026708026,0.0039715623,0.0072092623,0.003400805,0.002178755,0.0047170324,0.0037508,0.002078626,0.0018087185,0.002586537,0.0029715905,0.0024118035,0.0033241953,0.0030168993,0.003992669,0.0026523315,0.00371016,0.002171437,0.0038352774
0.0069731367,0.0056771683,0.0059309006,0.00347547,0.004879498,0.0034929318,0.0045791883,0.007150547,0.009750372,0.009846248,0.01630315,0.028452728,0.05366522,0.1453172,0.03383143,0.10701146,0.067554645,0.024975646,0.0030181245,0.048437946,0.07594394,0.059754226,0.03184993,0.017020129,0.012599083,0.0041539725,0.0026366473,0.019572983,0.006189622,0.0010170974,0.0029140718,0.0061824224,0.005591905,0.0012481636,0.0021935229,0.0050067767,0.002224374,0.0037048252,0.0038814407,0.002659052,0.002396992,0.0027260026,0.0020703005,0.0019690504,0.0015346418,0.002736623,0.002137007,0.002054681,0.0019665137,0.0016868517,0.0020838392,0.0039208527,0.002788718,0.0024361392,0.0027392986
0.008942564,0.005990433,0.0059494893,0.003795355,0.0042086677,0.0035582022,0.003137771,0.009306085,0.012459131,0.009442045,0.019551348,0.012789797,0.12558827,0.009674829,0.019186724,0.03905232,0.5398691,0.027914142,0.048437946,0.0036649986,0.02570564,0.018789954,0.021458898,0.11141802,0.03489399,0.009503408,0.0048862845,0.022381239,0.007265694,0.0027201197,0.0015569392,0.0032915322,0.0039134216,0.0021670319,0.0021693283,0.0016427696,0.0028140843,0.0023704977,0.0057566017,0.00424598,0.001397416,0.0029633597,0.0023524403,0.0024328711,0.001612048,0.0026075158,0.0024441145,0.0018425804,0.0017157812,0.0021622654,0.0021507342,0.0026163778,0.0019671088,0.002011589,0.0033141216
0.0056472723,0.005090947,0.0038542317,0.0026593213,0.003011414,0.0023192577,0.0018446133,0.004140949,0.007622628,0.011186767,0.012462904,0.013313015,0.26608846,0.047523443,0.011820867,0.03984899,0.058559295,0.041438058,0.07594394,0.02570564,0.004197318,0.020250764,0.008066763,0.055615585,0.100511976,0.0056297025,0.009150118,0.03094714,0.012227895,0.0039703897,0.005887632,0.009875701,0.0056557716,0.001104917,0.0047922847,0.003672708,0.0016654816,0.0025887575,0.0044387016,0.0033415076,0.0011258019,0.002664907,0.0027355668,0.0024307533,0.0015296093,0.0024303647,0.0022506295,0.0026027297,0.0023802866,0.0017721308,0.0023733275,0.0025943974,0.0026287744,0.00220127,0.0031110276
0.006558937,0.007251894,0.0049313474,0.0047498117,0.006471189,0.0064651463,0.007690842,0.0038019994,0.006522027,0.006281744,0.008289889,0.008865604,0.027877564,0.007967707,0.01447856,0.020912228,0.017762745,0.034612782,0.059754226,0.01878995,0.02025076,0.0018767668,0.008921783,0.028451983,0.031892538,0.013643545,0.015475194,0.018521752,0.0036078105,0.004335024,0.009678129,0.007487041,0.0042031496,0.0015686735,0.007901219,0.00827928,0.0026831934,0.0038948837,0.007817471,0.0022036277,0.004993276,0.0035962786,0.0046806117,0.001996137,0.0016308547,0.0023353104,0.0025002323,0.0021063515,0.0028060286,0.003745958,0.0046436726,0.0026290808,0.0028993478,0.00255612,0.0039212643
0.0059779356,0.005099833,0.004069063,0.0066617806,0.012292516,0.009388252,0.006819128,0.013828501,0.011094739,0.0089495685,0.009332849,0.010554472,0.014881933,0.007794231,0.040112127,0.04941913,0.0056209075,0.009160014,0.03184993,0.021458892,0.008066759,0.008921783,0.00069840974,0.0070497585,0.007669713,0.099426165,0.024615578,0.012085671,0.0183775,0.0015500638,0.0042585176,0.010195649,0.006389398,0.0027708285,0.0021770068,0.0058571976,0.0041875457,0.0017860304,0.0029255368,0.0037722744,0.0030581383,0.0030051945,0.0056557264,0.004045252,0.0018642854,0.0028143371,0.0042422214,0.004077075,0.002303197,0.0026054692,0.005870103,0.0036808655,0.003541462,0.005194784,0.0040230895
0.008987276,0.0056434763,0.004198528,0.002727465,0.0035620164,0.0025438743,0.00230638,0.003490718,0.005783615,0.0055881124,0.0048603085,0.007843244,0.035027847,0.010696952,0.011667188,0.008411076,0.048182543,0.026440943,0.017020129,0.111418,0.05561559,0.02845199,0.007049762,0.002368988,0.057521064,0.010083821,0.015345963,0.0908431,0.017733615,0.0061012246,0.010216299,0.005919175,0.0067588515,0.002148119,0.0051421816,0.003990157,0.0036340456,0.008889015,0.0038147583,0.004497739,0.0021762631,0.0034673624,0.0022393109,0.002496,0.0024277903,0.0034827208,0.0042655193,0.0023807748,0.0017192045,0.0020879742,0.0030239224,0.0032094044,0.002732215,0.0018498693,0.0030492784
0.0069115646,0.004375071,0.0035913682,0.0022449316,0.003038391,0.0022579602,0.002292714,0.004253805,0.004420428,0.0025263387,0.0030654522,0.0035963643,0.016782224,0.003890851,0.0026620023,0.0075892988,0.014664998,0.0062195,0.012599083,0.03489399,0.100511976,0.031892538,0.007669713,0.057521053,0.01499017,0.00659474,0.024542091,0.5458394,0.124310195,0.008378825,0.03858724,0.04919377,0.008027467,0.0050369976,0.013604624,0.0020657787,0.004729464,0.0062527563,0.012730503,0.0019281603,0.0015039165,0.002800365,0.0019770495,0.0016959653,0.00196195,0.0021575019,0.002115943,0.0017718186,0.0020538159,0.0022114296,0.0020459169,0.0025876616,0.0033238714,0.0037186036,0.0044379346
0.004456077,0.00397735,0.0039483104,0.0034319728,0.0045066746,0.0021765148,0.0030471496,0.006231466,0.004162681,0.0035782496,0.003339223,0.0035582834,0.0049332003,0.003764273,0.02603301,0.0055669653,0.0040208334,0.0025693525,0.0041539725,0.009503408,0.0056297025,0.013643545,0.099426165,0.010083821,0.00659474,0.0012705389,0.02150619,0.02151514,0.047729153,0.3489264,0.034042146,0.04028386,0.012114918,0.013110458,0.010800869,0.005732543,0.0057400214,0.0030662697,0.0036191002,0.0076027103,0.005609662,0.0038466312,0.0026901234,0.0050622458,0.0030083149,0.0024326688,0.00329589,0.002752009,0.0034939158,0.0071843406,0.008667038,0.0028030295,0.0033819037,0.0028322602,0.005093058
0.0074048503,0.005693892,0.0039689243,0.006160867,0.008155488,0.005494713,0.0030595006,0.0038725568,0.004318686,0.0054114615,0.006418298,0.0032904872,0.00457308,0.0068217413,0.0040248516,0.0074831657,0.0035402067,0.003831797,0.0026366473,0.0048862817,0.009150118,0.015475194,0.024615584,0.015345955,0.024542088,0.021506185,0.002418078,0.017350372,0.017482303,0.16415296,0.0293253,0.016098252,0.023206688,0.011968776,0.015978206,0.007907771,0.0025821282,0.0039163376,0.008402514,0.0075017214,0.003692402,0.0034625104,0.0028050735,0.0045285802,0.0022042927,0.002501913,0.0025572828,0.0019365194,0.004150617,0.003864784,0.0045823124,0.0044695064,0.0039537055,0.0056811506,0.0044944417
0.0070170728,0.0049871127,0.0041648657,0.0022103356,0.002751738,0.0019401228,0.0019264413,0.0029553052,0.0044183615,0.0018797269,0.001953572,0.0032983285,0.004187627,0.0031448938,0.003753855,0.005837528,0.016444074,0.013060577,0.019572983,0.022381239,0.030947147,0.018521752,0.012085677,0.0908431,0.5458394,0.021515137,0.01735038,0.016269721,0.048637204,0.0067039523,0.170746,0.16092864,0.012363949,0.0053957105,0.0064096763,0.0040576453,0.00611481,0.0068879253,0.00682002,0.003147686,0.0018782127,0.0030956196,0.0022469917,0.002537531,0.0015266888,0.0023567507,0.0031910522,0.0015719861,0.0022189757,0.0018521369,0.00185149,0.0026667756,0.0025174075,0.0019801795,0.0033332475
0.004415441,0.003747307,0.0033162173,0.0023437578,0.0036920495,0.003466873,0.0019522002,0.002567366,0.0029808867,0.004052771,0.0017690328,0.005500375,0.003778031,0.0027819485,0.006457632,0.0046774074,0.0063130367,0.0048319865,0.006189622,0.007265694,0.012227895,0.0036078105,0.018377507,0.017733615,0.124310255,0.047729153,0.01748231,0.04863721,0.0025333792,0.0062466054,0.026549928,0.04996572,0.06867421,0.013394847,0.016602758,0.018105527,0.011396099,0.016118845,0.0074036485,0.0063109635,0.0023436195,0.0031112614,0.0046971347,0.004548838,0.0038086222,0.002439305,0.006194029,0.004342623,0.001860327,0.0033292987,0.0037316794,0.0030150926,0.0033674045,0.0038230268,0.004082341
0.004096543,0.0048837233,0.0030792186,0.0028998742,0.0043111164,0.0037915548,0.0027800233,0.007055091,0.002673854,0.0042710216,0.0050213262,0.0035177309,0.0024526743,0.0021830767,0.005233988,0.0035418167,0.0032744745,0.0020736055,0.0010170974,0.0027201197,0.0039703897,0.004335024,0.0015500631,0.0061012246,0.008378825,0.3489264,0.16415294,0.0067039523,0.0062466054,0.0008861468,0.005363143,0.011129684,0.2963858,0.2101661,0.01552893,0.02446802,0.009834963,0.016297767,0.0046632676,0.01817502,0.008701417,0.0029898467,0.0032036328,0.008955454,0.004583681,0.006286493,0.0074940533,0.0051648957,0.010513604,0.004282263,0.0045502437,0.005195509,0.0036858423,0.004944034,0.0049996646
0.0051603355,0.004427102,0.004064727,0.0029993213,0.004135824,0.0032739702,0.0029786995,0.003557715,0.0027834952,0.0018368416,0.004538272,0.0055201766,0.0049727713,0.0025903091,0.0021174417,0.0037161133,0.003290187,0.0053108395,0.0029140718,0.0015569392,0.005887632,0.009678129,0.00425852,0.010216295,0.038587246,0.034042135,0.029325308,0.170746,0.026549922,0.005363143,0.0017057088,0.023254918,0.012617164,0.10387848,0.04877567,0.009862938,0.00597606,0.010027781,0.026777862,0.010574334,0.006868847,0.0028260667,0.004722249,0.0032505086,0.004767709,0.009357932,0.0035682227,0.004285743,0.002540577,0.006833097,0.006775325,0.0038295772,0.0032091145,0.0042948974,0.003961749
0.0059746862,0.0045885267,0.0040470776,0.002489872,0.0027452582,0.0021880153,0.0023275444,0.003223497,0.0027668483,0.0028697501,0.003161358,0.004506557,0.0055363253,0.0035157371,0.0034711177,0.002308032,0.006158867,0.006523634,0.0061824224,0.0032915322,0.009875701,0.007487041,0.010195649,0.005919175,0.049193777,0.04028386,0.016098252,0.16092867,0.049965706,0.0111296885,0.023254918,0.0016168423,0.008070667,0.009173427,0.123344064,0.0119397985,0.0059896177,0.012376479,0.02532152,0.004166339,0.0047903247,0.005826209,0.015234565,0.005155119,0.003252536,0.0037310696,0.004009103,0.0029144138,0.0037835126,0.0036236888,0.004293778,0.0026081372,0.0052036555,0.0025480166,0.004344087
0.004216919,0.005519302,0.003200078,0.0018098052,0.0028352125,0.0029391006,0.0020719357,0.0035024697,0.0023811755,0.002065434,0.0025537373,0.0029449302,0.003407279,0.0021874676,0.002170492,0.0029318428,0.0028008926,0.0035167048,0.005591905,0.0039134216,0.0056557716,0.0042031496,0.006389398,0.0067588515,0.008027467,0.012114912,0.023206688,0.012363949,0.06867419,0.29638568,0.012617164,0.008070664,0.0008809272,0.0023380371,0.009017121,0.15643919,0.1529719,0.014506503,0.015485048,0.030285336,0.025456175,0.0064376453,0.010379029,0.0062411083,0.0058869314,0.0077292304,0.0062215608,0.0034722874,0.0068754177,0.00415624,0.004115636,0.004027077,0.0027235704,0.003476398,0.0055704718
0.004582132,0.006376352,0.004154107,0.005223653,0.0041190423,0.005724088,0.010048929,0.003057106,0.00492605,0.0033805748,0.0045195217,0.0036716352,0.0036219866,0.0025672573,0.009513809,0.0023279553,0.0023504626,0.002611563,0.0012481636,0.0021670319,0.0011049166,0.0015686727,0.0027708285,0.002148119,0.0050369976,0.013110458,0.011968776,0.0053957105,0.013394847,0.2101661,0.10387845,0.009173427,0.0023380371,0.000574459,0.006815935,0.01019156,0.09179929,0.05364918,0.01677479,0.010161957,0.014744316,0.0068951533,0.013627866,0.031809535,0.010719126,0.0076850355,0.004854963,0.00736594,0.004472824,0.0070237876,0.0099255415,0.004164464,0.0065339603,0.0065105096,0.006486896
0.0054038335,0.004702258,0.0033323714,0.00203696,0.0031141823,0.0024550005,0.0020727157,0.0028344053,0.0028193316,0.0034254573,0.0033592335,0.0033102727,0.004210649,0.003241579,0.0049146684,0.00826236,0.005379261,0.005425175,0.0021935238,0.0021693283,0.0047922865,0.007901222,0.002177008,0.0051421816,0.013604624,0.010800869,0.015978213,0.0064096795,0.016602758,0.01552893,0.04877568,0.123344064,0.009017126,0.006815935,0.0026687738,0.008543119,0.010103817,0.04322548,0.10174688,0.011177557,0.009734679,0.0066625,0.009073107,0.00480745,0.015853468,0.006235084,0.0065720403,0.0046027377,0.004851308,0.0062646577,0.0043682307,0.005467635,0.0045762267,0.003844505,0.004720022
0.003502583,0.0034965381,0.003258727,0.001965735,0.0035676735,0.0031492338,0.002668694,0.0019902713,0.002273825,0.0023658539,0.0032781356,0.0025364344,0.0033467922,0.002022443,0.0050385296,0.0028220224,0.001826196,0.0013787092,0.0050067767,0.0016427705,0.003672708,0.00827928,0.0058572,0.003990157,0.0020657796,0.005732543,0.007907774,0.0040576467,0.018105527,0.02446803,0.009862938,0.0119397985,0.15643924,0.01019156,0.008543119,0.012408011,0.05665793,0.022355864,0.093314074,0.25512892,0.018305723,0.008374863,0.013756158,0.012410446,0.0064388835,0.0059146285,0.0059509533,0.0048154686,0.008253542,0.0046578837,0.0061949505,0.0059415335,0.005647154,0.0061619855,0.003944496
0.0032149085,0.002913591,0.0027716942,0.002558015,0.0030244545,0.004036093,0.0025870218,0.0028260695,0.0018895296,0.0030254247,0.002827196,0.0025106142,0.002748154,0.0035633757,0.0022812723,0.0019162885,0.001952531,0.0026708026,0.002224374,0.0028140843,0.0016654816,0.0026831934,0.0041875476,0.003634044,0.004729464,0.0057400214,0.0025821282,0.00611481,0.011396099,0.009834963,0.00597606,0.0059896177,0.1529719,0.091799274,0.010103817,0.05665793,0.0007982205,0.009832595,0.009010396,0.31187102,0.112448335,0.010600514,0.023288202,0.0365672,0.023573928,0.022712512,0.010960248,0.012024514,0.0061160214,0.013371273,0.008863117,0.0040619466,0.0034533348,0.0034927193,0.0077145505
0.0040380605,0.003944202,0.0032380463,0.0025615739,0.0024504275,0.0023278,0.0017442752,0.0017295684,0.00394288,0.0016069433,0.0055948864,0.0029630302,0.0061247223,0.0019330942,0.002461255,0.0027615249,0.0025843594,0.0039715623,0.0037048252,0.0023704977,0.0025887575,0.0038948837,0.0017860314,0.008889015,0.0062527563,0.0030662697,0.0039163376,0.0068879216,0.016118845,0.016297767,0.010027781,0.012376479,0.014506503,0.05364918,0.043225467,0.022355864,0.00983259,0.0023165937,0.053139854,0.0058196723,0.02065912,0.026546255,0.040180307,0.008755939,0.013508019,0.026236204,0.014701052,0.016956385,0.008644696,0.01045298,0.010101524,0.005897998,0.004909513,0.0054509263,0.0039678123
0.0046250643,0.0039329235,0.003318647,0.00209583,0.0027643181,0.0027250473,0.0011903107,0.0041274107,0.0020895188,0.0014443238,0.0018187732,0.002558761,0.0022762052,0.001868302,0.003063497,0.0024334108,0.0051506846,0.007209259,0.0038814407,0.0057566017,0.0044387016,0.007817468,0.0029255368,0.0038147583,0.012730503,0.0036191002,0.008402514,0.00682002,0.0074036485,0.0046632676,0.026777854,0.02532152,0.015485048,0.01677479,0.10174688,0.093314074,0.009010396,0.053139854,0.006578338,0.0067036976,0.0043715523,0.07414882,0.039942607,0.019159704,0.019799342,0.0061487826,0.01583375,0.00544858,0.009764018,0.0055305157,0.0033146085,0.0038212421,0.004738134,0.0028875787,0.0040121027
0.0030877022,0.0030676897,0.002773878,0.0017980292,0.0017383123,0.0030489594,0.0016995746,0.004698974,0.0019881374,0.0026024205,0.0021681292,0.003021919,0.0018819593,0.0016625775,0.0024057524,0.0040152674,0.0018534828,0.0034008066,0.002659052,0.004245982,0.0033415076,0.0022036277,0.0037722744,0.004497739,0.0019281603,0.0076027103,0.0075017214,0.0031476873,0.0063109635,0.01817502,0.010574334,0.004166339,0.030285355,0.010161957,0.011177557,0.25512892,0.31187102,0.0058196755,0.0067037013,0.0014187293,0.016140223,0.04086515,0.18141243,0.07418318,0.020522967,0.010974498,0.012562405,0.015789578,0.010800011,0.007041102,0.004802028,0.0078457715,0.00589194,0.0056407293,0.0064264433
0.0041490323,0.003595312,0.002993371,0.00405106,0.0028834585,0.0037558652,0.0042963168,0.009709494,0.0022629306,0.0031583633,0.0044565042,0.0030060802,0.0021090996,0.0014755593,0.0061661857,0.0044208793,0.0013274843,0.002178755,0.002396992,0.0013974153,0.0011258015,0.004993276,0.0030581383,0.0021762622,0.0015039165,0.005609659,0.003692402,0.0018782127,0.0023436183,0.008701417,0.006868847,0.0047903224,0.02545617,0.01474431,0.009734679,0.018305723,0.112448335,0.02065912,0.0043715523,0.016140215,0.00024687836,0.011913782,0.0063332836,0.09153566,0.069757305,0.062150586,0.060538013,0.012715864,0.010895106,0.0116334045,0.050976865,0.022248844,0.012678348,0.01593475,0.011236971
0.0045292787,0.0034553355,0.0028275412,0.0031469946,0.0028824399,0.0033612505,0.0031526184,0.004221812,0.0027247013,0.0023826486,0.0022365747,0.0029454946,0.0037404594,0.0031163949,0.0031825062,0.006135736,0.0020455644,0.0047170324,0.0027260026,0.0029633597,0.0026649057,0.0035962786,0.0030051945,0.0034673624,0.002800365,0.0038466288,0.0034625104,0.0030956196,0.0031112598,0.0029898467,0.0028260667,0.005826209,0.0064376453,0.0068951533,0.0066625,0.00837486,0.010600514,0.026546255,0.07414882,0.04086514,0.011913787,0.004026492,0.029861199,0.029442523,0.09673379,0.05519568,0.019395618,0.01665904,0.036226682,0.010746653,0.009442263,0.019338539,0.008387501,0.011153066,0.009010966
0.0046043852,0.004327194,0.0032999811,0.003103961,0.003942715,0.002944036,0.0015404028,0.002965261,0.002924359,0.0028041413,0.0019619996,0.0022293292,0.0020037577,0.0020158994,0.002812368,0.0026169764,0.0020339496,0.0037508,0.0020703005,0.002352439,0.0027355668,0.0046806117,0.0056557264,0.00223931,0.0019770504,0.0026901234,0.0028050735,0.0022469917,0.0046971347,0.0032036344,0.004722249,0.015234573,0.010379034,0.013627872,0.009073107,0.013756158,0.023288202,0.040180314,0.03994262,0.1814124,0.0063332836,0.029861199,0.0005621159,0.03015888,0.09997403,0.058568057,0.023937803,0.020616122,0.025767922,0.019606275,0.011286552,0.014380511,0.010509283,0.0075760116,0.010212958
0.0036783707,0.0037929798,0.0027747988,0.0035788245,0.0031175106,0.0033145593,0.0029908959,0.0030546074,0.004150061,0.0050061755,0.0019726295,0.001707917,0.0017958105,0.0012765974,0.00405126,0.0031318776,0.0014862119,0.002078626,0.0019690504,0.0024328711,0.0024307533,0.001996137,0.0040452504,0.002496,0.0016959653,0.005062243,0.0045285802,0.002537531,0.0045488356,0.008955454,0.0032505086,0.005155119,0.0062411083,0.031809535,0.004807448,0.012410441,0.0365672,0.008755939,0.019159704,0.074183166,0.09153566,0.029442523,0.030158874,0.00068680313,0.020974426,0.016835732,0.056111734,0.060842264,0.083808884,0.015670922,0.011814734,0.019751636,0.024191653,0.006202121,0.009017859
0.002956564,0.0032079755,0.002516645,0.0050830483,0.0030840894,0.0059010684,0.0025819158,0.0030415198,0.0024060488,0.0067946576,0.0043394635,0.0019536074,0.0027886012,0.0015632208,0.003454431,0.0015965232,0.0012235799,0.0018087185,0.0015346418,0.001612048,0.0015296093,0.0016308547,0.0018642854,0.0024277903,0.00196195,0.0030083149,0.0022042927,0.0015266888,0.0038086206,0.004583681,0.004767709,0.003252536,0.0058869314,0.010719126,0.015853468,0.0064388835,0.023573928,0.013508019,0.019799344,0.020522967,0.06975729,0.09673381,0.09997403,0.020974426,0.0003737001,0.01151669,0.05876433,0.13935205,0.020523649,0.06885132,0.035665166,0.019841932,0.018647743,0.02580192,0.04269964
0.004482644,0.004680834,0.0043186643,0.0053036152,0.0037325947,0.0028584416,0.0041817594,0.0036573363,0.0026639223,0.0055954303,0.0028136456,0.005298034,0.0026573236,0.0015159949,0.0031306767,0.0018188648,0.0024659117,0.002586537,0.002736623,0.0026075158,0.0024303647,0.0023353104,0.0028143371,0.0034827208,0.0021575019,0.0024326688,0.002501913,0.0023567507,0.002439305,0.006286493,0.009357932,0.0037310715,0.007729234,0.00768504,0.0062350817,0.0059146285,0.022712516,0.026236204,0.0061487826,0.010974498,0.062150586,0.05519568,0.058568083,0.016835732,0.01151669,0.0026849918,0.02073011,0.020908607,0.03919567,0.01214304,0.036597785,0.029135881,0.020092614,0.009594964,0.034632117
0.005012203,0.0039975755,0.0035016479,0.0028745637,0.0033858037,0.0038857923,0.0030171818,0.0029362733,0.0023804258,0.002503094,0.0022615176,0.0025981723,0.002370926,0.0021243931,0.0030715112,0.0047265855,0.0029170308,0.0029715905,0.002137007,0.0024441145,0.0022506295,0.0025002323,0.0042422214,0.0042655193,0.002115943,0.0032958884,0.0025572828,0.0031910522,0.006194026,0.0074940533,0.0035682227,0.004009103,0.0062215608,0.004854963,0.0065720403,0.0059509533,0.010960248,0.014701052,0.01583375,0.012562405,0.06053804,0.019395629,0.023937814,0.056111746,0.058764342,0.020730115,0.0023732258,0.016345063,0.013450794,0.035300706,0.020502456,0.056008805,0.027685745,0.015938519,0.03160563
0.0047996724,0.0063887537,0.005845207,0.005693363,0.005080225,0.012829533,0.005476383,0.002322347,0.0032454808,0.0017387534,0.003659144,0.0021283147,0.002183056,0.0021219845,0.0023819427,0.0017513869,0.0015301052,0.0024118035,0.002054681,0.0018425804,0.0026027297,0.0021063506,0.004077075,0.0023807748,0.0017718186,0.0027520077,0.0019365194,0.0015719861,0.004342623,0.0051648957,0.004285743,0.0029144138,0.0034722874,0.00736594,0.0046027377,0.0048154686,0.012024519,0.016956385,0.00544858,0.01578957,0.012715864,0.01665904,0.020616122,0.06084227,0.13935205,0.020908613,0.016345058,0.00035849164,0.015709458,0.07179813,0.09052099,0.042328276,0.06594593,0.14903817,0.03811308
0.0044857007,0.003689074,0.0043397523,0.0032174552,0.0033017034,0.0052567986,0.005195531,0.0039252783,0.0035283638,0.004891541,0.0022097973,0.0035493472,0.001475922,0.002498317,0.0019386562,0.0036948326,0.0017427183,0.0033241953,0.0019665137,0.0017157807,0.0023802866,0.0028060286,0.002303197,0.0017192038,0.0020538159,0.0034939144,0.004150617,0.0022189757,0.001860327,0.010513604,0.002540577,0.0037835105,0.0068754177,0.004472824,0.0048513063,0.008253538,0.0061160214,0.008644696,0.009764018,0.010800011,0.010895106,0.03622669,0.025767915,0.083808884,0.020523649,0.039195664,0.013450794,0.015709458,0.00060565077,0.032000303,0.23951307,0.1382338,0.13235636,0.04231753,0.021858424
0.004023621,0.00528067,0.0065423506,0.006283411,0.005158272,0.009860782,0.015761798,0.002949073,0.004153237,0.0052945367,0.0033197573,0.0033302072,0.0021335892,0.0020248098,0.0025477817,0.006851693,0.0021188627,0.003016898,0.0016868517,0.0021622644,0.00177213,0.003745958,0.0026054692,0.0020879742,0.0022114296,0.0071843406,0.003864784,0.0018521361,0.0033292987,0.004282263,0.006833097,0.0036236888,0.00415624,0.0070237876,0.0062646554,0.0046578837,0.013371273,0.01045298,0.0055305157,0.007041099,0.0116334045,0.010746659,0.019606275,0.015670922,0.06885132,0.01214304,0.035300698,0.07179813,0.032000303,0.0009721108,0.014505617,0.058677785,0.033790518,0.024250798,0.021788782
0.0046386435,0.0089741405,0.0058297873,0.0070055197,0.009197291,0.011131577,0.0065296963,0.0039955107,0.005411428,0.008660791,0.008542133,0.002351053,0.0026199103,0.0035745676,0.0034074862,0.0028142943,0.0019862708,0.003992669,0.0020838403,0.0021507342,0.0023733275,0.0046436726,0.005870103,0.0030239224,0.0020459169,0.008667038,0.0045823124,0.00185149,0.0037316794,0.004550246,0.006775325,0.004293778,0.004115636,0.0099255415,0.0043682284,0.0061949478,0.008863117,0.010101524,0.0033146085,0.004802028,0.050976876,0.009442263,0.0112865465,0.011814734,0.035665166,0.036597785,0.020502456,0.090520956,0.23951307,0.014505617,0.00037321076,0.003340358,0.006987058,0.022104662,0.005911848
0.008235685,0.009437831,0.009197951,0.006329117,0.005759935,0.009100349,0.008956812,0.0076490915,0.0062425225,0.004989333,0.00834837,0.0036122235,0.0029600763,0.0025641334,0.0052866144,0.0034201841,0.0026389807,0.0026523315,0.0039208527,0.0026163766,0.0025943974,0.0026290808,0.0036808655,0.0032094044,0.0025876616,0.0028030295,0.0044695064,0.0026667756,0.0030150912,0.005195509,0.0038295772,0.0026081372,0.004027077,0.004164464,0.005467635,0.0059415335,0.0040619466,0.005897998,0.0038212421,0.0078457715,0.022248847,0.019338539,0.014380504,0.019751636,0.019841926,0.029135881,0.056008805,0.042328265,0.1382338,0.058677785,0.003340358,0.0008377163,0.008412298,0.011253757,0.009635095
0.009242435,0.009418553,0.009196113,0.009332584,0.012698556,0.012219881,0.012135561,0.005312253,0.0044278773,0.0058412063,0.00409007,0.0029546674,0.0025983253,0.0026320508,0.0041385735,0.0026633232,0.0030790325,0.00371016,0.002788718,0.0019671088,0.0026287744,0.0028993478,0.003541462,0.0027322138,0.0033238714,0.0033819037,0.0039537074,0.0025174087,0.0033674045,0.003685844,0.0032091145,0.0052036555,0.0027235704,0.0065339603,0.004576225,0.005647154,0.0034533348,0.004909513,0.004738134,0.0058919373,0.012678348,0.008387501,0.010509283,0.024191653,0.018647749,0.020092612,0.027685745,0.06594593,0.13235636,0.033790518,0.006987058,0.008412298,0.0014317906,0.07853824,0.0097898
0.009622126,0.015231168,0.020573892,0.01923138,0.014020531,0.014828361,0.018623725,0.007985388,0.0048688888,0.010089734,0.009019415,0.003243985,0.0031205467,0.0031100402,0.0024988947,0.0019059986,0.0021116221,0.002171437,0.0024361392,0.002011589,0.00220127,0.00255612,0.005194784,0.0018498693,0.0037186036,0.0028322602,0.0056811506,0.0019801783,0.003823025,0.004944034,0.004294895,0.0025480166,0.003476398,0.0065105096,0.003844505,0.0061619827,0.0034927193,0.0054509263,0.0028875787,0.0056407293,0.01593475,0.011153066,0.0075760116,0.006202121,0.025801925,0.009594964,0.015938511,0.14903812,0.042317536,0.024250798,0.022104662,0.011253757,0.07853822,0.001701712,0.002198351
0.011269505,0.011744837,0.01453252,0.014222699,0.01476389,0.0041480693,0.00378999,0.0074562626,0.0060557425,0.0047776,0.0039476748,0.0052427817,0.0042205006,0.004570084,0.003411039,0.0033051588,0.0038573106,0.0038352774,0.0027392986,0.0033141216,0.0031110276,0.0039212643,0.0040230914,0.003049277,0.0044379346,0.005093058,0.0044944417,0.0033332475,0.004082341,0.0049996646,0.003961749,0.004344087,0.0055704718,0.006486896,0.004720022,0.003944496,0.0077145468,0.0039678123,0.0040121027,0.0064264406,0.011236971,0.009010966,0.010212958,0.009017859,0.04269964,0.034632117,0.03160563,0.03811308,0.021858424,0.021788782,0.005911848,0.00963509,0.0097898,0.002198351,0.0034959237
