,0,1,2,3,4,5,6,7,8,9,10,11,12,13,14,15,16,17,18,19,20,21,22,23,24,25,26,27,28,29,30,31,32,33,34,35,36,37,38,39,40,41,42,43,44,45,46,47,48,49,50,51,52,53,54,55,56,57,58,59,60
0,0.0017527229,0.0042171697,0.0010721647,0.0022317604,0.009030613,0.0032807211,0.00020122719,1.6084909e-05,0.0020882208,0.0044599837,0.0029053146,0.0031471564,0.004872894,0.0029052456,0.0051585264,0.005802928,0.0060308436,0.00436941,0.029849237,0.04587889,0.032176107,0.035117205,0.41718155,0.18350366,0.07996399,0.97235614,0.9916123,0.18742785,0.41385964,0.14113092,0.10915628,0.014057916,0.0044125784,0.0051215566,0.0076147215,0.002967127,0.002980225,0.0069754254,0.0032210099,0.0008812215,0.001469897,0.0027567097,0.00082844024,0.00069520454,0.0019182395,0.002273957,0.0019634725,0.0012079438,0.0011866828,0.0016106587,0.0017428983,0.00061912806,0.001124481,0.0021864916,0.002224667,0.0012865793,0.0020677564,0.0024540152,0.0018525284,0.009710929,0.0036683867
1,0.0042171697,0.0053022797,0.26182863,0.012997885,0.35914153,0.71507025,0.012889951,0.0061400505,0.006310674,0.00858417,0.00837427,0.008794857,0.0073960274,0.0065094363,0.0043657403,0.0051144063,0.0060986523,0.005310119,0.007362984,0.02119946,0.028209038,0.007037379,0.027622515,0.008837116,0.24242021,0.02310769,0.06628693,0.06391038,0.016082149,0.0051905774,0.0043856604,0.012698648,0.0020999038,0.0021975415,0.0039983313,0.002575041,0.0036998473,0.0025498704,0.004640828,0.0019332735,0.002891487,0.0026065973,0.0024645939,0.0013923342,0.0023437869,0.0020022925,0.00216106,0.002538341,0.0013636058,0.0020406507,0.0017986002,0.0014770221,0.0018284216,0.0019729873,0.0013406664,0.0016304548,0.0018432196,0.0019517543,0.001693321,0.0035822901,0.0033298177
2,0.0010721647,0.26182863,0.00538702,0.0060156356,0.0063750236,0.5916693,0.63774693,0.0067260307,0.00897896,0.026414271,0.018329054,0.01212764,0.019042648,0.010841149,0.021547358,0.008711903,0.018257795,0.03689341,0.014964571,0.005621433,0.054589074,0.022436991,0.021859795,0.0054227393,0.032764625,0.014542918,0.008750498,0.011373413,0.0061858776,0.006380281,0.0023310957,0.0023453715,0.0055695237,0.0019281931,0.001714835,0.0018891331,0.0018876655,0.0016873168,0.0018584101,0.0009720896,0.0019113863,0.0020739716,0.0012395438,0.0013037472,0.0034423461,0.0038224314,0.0026736443,0.0026679707,0.0023180565,0.006287763,0.0022373877,0.0016495883,0.002650391,0.003614265,0.0011997124,0.001253757,0.0036710054,0.0024508806,0.0013648538,0.002940491,0.024499794
3,0.0022317604,0.012997885,0.0060156356,0.001012196,0.019249985,0.007836034,0.023065232,0.026133636,0.03084097,0.02449559,0.023702085,0.023804821,0.039016142,0.11533264,0.016536806,0.011364563,0.023612987,0.069243625,0.10078485,0.014544604,0.102900855,0.96462494,0.725226,0.01246935,0.03782973,0.16087952,0.082323864,0.012105495,0.003245686,0.007321281,0.0027702027,0.0018862108,0.0013952279,0.0011305409,0.00079264113,0.0009260835,0.0014209949,0.0012358892,0.0012194297,0.0011248378,0.0014045386,0.0014882995,0.0008775539,0.0011168959,0.0025361483,0.002205007,0.0013122258,0.0023176342,0.0018721741,0.002043734,0.0010388567,0.00096471026,0.001300221,0.0019309608,0.0007475526,0.00084538234,0.0024580143,0.0017811592,0.00064845517,0.0018152155,0.0036140708
4,0.009030617,0.35914153,0.0063750236,0.01924998,0.00082770485,0.00695308,0.0040037753,0.048201658,0.14083523,0.024769694,0.009393269,0.009833425,0.009440088,0.0103095705,0.006391403,0.014521118,0.008209212,0.0058944845,0.23477603,0.089456044,0.009803071,0.017883595,0.97995365,0.14662187,0.053913645,0.008392858,0.16876955,0.07849658,0.0067717484,0.005474636,0.004987835,0.004525735,0.0031079224,0.0015405847,0.0020983126,0.0012015891,0.0017082463,0.0051118834,0.0029180313,0.0013930504,0.0013655806,0.003952185,0.00081364217,0.0009753281,0.0027148884,0.0026564999,0.0022273422,0.0011977137,0.0018634816,0.001593171,0.0009729892,0.0007334383,0.00114413,0.0013511569,0.00094151514,0.00074517494,0.0013329128,0.0013666137,0.001391203,0.0015899795,0.0020758999
5,0.0032807197,0.71507025,0.5916693,0.007836034,0.00695308,0.0015992237,0.067231126,0.02948894,0.2690878,0.4484718,0.03136523,0.02773892,0.030926745,0.023292521,0.013211012,0.019623348,0.01845768,0.00944473,0.018434409,0.019706182,0.017958531,0.010775353,0.0114983665,0.016387999,0.0838196,0.004548963,0.0063986927,0.020252107,0.004015294,0.0030483988,0.0020445893,0.001722883,0.0019845776,0.0013914806,0.0015325069,0.001591635,0.0015758212,0.0025808574,0.0024151467,0.0019898128,0.0023776407,0.0027278364,0.0018347732,0.002264655,0.0024455728,0.0024691864,0.001914398,0.0016764188,0.0019888587,0.0021264218,0.0022626754,0.0019095396,0.0012281301,0.001491787,0.0014009712,0.0011348817,0.001708957,0.0015682725,0.0012284309,0.0014773421,0.0020515479
6,0.00020122719,0.012889944,0.63774693,0.023065226,0.0040037734,0.067231126,0.0017128427,0.020802356,0.023607789,0.83316374,0.2776909,0.15973479,0.20167093,0.20532916,0.30697858,0.08027184,0.12389641,0.1048842,0.06263665,0.013005834,0.030965067,0.03410688,0.005529228,0.005134679,0.0058314204,0.004825596,0.0022367747,0.0051178066,0.0025032607,0.0030142185,0.0017763282,0.0011411275,0.0018889299,0.00097042666,0.00091581786,0.0008666893,0.00084579,0.0014013735,0.0008929359,0.0010346195,0.0020296422,0.0026191329,0.0014088564,0.002166027,0.0031252438,0.0025878008,0.001974304,0.0017808395,0.0020313128,0.0026783592,0.0026489443,0.0010733713,0.0014503704,0.0016453525,0.0008208764,0.0010751443,0.0021860786,0.0013776053,0.00090153434,0.0018798324,0.0040567606
7,1.6084909e-05,0.0061400505,0.0067260307,0.026133632,0.048201658,0.029488947,0.020802356,0.0011539183,0.02193795,0.043432895,0.15423724,0.62111384,0.62564164,0.9795655,0.30463448,0.16851833,0.04500254,0.061570838,0.992716,0.021493483,0.026832923,0.056638435,0.20907436,0.009134265,0.011632934,0.005628439,0.0044035963,0.0045548207,0.0014036188,0.0019083205,0.0019349386,0.0009602308,0.0006779859,0.00088956405,0.0012646497,0.00078694837,0.00078583474,0.0013514902,0.0009519156,0.00060589175,0.003544647,0.002000397,0.0010297662,0.0011311043,0.0019495998,0.0020511046,0.0012204458,0.0010974831,0.0016296548,0.0012100218,0.0013035137,0.0007376148,0.0021493756,0.0008894187,0.00063371315,0.0007626623,0.0016495395,0.0010942155,0.00066420354,0.0014987213,0.0016182647
8,0.0020882217,0.006310674,0.00897896,0.030840958,0.14083523,0.2690878,0.023607789,0.021937944,0.0018401588,0.018397205,0.023060482,0.077185646,0.08366949,0.06624728,0.040728793,0.25239277,0.033815887,0.026810458,0.843318,0.12825842,0.011849189,0.022083323,0.12086668,0.021264317,0.0059984815,0.007013994,0.007119126,0.0030592747,0.0010812404,0.002029473,0.0014782681,0.0013532805,0.0012502201,0.00095536,0.0021833447,0.001113609,0.001117741,0.002269771,0.0016329521,0.0010682548,0.0033669628,0.0050947736,0.0012729876,0.0017108634,0.0034748856,0.003038169,0.0018965084,0.0014735057,0.0019760306,0.0021208196,0.0016450313,0.0010447437,0.0019498894,0.0017412314,0.0009817535,0.0014478313,0.0022928624,0.0015849192,0.001157052,0.0024375953,0.0029509794
9,0.0044599837,0.00858417,0.026414271,0.02449559,0.024769694,0.4484718,0.83316374,0.043432888,0.018397205,0.0013256927,0.063856065,0.14218861,0.244961,0.09965664,0.083721176,0.20453706,0.046896223,0.030469729,0.22583002,0.024052298,0.015295391,0.016751204,0.012223495,0.005748221,0.002413697,0.0057119327,0.0044222414,0.0019313489,0.0012518681,0.0027826114,0.0014352035,0.0011061508,0.0023748644,0.001021023,0.0009772805,0.0014901785,0.0010749769,0.0015517857,0.0016157498,0.0011234708,0.0012267657,0.0025184038,0.0012264263,0.0017267589,0.00267355,0.002424417,0.002719412,0.0018830809,0.0014778198,0.0023373687,0.0019542852,0.0012584548,0.0016676522,0.0022081155,0.0012754957,0.001213925,0.0028137793,0.0017629124,0.0013653875,0.0021838632,0.004436024
10,0.0029053146,0.00837427,0.018329054,0.02370209,0.009393269,0.03136523,0.277691,0.15423724,0.023060482,0.063856065,0.0017389918,0.029254515,0.2785983,0.36990926,0.28528666,0.124360554,0.075728886,0.13483642,0.22482602,0.029685408,0.024368025,0.025023822,0.011126964,0.0051111463,0.00319832,0.007678116,0.00312596,0.0034881465,0.0012066115,0.0024812531,0.0029727253,0.0017342246,0.0014099013,0.0014160419,0.0011450257,0.0012672041,0.0010863831,0.0021325366,0.001628576,0.00091879006,0.0017634142,0.002229862,0.0014404182,0.001700622,0.0024322418,0.0020900865,0.0017797769,0.0014377519,0.002121627,0.0029763128,0.0020070595,0.0012543363,0.0015988118,0.0022913946,0.0012994101,0.001249822,0.0034583432,0.0017199118,0.0009782863,0.0024648495,0.003827888
11,0.0031471548,0.008794857,0.01212764,0.023804815,0.009833425,0.02773892,0.15973482,0.62111384,0.077185646,0.14218865,0.029254511,0.0018209614,0.026923966,0.16842003,0.2699608,0.22746772,0.091828234,0.13026987,0.3837888,0.013756733,0.015894953,0.039950773,0.020209868,0.0069250646,0.002903869,0.005412672,0.0032598132,0.0017154866,0.0012157862,0.0016906293,0.0013726131,0.00090778875,0.0019820498,0.001030273,0.0009277562,0.0020196529,0.0011961164,0.0014198162,0.0015743559,0.0008517019,0.0019030437,0.0027714334,0.0016336746,0.0019447078,0.0031763313,0.0028926188,0.0019208769,0.001716421,0.0020998667,0.0029988363,0.00162274,0.0016739577,0.0023567348,0.0022703002,0.0009964348,0.0012782284,0.0028596774,0.0019364936,0.0017280746,0.0016719477,0.0036526048
12,0.004872894,0.0073960274,0.019042654,0.039016142,0.009440092,0.030926753,0.20167093,0.62564164,0.08366949,0.244961,0.2785983,0.026923971,0.0017068377,0.025868278,0.26153404,0.1961588,0.0921948,0.22258493,0.16954984,0.016906273,0.019512944,0.018819468,0.008673357,0.0054605794,0.0015137699,0.007288505,0.003994152,0.0007860306,0.0010264996,0.0015748686,0.00040109945,0.0009013367,0.0019110325,0.0006520688,0.0012519349,0.00151537,0.0010212832,0.0013504338,0.0019714863,0.0009445331,0.001538988,0.0025500196,0.0020311484,0.0017509975,0.0026842707,0.003205793,0.0029899632,0.0020183057,0.002251888,0.003071574,0.0027717128,0.0017834777,0.0023011905,0.0023413408,0.0009818691,0.0020965561,0.0027924427,0.0027091391,0.0010829804,0.0031090481,0.0040066037
13,0.0029052456,0.0065094363,0.010841149,0.11533262,0.0103095705,0.023292521,0.20532921,0.9795654,0.06624728,0.09965664,0.36990938,0.16842008,0.025868272,0.0011301759,0.05373721,0.0459243,0.046751607,0.99485755,0.27661592,0.027431687,0.04561508,0.15237829,0.011816009,0.0036220641,0.0007447489,0.00808514,0.003560737,0.0010489963,0.0011051333,0.0017254287,0.0010653321,0.001647478,0.0010587819,0.00047905676,0.0014468017,0.0007526134,0.00063216884,0.0014120216,0.0013251695,0.00065048976,0.001283306,0.0012097631,0.001956787,0.0015558323,0.0017806108,0.002212525,0.0014129909,0.0011180552,0.0012144882,0.0021454163,0.0012909018,0.00095799926,0.0018283494,0.0018153536,0.0006449635,0.0009093385,0.0022008806,0.0013532483,0.0010751904,0.0025490555,0.0025440205
14,0.0051585264,0.0043657403,0.021547353,0.016536806,0.006391403,0.013211012,0.3069787,0.30463448,0.0407288,0.08372115,0.28528678,0.2699608,0.26153404,0.05373721,0.0016473706,0.030012988,0.68859416,0.9661429,0.07805924,0.05666322,0.016298639,0.05576241,0.004661015,0.012769019,7.7698576e-05,0.0022501273,0.0016226472,0.0004005914,0.0018928031,0.001598875,0.0011054692,0.00112091,0.0012051126,0.0014044752,0.0013827803,0.0014581174,0.00095975056,0.0014991115,0.0014286538,0.000970951,0.0015835419,0.0019747543,0.0013140099,0.0015430659,0.0020963247,0.0028037333,0.0019586121,0.002699698,0.001970602,0.0033378808,0.0015789391,0.0016964063,0.0028986824,0.0027043715,0.0011821599,0.001432978,0.0041330005,0.0014790876,0.0022038575,0.0018974347,0.005553908
15,0.005802928,0.0051144063,0.008711903,0.011364563,0.014521114,0.019623348,0.08027184,0.16851826,0.25239277,0.2045371,0.124360524,0.22746773,0.1961588,0.0459243,0.030012988,0.0012185194,0.1566612,0.045471262,0.5337347,0.50245106,0.0060188756,0.013613873,0.018559692,0.007766924,0.00044621027,0.0029016577,0.0052071344,0.00035890169,0.0010226809,0.002345441,0.00093967177,0.0008065827,0.0013797376,0.0009788582,0.0008287264,0.0009360139,0.000780745,0.002459399,0.0010951156,0.0007117789,0.0016250359,0.0042233337,0.001394326,0.0016680936,0.005389457,0.0060500195,0.0037237103,0.002573186,0.002417971,0.006219568,0.0032018106,0.0017817409,0.0037830523,0.0028541104,0.001130417,0.0019434681,0.0034594974,0.0019213294,0.0018076394,0.0028023233,0.0038641195
16,0.0060308436,0.0060986523,0.018257795,0.023612978,0.008209212,0.01845768,0.12389641,0.04500254,0.033815887,0.046896223,0.075728886,0.09182826,0.09219479,0.046751607,0.68859416,0.1566612,0.0015577519,0.14718263,0.02745034,0.22093676,0.033887155,0.013747821,0.008372065,0.0057175523,0.00056152395,0.0059004813,0.002566315,9.3989634e-05,0.0020732088,0.005055645,0.0008076306,0.0019497307,0.0017377514,0.0010896699,0.002283607,0.0010655696,0.0010747557,0.0010647234,0.0011776211,0.0010509714,0.0017247128,0.003191949,0.0015449125,0.0016716382,0.0054430603,0.0047906907,0.0028524487,0.0037291208,0.0038703412,0.008250857,0.004870705,0.0015519904,0.0033507037,0.0036034435,0.001733783,0.001812632,0.002569499,0.003540417,0.0019694206,0.0034004368,0.0058892923
17,0.00436941,0.005310119,0.03689341,0.06924361,0.0058944845,0.009444735,0.104884185,0.061570823,0.026810458,0.030469723,0.13483642,0.13026987,0.22258487,0.99485755,0.9661429,0.04547125,0.14718263,0.0021288819,0.0071711424,0.011547172,0.2472151,0.2362392,0.0052171107,0.0034783776,1.224007e-05,0.013180755,0.00396529,0.000719593,0.0012297197,0.07515406,0.0014401801,0.0013681874,0.0027902103,0.00062063726,0.00105795,0.0017322757,0.0008225243,0.0009396319,0.0008194923,0.00051574135,0.0010945309,0.0012333409,0.0008646362,0.0009747875,0.0017899497,0.0018473882,0.0019037593,0.0022761282,0.001868832,0.0033381458,0.0013558076,0.00080729666,0.0043153944,0.0027929833,0.00086300075,0.0011966092,0.006595052,0.0019250914,0.0010236318,0.0012449115,0.00552004
18,0.029849237,0.0073629883,0.014964571,0.10078485,0.23477603,0.018434409,0.06263665,0.992716,0.843318,0.22583002,0.22482602,0.38378888,0.16954984,0.27661592,0.07805925,0.53373486,0.02745034,0.0071711424,0.00038907645,0.032477308,0.014047987,0.008483827,0.12556551,0.018033592,0.0010527826,0.00092698436,0.0019662543,0.0049620075,0.00078162935,0.00059317367,0.0024644823,0.00089275633,0.0010077602,0.0009360527,0.00097094453,0.0004199134,0.0006028472,0.0020322353,0.0011151524,0.0005033809,0.0009462996,0.0015406882,0.0005238446,0.0008545609,0.0017748027,0.002344603,0.0012469735,0.0011006513,0.0010588585,0.0023536156,0.0011563469,0.0013319129,0.0014713788,0.002108329,0.0009283154,0.0007335495,0.0019538305,0.0011800325,0.0008010464,0.002112764,0.0026781962
19,0.045878883,0.02119946,0.005621433,0.014544604,0.089456044,0.019706182,0.0130058285,0.02149348,0.1282584,0.024052298,0.0296854,0.013756733,0.016906273,0.027431687,0.056663208,0.50245106,0.22093676,0.011547177,0.0324773,0.003345738,0.010155862,0.010975306,0.08868822,0.5703952,0.02076018,0.008272326,0.0018749151,0.0022865445,0.004420306,0.0031427718,0.00094224117,0.0038536678,0.005587249,0.001034721,0.001736811,0.0017322131,0.00058885704,0.0031274892,0.0016535729,0.0006233827,0.0010933508,0.0038815774,0.0016392237,0.0016660525,0.002280465,0.0031064895,0.0010108371,0.0023487057,0.001683606,0.002313959,0.0015028314,0.0008395051,0.0016503314,0.0016574234,0.0016813034,0.0013255166,0.0024239663,0.0022875792,0.0029450548,0.0045763357,0.004321515
20,0.032176107,0.028209038,0.054589074,0.102900855,0.009803076,0.017958531,0.030965084,0.026832923,0.011849189,0.015295391,0.024368025,0.015894953,0.019512938,0.04561509,0.016298639,0.0060188756,0.033887163,0.24721517,0.014047987,0.010155862,0.00095814257,0.03475712,0.05266383,0.07344543,0.11350994,0.77603227,0.026803216,0.0012080111,0.00570837,0.09253875,0.004227621,0.0021144412,0.01577472,0.002192075,0.0014781858,0.0012226118,0.00093993987,0.0011324023,0.00036764194,0.00068430306,0.00068498723,0.000979991,0.00047250884,0.0011431919,0.001163424,0.002069934,0.0019322231,0.001329127,0.0019031136,0.003217871,0.001387931,0.0012562722,0.0021540432,0.0024329664,0.0011874167,0.0010304733,0.0030059102,0.0018587321,0.0016975007,0.0018452975,0.0045913327
21,0.035117205,0.007037379,0.022436991,0.96462494,0.017883604,0.010775353,0.03410688,0.056638435,0.022083323,0.016751204,0.025023816,0.039950773,0.018819468,0.15237829,0.05576241,0.013613873,0.013747821,0.2362392,0.008483827,0.010975306,0.03475712,0.0020633307,0.013566929,0.01128768,0.020850904,0.109785005,0.04395772,0.004645279,0.005520551,0.033948727,0.008212843,0.00050178927,0.0023035223,0.003274456,0.0010211344,0.00045591439,0.0016863227,0.0022243434,0.0004673793,0.0005488908,0.0011508502,0.0016399527,0.00042629908,0.0009859435,0.0017703503,0.0016803048,0.0015197718,0.0012613763,0.0016483117,0.0028498282,0.0013152933,0.0008499892,0.0022931623,0.002812483,0.0011553185,0.0015202529,0.0033743938,0.0023742996,0.0019594913,0.0016520756,0.0075016967
22,0.41718155,0.027622515,0.021859795,0.72522604,0.97995365,0.0114983665,0.005529228,0.20907436,0.12086671,0.012223495,0.011126964,0.020209868,0.008673357,0.011816009,0.004661015,0.018559692,0.008372065,0.0052171107,0.12556554,0.08868822,0.05266381,0.013566922,0.0007950572,0.04922488,0.011340096,0.020648347,0.014043614,0.0511761,0.011088655,0.0039636837,0.0060686306,0.0010907192,0.0022466658,0.002503975,0.0027954571,0.00050660165,0.0004208144,0.0027503988,0.0006463936,0.0007127523,0.0017337343,0.0014047995,0.0008392268,0.00085266976,0.0014662951,0.001176529,0.00091895496,0.0006998626,0.0011513733,0.0013526548,0.0007884529,0.0008843493,0.0011818846,0.0010588292,0.001109438,0.0023735024,0.001444187,0.0016850188,0.0068523623,0.0045535928,0.0034552389
23,0.18350366,0.008837116,0.0054227393,0.012469355,0.14662187,0.016387999,0.005134679,0.009134265,0.021264317,0.005748221,0.0051111463,0.0069250646,0.0054605794,0.0036220641,0.012769019,0.007766924,0.0057175523,0.0034783776,0.018033588,0.5703952,0.07344543,0.01128768,0.04922488,0.00055876083,0.15670921,0.016829442,0.04220579,0.30727476,0.52955514,0.085404694,0.0071572224,0.026127333,0.020772588,0.0038285553,0.0017207962,0.003067739,0.0013769495,0.0003448889,0.0024622877,0.001026572,0.0011371596,0.0028527037,0.0013128245,0.0008333638,0.0015633352,0.0020666213,0.0010033959,0.00074222067,0.0011952878,0.0013897966,0.000962031,0.000980111,0.0012950795,0.0011911183,0.0020048239,0.0012548029,0.002210948,0.0018521996,0.005691239,0.0034389943,0.005116704
24,0.07996399,0.24242021,0.032764625,0.03782972,0.053913664,0.08381965,0.0058314204,0.011632934,0.0059984815,0.0024136961,0.00319832,0.002903869,0.0015137699,0.0007447489,7.7698576e-05,0.00044621027,0.00056152395,1.224007e-05,0.0010527826,0.02076018,0.11350994,0.020850904,0.011340096,0.15670921,0.23489642,0.048923485,0.43968883,0.4129733,0.9941028,0.0061061364,0.15160121,0.026977735,0.002186269,0.03883367,0.007890331,0.0045825564,0.006036454,0.0003690374,0.0026046913,0.0027140405,0.0016015917,0.0010288336,0.0006195658,0.0016120402,0.0013790361,0.0015008721,0.00294879,0.0010816169,0.0010106647,0.0014202095,0.0013994704,0.0014632402,0.0018442712,0.0021018183,0.0014838447,0.0017725695,0.0032890642,0.0026308831,0.0034663295,0.0031036187,0.006873865
25,0.97235614,0.023107685,0.014542918,0.16087952,0.008392858,0.004548963,0.004825596,0.005628439,0.007013994,0.0057119327,0.007678116,0.005412672,0.007288505,0.00808514,0.0022501273,0.002901656,0.0059004813,0.013180755,0.00092698436,0.008272326,0.77603227,0.109785005,0.020648347,0.016829442,0.048923478,0.0015098794,0.06263045,0.018083014,0.055424355,0.08242224,0.06652039,0.010124102,0.011992516,0.01736091,0.002321185,0.003174179,0.00093459524,0.00041714797,0.0011087133,0.0008949324,0.00043008616,0.0014302492,0.00071466825,0.0009892536,0.001658805,0.0027831236,0.0010828137,0.0014419223,0.0023497606,0.002658086,0.0016825292,0.0011574158,0.0040492383,0.0016420104,0.002027751,0.0016794348,0.004844113,0.002111571,0.002528226,0.0028776801,0.013128781
26,0.9916123,0.06628693,0.008750498,0.082323864,0.16876957,0.0063986927,0.0022367747,0.0044035963,0.007119126,0.0044222414,0.00312596,0.0032598143,0.003994152,0.003560737,0.0016226472,0.0052071344,0.002566315,0.00396529,0.0019662543,0.0018749161,0.026803216,0.043957733,0.014043614,0.04220579,0.43968883,0.06263045,0.0003584773,0.0493703,0.29666162,0.054410666,0.5650476,0.012963728,0.012859256,0.01959526,0.005263273,0.0014347375,0.0071396753,0.0020198105,0.000117189906,0.001404552,0.005013739,0.001273796,0.0005510306,0.0013606184,0.0017493507,0.0007062686,0.0007934467,0.0012197527,0.0014841111,0.0021581221,0.0010559744,0.0005822798,0.0016196158,0.001497292,0.002314013,0.0015383741,0.0030283246,0.0020117671,0.006949865,0.004583649,0.008122084
27,0.18742785,0.0639104,0.011373413,0.012105495,0.0784966,0.020252107,0.0051178066,0.0045548226,0.0030592747,0.0019313478,0.0034881465,0.0017154873,0.0007860306,0.0010489967,0.0004005914,0.00035890169,9.3989634e-05,0.000719593,0.0049620075,0.0022865455,0.0012080111,0.004645279,0.051176116,0.30727488,0.4129733,0.018083017,0.049370307,0.0033563406,0.7074394,0.0222614,0.3851313,0.38245356,0.007230148,0.038188536,0.022301942,0.0034785895,0.007918334,0.006722804,0.0074578086,0.0017437947,0.002841638,0.0026678347,0.0013349341,0.0015861616,0.001895653,0.0017218696,0.0026784497,0.0013605056,0.001038403,0.0022922384,0.0015985015,0.000997657,0.0023441636,0.005279731,0.002558442,0.0029382021,0.0056093447,0.0068236706,0.005460655,0.0068402067,0.00960731
28,0.41385964,0.016082149,0.0061858776,0.003245686,0.0067717484,0.004015294,0.002503262,0.0014036188,0.0010812404,0.0012518687,0.0012066115,0.0012157862,0.0010264996,0.0011051333,0.0018928023,0.0010226815,0.0020732088,0.0012297197,0.00078162935,0.004420306,0.00570837,0.0055205533,0.011088655,0.52955514,0.9941028,0.05542436,0.2966617,0.7074394,0.0031603726,0.0069573945,0.09437389,0.12047776,0.022216965,0.6937101,0.1113356,0.030377254,0.044726107,0.001964253,0.005381294,0.0010461659,0.00047209064,0.0006961063,0.0014258757,0.0007871388,0.000681948,0.0012726367,0.001148513,0.0012168677,0.0010812125,0.0010263646,0.0010125996,0.0012715013,0.0013099057,0.00078697904,0.0027746442,0.004781646,0.0026533774,0.0015930891,0.034334704,0.033406727,0.0056730625
29,0.1411309,0.0051905746,0.006380281,0.0073212776,0.005474636,0.0030484,0.0030142185,0.0019083205,0.002029473,0.0027826114,0.0024812531,0.0016906301,0.0015748686,0.0017254287,0.001598875,0.0023454397,0.005055643,0.07515406,0.0005931734,0.0031427718,0.09253875,0.033948727,0.0039636837,0.08540468,0.0061061364,0.08242224,0.054410655,0.0222614,0.0069573945,0.00049743673,0.63508075,0.046322394,0.039639775,0.4977443,0.028571911,0.0066944617,0.008640133,0.0065087294,0.00082342647,0.002273069,0.0032990996,0.0019857339,0.0012221169,0.0025062952,0.0014269066,0.0011102924,0.0009477527,0.0017389792,0.0028848902,0.0035857672,0.0014535754,0.0017835847,0.004919426,0.0025654193,0.017308902,0.005313266,0.0036476431,0.005640448,0.012802705,0.015068262,0.023843123
30,0.10915626,0.0043856604,0.0023310957,0.0027702027,0.004987835,0.0020445893,0.0017763289,0.0019349386,0.0014782681,0.0014352035,0.0029727253,0.0013726131,0.00040109945,0.0010653321,0.0011054692,0.00093967177,0.0008076306,0.0014401808,0.0024644823,0.00094224117,0.004227621,0.008212843,0.0060686306,0.007157226,0.15160121,0.0665204,0.5650475,0.3851313,0.09437391,0.63508075,0.00063562026,0.2128634,0.2914728,0.016343877,0.03344548,0.029998934,0.021079449,0.12645006,0.010420825,0.002208376,0.4067025,0.0012199072,0.0025225289,0.0012557637,0.0020450542,0.0011459767,0.0011278442,0.0016922733,0.0015112018,0.0016043544,0.001300714,0.0009794981,0.0022119293,0.009565812,0.0025306009,0.0024893356,0.0030886803,0.009615245,0.012518238,0.0049471008,0.0095278025
31,0.014057916,0.012698652,0.0023453715,0.0018862108,0.004525735,0.001722883,0.001141127,0.00096023036,0.0013532805,0.0011061508,0.0017342237,0.0009077892,0.0009013367,0.0016474772,0.0011209095,0.00080658233,0.0019497307,0.0013681881,0.0008927559,0.00385367,0.0021144412,0.00050178927,0.0010907192,0.026127333,0.026977735,0.010124102,0.012963728,0.3824535,0.12047779,0.046322383,0.2128634,0.004257549,0.08598638,0.07592643,0.60444826,0.17055683,0.018707262,0.11585849,0.09590877,0.002507075,0.004375526,0.0043344954,0.004801388,0.001318037,0.0018795971,0.0045011714,0.0034956464,0.0043412563,0.004163608,0.00249306,0.0030589493,0.0014299932,0.0054110605,0.0051206406,0.007005009,0.0040019886,0.0074581965,0.009522787,0.02717624,0.020131651,0.007143878
32,0.004412576,0.0020999038,0.0055695265,0.0013952279,0.0031079224,0.0019845776,0.0018889308,0.0006779859,0.0012502201,0.0023748644,0.0014099013,0.0019820498,0.0019110325,0.0010587819,0.0012051126,0.0013797376,0.0017377514,0.0027902103,0.0010077602,0.005587249,0.01577472,0.0023035223,0.0022466658,0.020772593,0.002186269,0.011992516,0.0128592495,0.007230148,0.022216968,0.039639775,0.2914728,0.08598638,0.00010609306,0.1617664,0.3492004,0.9579183,0.2623176,0.015416626,0.009516326,0.003416214,0.0024454286,0.003588685,0.00094295153,0.0011440794,0.0006467871,0.0011619405,0.0019133622,0.0017956097,0.0033924114,0.0015707816,0.0028793858,0.0087006595,0.0073361634,0.0016044261,0.09449286,0.09461552,0.010269388,0.006612423,0.051133104,0.2279187,0.01948507
33,0.0051215566,0.0021975415,0.0019281931,0.0011305404,0.0015405854,0.0013914806,0.00097042666,0.0008895646,0.0009553605,0.001021023,0.0014160419,0.001030273,0.0006520685,0.00047905676,0.0014044752,0.0009788582,0.0010896699,0.00062063726,0.0009360527,0.001034721,0.002192075,0.003274456,0.002503975,0.0038285553,0.03883367,0.01736091,0.01959526,0.038188554,0.6937101,0.4977443,0.016343877,0.07592643,0.1617664,0.0011784515,0.41153494,0.20863809,0.53105706,0.10645818,0.012987606,0.014253748,0.023936946,0.0025351762,0.00852072,0.0029466234,0.0029655697,0.0011405325,0.0034948008,0.0017769025,0.0038102202,0.002589235,0.0014654596,0.0034881397,0.0061365156,0.002130493,0.011756594,0.010833752,0.006314179,0.013858003,0.29651576,0.014148295,0.008220144
34,0.007614725,0.0039983313,0.0017148359,0.00079264113,0.0020983126,0.0015325069,0.00091581786,0.0012646497,0.0021833447,0.0009772805,0.0011450262,0.0009277562,0.0012519349,0.0014468017,0.0013827803,0.0008287264,0.002283607,0.00105795,0.000970945,0.001736812,0.0014781858,0.0010211344,0.0027954571,0.0017207962,0.007890331,0.002321185,0.005263271,0.022301942,0.1113356,0.028571917,0.03344548,0.60444826,0.3492004,0.41153494,0.0018393261,0.11061647,0.017540937,0.8962684,0.46698055,0.0033958682,0.007295104,0.0067306804,0.023026772,0.005161672,0.0037573017,0.002805464,0.0040451544,0.0036705588,0.0035250343,0.002848991,0.0023988467,0.002248504,0.005634362,0.0036742,0.016013525,0.017759949,0.0048639793,0.018968463,0.020738745,0.012664896,0.009824075
35,0.0029671253,0.0025750396,0.0018891322,0.0009260835,0.0012015891,0.0015916342,0.0008666893,0.00078694837,0.001113609,0.0014901785,0.0012672041,0.0020196529,0.0015153692,0.0007526134,0.0014581174,0.0009360139,0.001065569,0.0017322757,0.00041991318,0.0017322131,0.0012226118,0.00045591439,0.0005066014,0.003067739,0.004582554,0.003174179,0.0014347367,0.0034785876,0.030377254,0.0066944617,0.02999893,0.17055683,0.9579183,0.20863809,0.110616446,0.0007405649,0.089238636,0.017356567,0.034375902,0.031901415,0.0072504077,0.008590329,0.0039566965,0.002199323,0.0028253857,0.0035351822,0.005492678,0.0031092775,0.007831019,0.0024256133,0.005557995,0.007070089,0.006825665,0.00363912,0.22647895,0.28504252,0.01233882,0.031491525,0.88646,0.21220487,0.011225841
36,0.002980225,0.0036998473,0.0018876655,0.0014209944,0.0017082463,0.0015758212,0.0008457905,0.00078583474,0.001117741,0.0010749763,0.0010863831,0.0011961164,0.0010212832,0.00063216884,0.00095975056,0.00078074535,0.0010747557,0.0008225243,0.00060284685,0.00058885675,0.00093994034,0.0016863219,0.0004208144,0.0013769489,0.006036454,0.00093459524,0.0071396753,0.007918337,0.0447261,0.008640133,0.021079453,0.018707262,0.2623176,0.53105694,0.017540945,0.08923866,0.0005342736,0.0060602413,0.015242759,0.27363497,0.069779575,0.0035936006,0.0032374277,0.0020122575,0.0014101838,0.0014046323,0.004521614,0.0012575375,0.0052715032,0.0031140344,0.0027075498,0.08896318,0.01034563,0.006032127,0.2631509,0.89379203,0.017554255,0.033203807,0.9692879,0.37865475,0.018206809
37,0.0069754217,0.0025498692,0.0016873168,0.0012358892,0.0051118834,0.0025808574,0.001401373,0.0013514902,0.002269771,0.0015517857,0.0021325366,0.0014198162,0.0013504338,0.0014120216,0.0014991115,0.0024593978,0.0010647234,0.0009396319,0.0020322353,0.0031274892,0.0011324023,0.0022243434,0.0027503988,0.00034488871,0.0003690372,0.00041714797,0.0020198096,0.0067228014,0.001964253,0.0065087294,0.12645006,0.11585849,0.015416626,0.10645818,0.8962684,0.017356567,0.0060602413,0.0014709557,0.16824433,0.0043598474,0.22064535,0.74705106,0.004348377,0.045476034,0.028855916,0.030098625,0.020510491,0.0066508334,0.015599018,0.006836444,0.014341472,0.005273584,0.0037588587,0.013245407,0.014603059,0.0074620247,0.0030993416,0.031670216,0.009243753,0.004874476,0.0049440926
38,0.0032210099,0.004640828,0.0018584101,0.0012194297,0.0029180313,0.0024151467,0.0008929359,0.0009519156,0.0016329521,0.0016157498,0.001628576,0.0015743559,0.0019714863,0.0013251695,0.0014286538,0.0010951156,0.0011776211,0.0008194923,0.0011151524,0.0016535729,0.00036764177,0.0004673793,0.0006463936,0.0024622877,0.0026046913,0.0011087133,0.0001171898,0.0074578086,0.005381294,0.00082342647,0.010420825,0.095908746,0.009516326,0.012987606,0.46698055,0.034375902,0.015242759,0.16824433,0.00065695675,0.007980124,0.010542925,0.87692213,0.29207277,0.008753167,0.038493097,0.08244709,0.023904981,0.026986364,0.011005351,0.0080361515,0.084006496,0.014948343,0.013083566,0.007019778,0.40969953,0.009370397,0.00741904,0.009339976,0.068224505,0.01145063,0.004336778
39,0.00088122115,0.0019332735,0.0009720896,0.0011248378,0.0013930504,0.0019898128,0.0010346195,0.00060589175,0.0010682548,0.0011234708,0.00091879006,0.0008517019,0.0009445331,0.00065048976,0.0009709505,0.0007117789,0.0010509714,0.00051574135,0.0005033809,0.000623383,0.00068430306,0.0005488908,0.0007127523,0.0010265714,0.0027140405,0.0008949324,0.001404552,0.0017437947,0.0010461659,0.002273069,0.0022083751,0.002507075,0.003416214,0.014253748,0.0033958682,0.03190143,0.27363485,0.0043598474,0.007980124,0.0015840599,0.014579878,0.0057038274,0.04147935,0.00815768,0.007832213,0.008519463,0.04779288,0.011258698,0.030816525,0.0054390943,0.03605266,0.999281,0.032486655,0.012998962,0.9988887,0.9961254,0.007405401,0.113998674,0.1510053,0.071327284,0.003909294
40,0.001469897,0.002891487,0.0019113863,0.0014045386,0.0013655806,0.0023776419,0.0020296422,0.003544647,0.0033669628,0.0012267657,0.0017634142,0.0019030437,0.001538988,0.001283306,0.0015835419,0.0016250359,0.0017247128,0.0010945309,0.0009462996,0.0010933508,0.00068498723,0.0011508502,0.0017337343,0.0011371596,0.0016015925,0.00043008616,0.005013739,0.002841638,0.00047209064,0.0032990996,0.4067025,0.004375526,0.0024454286,0.023936946,0.007295104,0.0072504077,0.069779575,0.2206454,0.010542925,0.014579885,0.001974742,0.022778234,0.00989855,0.23030613,0.63516164,0.0154907415,0.013015226,0.011065584,0.119311035,0.023344176,0.023870168,0.090820104,0.017500388,0.033516657,0.051188402,0.030666802,0.01220493,0.028935028,0.01294353,0.009269068,0.0050642104
41,0.002756711,0.0026065973,0.0020739716,0.0014882995,0.003952183,0.0027278364,0.0026191329,0.0020003961,0.0050947736,0.0025184038,0.0022298605,0.0027714334,0.0025500196,0.0012097631,0.0019747543,0.0042233337,0.003191949,0.0012333409,0.0015406882,0.0038815774,0.000979991,0.0016399527,0.0014047995,0.0028527037,0.0010288336,0.0014302486,0.001273796,0.0026678334,0.0006961063,0.0019857339,0.0012199072,0.0043344973,0.003588685,0.0025351762,0.0067306804,0.008590329,0.0035936006,0.74705106,0.87692213,0.0057038274,0.022778234,0.001177002,0.023354767,0.021762744,0.6277469,0.25588754,0.031255674,0.099711955,0.04650863,0.017303014,0.06416162,0.006618891,0.010774881,0.0055417065,0.032873724,0.008253713,0.005488944,0.0096194595,0.015118674,0.007670428,0.0068637747
42,0.0008284406,0.0024645939,0.0012395438,0.0008775539,0.00081364217,0.0018347732,0.0014088564,0.0010297657,0.0012729876,0.0012264269,0.0014404182,0.0016336746,0.0020311484,0.001956787,0.0013140099,0.001394326,0.0015449132,0.0008646362,0.0005238446,0.0016392244,0.00047250884,0.00042629908,0.0008392268,0.0013128245,0.0006195658,0.00071466825,0.0005510306,0.0013349341,0.0014258757,0.0012221176,0.0025225289,0.004801388,0.00094295153,0.008520717,0.023026772,0.0039566965,0.0032374277,0.004348377,0.29207277,0.04147935,0.00989855,0.023354767,0.0012358539,0.0063819317,0.006236724,0.2264157,0.07446816,0.9989009,0.09715046,0.020253291,0.996558,0.64972556,0.006660238,0.032440472,0.95768917,0.012399412,0.003913264,0.013867971,0.048742462,0.004309283,0.0029565473
43,0.00069520454,0.0013923342,0.0013037472,0.0011168959,0.0009753281,0.002264655,0.002166027,0.0011311043,0.0017108634,0.0017267589,0.001700622,0.0019447078,0.0017509975,0.0015558323,0.0015430659,0.0016680936,0.0016716382,0.0009747879,0.0008545609,0.0016660525,0.0011431919,0.0009859429,0.00085266976,0.0008333638,0.0016120394,0.0009892536,0.0013606184,0.0015861616,0.0007871388,0.0025062952,0.0012557637,0.001318037,0.0011440794,0.0029466234,0.005161672,0.0021993238,0.0020122575,0.045476034,0.008753167,0.00815768,0.23030613,0.021762744,0.0063819317,0.0014118649,0.049346425,0.05602864,0.32364956,0.15184279,0.90977556,0.17993218,0.064538054,0.99918824,0.22842541,0.05993682,0.029223135,0.057715543,0.014964555,0.018218582,0.009192074,0.005423894,0.00692953
44,0.0019182395,0.0023437869,0.0034423461,0.0025361483,0.0027148884,0.0024455728,0.0031252438,0.0019495998,0.0034748856,0.00267355,0.0024322418,0.0031763313,0.0026842707,0.0017806108,0.0020963247,0.005389457,0.0054430603,0.0017899504,0.0017748027,0.002280465,0.001163424,0.0017703503,0.0014662951,0.0015633346,0.0013790361,0.001658805,0.0017493507,0.001895653,0.000681948,0.0014269066,0.0020450542,0.0018795971,0.0006467871,0.0029655697,0.0037573017,0.0028253857,0.0014101838,0.028855916,0.038493097,0.007832213,0.63516164,0.6277469,0.006236721,0.049346425,0.0015729999,0.074603364,0.13810411,0.13778949,0.22026528,0.17379214,0.08837885,0.043145,0.029106671,0.02340166,0.006304478,0.008699932,0.012640919,0.014048825,0.0059158346,0.008556946,0.010946554
45,0.002273957,0.0020022925,0.0038224314,0.0022050058,0.0026564999,0.0024691864,0.0025878008,0.0020511046,0.003038169,0.002424417,0.0020900858,0.0028926188,0.003205793,0.002212525,0.002803732,0.0060500195,0.0047906907,0.0018473882,0.002344603,0.0031064895,0.002069933,0.0016803048,0.001176529,0.0020666213,0.0015008721,0.0027831236,0.0007062686,0.0017218688,0.0012726367,0.0011102924,0.0011459767,0.004501169,0.0011619405,0.0011405325,0.002805464,0.0035351822,0.0014046323,0.030098625,0.08244707,0.0085194595,0.015490735,0.25588754,0.2264157,0.056028627,0.074603364,0.0025159135,0.12833768,0.95033944,0.11024299,0.052512117,0.07832507,0.05853386,0.024309598,0.013828599,0.0065674,0.0062120487,0.012046592,0.004965041,0.0031705347,0.008609991,0.009575205
46,0.0019634715,0.00216106,0.0026736443,0.0013122251,0.0022273422,0.0019143971,0.001974305,0.0012204458,0.0018965084,0.002719412,0.0017797769,0.0019208769,0.0029899632,0.0014129909,0.001958611,0.0037237087,0.0028524487,0.0019037593,0.0012469735,0.0010108371,0.0019322231,0.0015197718,0.00091895496,0.0010033959,0.00294879,0.0010828137,0.0007934467,0.0026784497,0.001148513,0.0009477527,0.0011278442,0.0034956464,0.0019133622,0.0034948008,0.0040451526,0.005492678,0.004521614,0.020510491,0.023904974,0.04779288,0.013015226,0.031255674,0.07446816,0.32364956,0.13810411,0.12833768,0.0024330402,0.05070433,0.711756,0.16480105,0.05921429,0.92012477,0.039853487,0.012710597,0.007626972,0.01826447,0.012634363,0.003988435,0.0063865297,0.010109814,0.008267284
47,0.0012079438,0.002538341,0.0026679707,0.0023176342,0.0011977142,0.0016764188,0.0017808395,0.0010974831,0.0014735057,0.0018830809,0.0014377519,0.001716421,0.0020183057,0.0011180546,0.002699698,0.002573186,0.0037291208,0.0022761282,0.0011006513,0.0023487057,0.001329127,0.0012613763,0.0006998626,0.00074222067,0.0010816163,0.0014419223,0.0012197527,0.0013605056,0.0012168677,0.0017389785,0.0016922733,0.0043412563,0.0017956097,0.0017769025,0.0036705588,0.0031092775,0.0012575375,0.0066508334,0.026986364,0.011258698,0.011065584,0.099711925,0.9989009,0.15184273,0.13778949,0.95033944,0.05070433,0.0012603309,0.0076452126,0.19648688,0.9985055,0.03419154,0.027395897,0.06782454,0.0028163546,0.0023874706,0.011893446,0.0048951674,0.0006788155,0.004596389,0.010441247
48,0.0011866828,0.0013636058,0.0023180565,0.0018721741,0.0018634816,0.0019888587,0.0020313128,0.0016296548,0.0019760306,0.0014778198,0.002121627,0.0020998677,0.002251888,0.0012144886,0.001970602,0.002417971,0.0038703412,0.001868832,0.0010588585,0.001683606,0.0019031136,0.0016483117,0.0011513733,0.0011952872,0.0010106647,0.0023497606,0.0014841111,0.001038403,0.0010812125,0.0028848902,0.0015112018,0.004163608,0.0033924114,0.0038102202,0.0035250343,0.007831019,0.0052715032,0.015599018,0.011005351,0.030816525,0.119311035,0.046508636,0.09715046,0.90977556,0.22026528,0.11024299,0.711756,0.007645216,0.0027230473,0.11830743,0.04158044,0.79998565,0.24609604,0.05141791,0.0015632958,0.012873495,0.0028125886,0.009564471,0.0014301199,0.0026627623,0.0041683894
49,0.0016106594,0.0020406507,0.006287763,0.002043734,0.0015931717,0.0021264218,0.0026783592,0.0012100218,0.0021208196,0.0023373687,0.0029763128,0.0029988363,0.003071574,0.0021454163,0.0033378808,0.006219571,0.008250857,0.0033381458,0.0023536156,0.002313959,0.0032178727,0.0028498282,0.0013526548,0.0013897966,0.0014202095,0.002658086,0.0021581221,0.0022922384,0.0010263646,0.0035857672,0.001604355,0.00249306,0.0015707816,0.002589235,0.002848991,0.0024256133,0.0031140344,0.006836444,0.0080361515,0.0054390943,0.023344176,0.017303014,0.020253291,0.17993218,0.1737921,0.052512135,0.16480109,0.19648692,0.11830743,0.0037961216,0.047216173,0.0100383,0.8253442,0.85239047,0.0020187467,0.0041164276,0.05032039,0.025089746,0.00061976514,0.00064088695,0.015684396
50,0.001742899,0.0017986002,0.0022373877,0.0010388567,0.0009729892,0.0022626754,0.0026489443,0.0013035137,0.0016450313,0.0019542861,0.0020070595,0.00162274,0.0027717128,0.0012909024,0.00157894,0.0032018106,0.004870705,0.0013558076,0.0011563469,0.001502832,0.001387931,0.0013152933,0.0007884529,0.00096203067,0.0013994704,0.0016825292,0.0010559744,0.0015985015,0.0010125996,0.0014535754,0.001300714,0.0030589509,0.0028793858,0.0014654596,0.0023988467,0.005557995,0.0027075498,0.014341472,0.08400652,0.03605266,0.023870168,0.06416162,0.996558,0.06453806,0.08837885,0.07832508,0.05921429,0.9985055,0.04158044,0.047216173,0.0007893731,0.004468244,0.010357477,0.7610455,0.006063077,0.005235083,0.0068005584,0.020244163,0.0031241477,0.004137868,0.005764142
51,0.0006191278,0.0014770221,0.0016495883,0.00096471026,0.0007334383,0.0019095396,0.0010733713,0.0007376148,0.0010447437,0.0012584548,0.0012543363,0.0016739577,0.0017834777,0.00095799967,0.0016964063,0.0017817416,0.0015519904,0.00080729666,0.0013319129,0.0008395051,0.0012562722,0.0008499896,0.0008843488,0.000980111,0.001463241,0.0011574158,0.0005822801,0.000997657,0.0012715013,0.0017835856,0.0009794981,0.0014299932,0.0087006595,0.0034881397,0.002248504,0.007070089,0.08896318,0.0052735866,0.014948343,0.999281,0.09082015,0.006618891,0.64972544,0.99918824,0.043145,0.05853387,0.92012477,0.03419154,0.79998565,0.0100383,0.004468244,0.0010187916,0.037585765,0.0075514102,0.011703661,0.05596231,0.005540987,0.005102456,0.002410638,0.006816061,0.0019210762
52,0.001124481,0.0018284216,0.002650391,0.0013002205,0.00114413,0.0012281301,0.0014503704,0.0021493756,0.0019498894,0.0016676522,0.0015988118,0.0023567348,0.0023011905,0.0018283494,0.0028986824,0.0037830523,0.003350702,0.0043153944,0.0014713788,0.0016503314,0.0021540432,0.0022931623,0.0011818846,0.0012950795,0.0018442712,0.0040492383,0.0016196158,0.0023441636,0.0013099057,0.004919426,0.0022119284,0.0054110605,0.0073361597,0.006136513,0.005634362,0.006825665,0.010345626,0.0037588563,0.013083566,0.032486644,0.017500388,0.010774881,0.006660238,0.22842541,0.029106671,0.024309602,0.039853487,0.027395897,0.24609604,0.8253442,0.010357472,0.037585758,0.0042008134,0.111268274,0.0032758727,0.12826774,0.4904625,0.11916227,0.0030497538,0.0002839302,0.015057706
53,0.0021864916,0.0019729873,0.003614265,0.0019309608,0.0013511569,0.001491787,0.0016453525,0.0008894187,0.0017412314,0.0022081155,0.0022913946,0.0022703002,0.0023413408,0.0018153536,0.0027043715,0.0028541104,0.0036034435,0.0027929833,0.002108329,0.0016574234,0.0024329664,0.0028124845,0.0010588292,0.0011911183,0.0021018183,0.0016420104,0.001497292,0.005279731,0.00078697904,0.0025654193,0.009565812,0.0051206406,0.0016044261,0.002130493,0.0036742,0.00363912,0.006032127,0.013245407,0.007019781,0.012998962,0.033516657,0.0055417065,0.032440472,0.05993682,0.02340166,0.013828599,0.012710597,0.06782454,0.05141791,0.85239047,0.76104546,0.0075514102,0.11126825,0.0026020699,0.0101320995,0.006787196,0.8356789,0.41426814,0.0028061527,0.0017076089,0.0045099086
54,0.002224667,0.0013406664,0.0011997117,0.0007475526,0.00094151514,0.0014009712,0.0008208764,0.00063371315,0.0009817535,0.0012754957,0.0012994101,0.0009964348,0.0009818691,0.0006449635,0.0011821599,0.001130417,0.001733783,0.00086300075,0.000928315,0.0016813034,0.0011874167,0.0011553185,0.001109438,0.0020048239,0.0014838453,0.002027751,0.002314013,0.002558442,0.0027746442,0.017308902,0.0025306009,0.007005013,0.09449286,0.011756594,0.016013525,0.226479,0.2631509,0.014603066,0.40969953,0.9988887,0.051188402,0.032873724,0.95768917,0.029223135,0.006304478,0.0065674,0.007626972,0.0028163546,0.0015632965,0.0020187467,0.006063077,0.011703661,0.0032758727,0.0101320995,0.0017489027,0.009183323,0.0023146647,0.14623822,0.50831884,0.014734558,0.006409103
55,0.0012865793,0.0016304548,0.001253757,0.0008453819,0.00074517494,0.0011348817,0.0010751443,0.0007626619,0.0014478313,0.001213925,0.001249822,0.0012782284,0.0020965561,0.00090933795,0.001432978,0.0019434672,0.001812632,0.0011966092,0.00073354907,0.0013255172,0.0010304733,0.0015202529,0.0023735024,0.0012548029,0.0017725695,0.0016794348,0.0015383741,0.0029382021,0.004781646,0.005313266,0.0024893356,0.0040019886,0.09461552,0.010833752,0.017759949,0.28504252,0.89379203,0.0074620247,0.009370397,0.9961254,0.030666802,0.008253713,0.012399412,0.057715558,0.0086999275,0.0062120487,0.01826447,0.0023874706,0.012873495,0.0041164276,0.005235083,0.05596231,0.12826774,0.006787196,0.009183323,0.002574075,0.02083158,0.010363593,0.20824693,0.22864375,0.008830357
56,0.0020677564,0.0018432196,0.0036710054,0.0024580143,0.0013329122,0.001708957,0.0021860786,0.0016495395,0.0022928624,0.0028137793,0.0034583418,0.0028596774,0.0027924427,0.0022008806,0.0041330005,0.0034594974,0.002569499,0.006595052,0.0019538305,0.0024239663,0.003005909,0.0033743922,0.001444187,0.002210948,0.0032890642,0.004844113,0.0030283246,0.005609342,0.0026533774,0.0036476431,0.0030886803,0.0074581965,0.010269388,0.006314179,0.0048639793,0.01233882,0.017554255,0.0030993416,0.00741904,0.007405401,0.01220493,0.005488944,0.003913264,0.014964555,0.012640919,0.012046592,0.012634363,0.011893446,0.0028125886,0.05032039,0.0068005584,0.005540987,0.4904625,0.8356789,0.0023146635,0.02083158,0.0058718394,0.10099805,0.0041813124,0.07895908,0.2253066
57,0.0024540152,0.0019517536,0.0024508806,0.0017811584,0.0013666137,0.0015682725,0.0013776053,0.0010942155,0.0015849198,0.0017629117,0.0017199118,0.0019364936,0.0027091391,0.0013532483,0.0014790876,0.0019213294,0.003540417,0.0019250914,0.0011800325,0.0022875792,0.0018587321,0.0023742996,0.0016850188,0.0018521987,0.0026308831,0.00211157,0.0020117671,0.0068236706,0.0015930891,0.005640448,0.009615245,0.009522787,0.006612423,0.013858003,0.018968463,0.031491525,0.033203807,0.031670216,0.0093399715,0.11399865,0.028935028,0.0096194595,0.013867971,0.018218582,0.014048825,0.004965041,0.003988435,0.0048951656,0.009564471,0.025089746,0.020244163,0.005102456,0.11916227,0.41426814,0.14623822,0.010363593,0.10099805,0.0035766948,0.018170295,0.0056751017,0.14746374
58,0.0018525284,0.001693321,0.0013648538,0.0006484554,0.0013912037,0.0012284309,0.00090153434,0.00066420354,0.001157052,0.0013653875,0.0009782863,0.0017280746,0.0010829804,0.0010751904,0.0022038575,0.0018076401,0.0019694206,0.0010236324,0.0008010464,0.0029450548,0.0016975007,0.0019594913,0.0068523623,0.005691239,0.0034663295,0.002528226,0.006949865,0.005460655,0.03433471,0.012802705,0.012518238,0.027176246,0.051133104,0.29651576,0.020738745,0.88646,0.9692879,0.009243757,0.068224505,0.1510053,0.012943535,0.015118668,0.048742462,0.009192078,0.0059158346,0.0031705347,0.0063865297,0.00067881576,0.0014301199,0.00061976514,0.003124146,0.002410638,0.0030497552,0.0028061527,0.50831884,0.20824693,0.0041813124,0.018170295,0.00036764352,0.08001498,0.0056881285
59,0.009710929,0.0035822901,0.0029404897,0.0018152155,0.0015899795,0.0014773428,0.0018798324,0.0014987206,0.0024375953,0.0021838632,0.0024648495,0.0016719477,0.003109047,0.0025490555,0.0018974347,0.0028023233,0.0034004368,0.0012449122,0.002112764,0.0045763357,0.0018452975,0.0016520756,0.0045535928,0.0034389943,0.003103617,0.0028776801,0.004583649,0.0068402104,0.03340672,0.015068262,0.0049470984,0.020131648,0.2279187,0.014148303,0.012664896,0.21220492,0.37865475,0.004874476,0.011450635,0.07132726,0.009269068,0.007670428,0.004309283,0.005423894,0.008556946,0.008609991,0.010109814,0.004596389,0.0026627623,0.00064088695,0.0041378667,0.006816061,0.0002839302,0.0017076089,0.014734558,0.22864375,0.07895906,0.0056751017,0.08001498,0.024363333,0.03237164
60,0.0036683867,0.0033298177,0.024499802,0.0036140708,0.0020758999,0.0020515488,0.0040567624,0.0016182647,0.0029509794,0.004436024,0.003827888,0.0036526064,0.0040066037,0.0025440205,0.005553908,0.0038641214,0.0058892923,0.005520043,0.0026781973,0.004321517,0.004591335,0.0075016967,0.0034552403,0.005116704,0.006873865,0.013128787,0.008122088,0.00960731,0.005673065,0.02384313,0.009527799,0.007143878,0.019485079,0.008220144,0.009824079,0.011225841,0.018206809,0.0049440926,0.004336778,0.003909294,0.0050642104,0.0068637747,0.0029565473,0.0069295326,0.01094656,0.009575205,0.008267288,0.010441247,0.0041683894,0.015684396,0.005764142,0.001921077,0.015057706,0.0045099086,0.006409103,0.008830357,0.22530665,0.14746374,0.0056881285,0.032371648,0.00025524065
