0,1,2,3,4,5,6,7,8,9,10,11,12,13,14,15,16,17,18,19,20,21,22,23,24,25,26,27,28,29,30,31,32,33,34,35,36,37,38,39,40,41,42,43,44,45,46,47,48,49,50,51,52,53,54,55,56,57,58
0.0043571927,0.059287727,0.0017665252,0.053712133,0.015849661,0.00143553,0.00041511355,0.0039796457,0.0048457454,0.0007143796,0.0023184184,0.0029585664,0.00395704,0.001909018,0.0023809422,0.002455829,0.0031472791,0.0032764315,0.0036211316,0.0038710714,0.0050443322,0.004802003,0.021347245,0.039918065,0.004071145,0.01053335,0.80169725,0.040808722,0.00254815,0.16214195,0.47281063,0.006809798,0.0025893643,0.16508497,0.016598642,0.001754937,0.0036007536,0.021193523,0.005037416,0.0018245062,0.0033915655,0.0018382014,0.0030926103,0.0022074708,0.0016042191,0.0036840881,0.0038791148,0.0011819258,0.0014959152,0.017610345,0.0028901347,0.0017938757,0.015033829,0.017992873,0.0025726173,0.0045291437,0.05447219,0.0068090595,0.003821046
0.059287712,0.017778367,0.0050471257,0.007876557,0.103630215,0.012948537,0.0033371323,0.010372336,0.004039326,0.00074194727,0.0036820215,0.0040460057,0.0041388003,0.0025511333,0.003907243,0.0043215067,0.004754667,0.0032991231,0.006080348,0.06944539,0.00842312,0.00443278,0.060557354,0.5460528,0.008102072,0.008016815,0.49777353,0.059680913,0.002760044,0.017126566,0.03680576,0.008125151,0.002820576,0.016336342,0.00926508,0.0022564298,0.002477464,0.006168428,0.0036798792,0.001920501,0.002711312,0.002545087,0.0025976286,0.0018664729,0.0015336849,0.0019193471,0.0025900516,0.0016819278,0.0014268067,0.004186365,0.0032900996,0.0021283368,0.0042020623,0.00383496,0.0023666215,0.0030536186,0.009230697,0.0041499645,0.0031080642
0.0017665252,0.0050471257,0.0018978385,0.0046092155,0.011570423,0.022400314,0.081152126,0.0056356792,0.010533141,0.0031964658,0.008364373,0.014366028,0.011113248,0.010878336,0.018600497,0.017431015,0.063252755,0.0108910985,0.024598258,0.30760607,0.052224852,0.02134469,0.97783923,0.893426,0.020501506,0.06267867,0.049667694,0.01785347,0.004522013,0.0060286596,0.0045857243,0.00450485,0.0010639091,0.0019262873,0.0015833142,0.0011443981,0.0010181225,0.0014034918,0.0013670496,0.000796943,0.0012538095,0.0012079922,0.0010802808,0.0015188261,0.0012690271,0.0009817273,0.001630361,0.0012503036,0.00080066023,0.0010556596,0.0017377199,0.0018021445,0.0013574653,0.0017269003,0.0027073475,0.0026836314,0.0041597285,0.0044026915,0.0046108104
0.053712122,0.007876557,0.0046092155,0.0045275185,0.02323135,0.0030465978,0.016893772,0.051653594,0.008409339,0.003135523,0.0050729467,0.0029807365,0.0040947027,0.0022537163,0.006948762,0.0071227807,0.0032920875,0.0034492414,0.006979254,0.0151658505,0.0048799007,0.0061157774,0.31055287,0.0939617,0.006760222,0.019042782,0.60867333,0.031221237,0.004443968,0.049010903,0.164273,0.005077367,0.0011287008,0.015548582,0.010770404,0.0014585048,0.00135329,0.015558446,0.0027017568,0.0012914976,0.001658658,0.0018603117,0.0021910009,0.0013398124,0.0010475917,0.0012854455,0.0020218,0.0014024215,0.0007883598,0.007577456,0.0024298204,0.0015570037,0.0027607463,0.0077398396,0.003233809,0.0026750192,0.05727382,0.004680343,0.0025440303
0.015849661,0.103630215,0.011570423,0.02323135,0.025204016,0.005674069,0.005048869,0.19353494,0.08305168,0.0038895851,0.006757994,0.0038721012,0.002813215,0.002244106,0.004617453,0.005367235,0.0055968184,0.0030242212,0.0102532795,0.03691171,0.009228237,0.0061150044,0.053234294,0.06267672,0.0046719224,0.007927967,0.094710976,0.009287689,0.002339499,0.019299416,0.03970014,0.003810964,0.0029029122,0.0151015865,0.00639846,0.002122665,0.0029678082,0.016082369,0.0046491707,0.0020372546,0.0035246157,0.0018750919,0.0022374166,0.0017726608,0.0015115055,0.0017966082,0.0023989368,0.001267836,0.0015628635,0.00573791,0.0021075967,0.00190919,0.0040573156,0.004119394,0.0021872595,0.0025332537,0.009931973,0.0026196775,0.0024884203
0.00143553,0.012948537,0.022400314,0.0030465978,0.005674069,0.0017525592,0.030789794,0.0100175515,0.15960184,0.12630217,0.7221257,0.05735608,0.064534746,0.03922046,0.024675112,0.07500608,0.05133517,0.009192217,0.027749177,0.99867463,0.039196067,0.008336353,0.33493093,0.104659334,0.007367719,0.00550826,0.0032635322,0.004444221,0.0025742622,0.0018554546,0.001713156,0.0020792177,0.000669039,0.0012008956,0.0024601405,0.001451053,0.0010331539,0.0015886598,0.001556001,0.0013631682,0.0016902719,0.0015418432,0.001403324,0.0015264731,0.0013655135,0.0011482156,0.0011963198,0.0011825024,0.0008824907,0.0009940522,0.0016870358,0.0014674028,0.0006612936,0.0008376014,0.0023470905,0.0015656734,0.0012380063,0.0017332754,0.0026107025
0.00041511355,0.0033371306,0.081152126,0.016893772,0.005048869,0.030789794,0.0011790044,0.0057808873,0.038770467,0.044554867,0.1443647,0.031059053,0.118258245,0.007455987,0.05077422,0.05496114,0.07057601,0.029985376,0.35080898,0.5453893,0.028596543,0.042559642,0.56738985,0.03713849,0.016620744,0.024916615,0.012010535,0.007491139,0.0026064336,0.0023347517,0.0015240272,0.0016265236,0.00077599345,0.0018988622,0.0018460442,0.0011823863,0.0008643368,0.0018354877,0.0011986712,0.0012171553,0.0015844633,0.0014375192,0.0018406863,0.0015789408,0.001534593,0.00080116733,0.0014008872,0.0014074651,0.0009393753,0.0011453049,0.0031378055,0.0033564493,0.0009734222,0.001072738,0.0026051905,0.0022660356,0.0026292994,0.0020002143,0.0036706442
0.0039796457,0.010372336,0.0056356764,0.051653605,0.19353499,0.0100175515,0.0057808873,0.031519737,0.13474901,0.009398776,0.04283708,0.02588851,0.037055403,0.004814889,0.01470476,0.013409335,0.0070823682,0.008576212,0.025495816,0.043090202,0.006578644,0.0067656967,0.07845728,0.02912109,0.0057184924,0.005549233,0.02116468,0.006878886,0.0028171395,0.008096096,0.013741764,0.002618987,0.0010861782,0.0075526685,0.0074157375,0.0014724629,0.0015008721,0.0063557364,0.0023534389,0.001461842,0.0032036712,0.0014584583,0.0022228684,0.0018425313,0.00156231,0.0017139723,0.003452785,0.0016601161,0.00096695736,0.0029821754,0.002968127,0.002040372,0.0017762596,0.003698436,0.0019503866,0.0024451783,0.009132262,0.0046454296,0.0026184006
0.0048457426,0.0040393244,0.010533141,0.008409334,0.08305167,0.1596018,0.038770467,0.13474901,0.005376843,0.044104643,0.13889438,0.28570572,0.08115141,0.032226864,0.07715792,0.1060203,0.025775379,0.0084262425,0.06156618,0.33103314,0.008961495,0.0068084667,0.022971002,0.008344632,0.002417771,0.004398776,0.0048603937,0.0022839764,0.005589774,0.0030368953,0.0020109573,0.0016191093,0.0016762192,0.0029531112,0.002131358,0.0019502345,0.0018045566,0.0029915257,0.0018871059,0.001974772,0.0024432507,0.0026889378,0.0025326165,0.0016063736,0.0023552713,0.0016385948,0.0014241292,0.001605989,0.0011269345,0.002842065,0.0014491803,0.0013401825,0.0012703362,0.0009103535,0.0011481718,0.0010966439,0.0031567377,0.0026051349,0.0018346789
0.0007143792,0.0007419469,0.0031964642,0.0031355217,0.0038895851,0.12630215,0.044554844,0.009398771,0.044104643,0.0024507781,0.037293557,0.30258426,0.34221786,0.22380859,0.5621035,0.518218,0.10205587,0.03282495,0.32076833,0.5745829,0.017727453,0.0085637085,0.03699756,0.01379914,0.006150852,0.003459236,0.0031488473,0.0036543938,0.002994756,0.0014022988,0.0015988087,0.002645042,0.000766624,0.0013830581,0.0017563233,0.0015349576,0.0018568275,0.0014053836,0.0013599622,0.0014161667,0.003106194,0.0026168148,0.0015360009,0.0023458893,0.0014217165,0.0011660458,0.0019064016,0.002547813,0.0011839636,0.0015231806,0.0019444384,0.001610871,0.00088785315,0.0009562265,0.00441751,0.001416236,0.0016136497,0.0031068868,0.0029346198
0.0023184172,0.0036820215,0.008364373,0.0050729467,0.006757994,0.7221256,0.1443647,0.04283708,0.13889438,0.03729357,0.001504054,0.1802806,0.24687862,0.13499348,0.90620214,0.32477507,0.11433669,0.018081741,0.88450956,0.6347311,0.018150939,0.01137242,0.15796602,0.017932925,0.0039576846,0.004363952,0.0022769861,0.0025857855,0.0016774781,0.0009105735,0.0011618077,0.0014003756,0.00041322864,0.0014246418,0.0015901771,0.0009533124,0.0010590925,0.0012005913,0.0009545316,0.0010777849,0.0013230987,0.0015434803,0.00096446945,0.0010521129,0.0008212614,0.00093084807,0.0010028406,0.0009939347,0.0008528368,0.0011554038,0.0012416205,0.00092260295,0.0005348537,0.0006907541,0.0014798159,0.0009630646,0.0014540338,0.0022230335,0.0014509029
0.0029585664,0.0040460057,0.014366028,0.0029807365,0.0038721012,0.05735608,0.031059053,0.02588851,0.28570572,0.30258435,0.1802806,0.00065398443,0.03456083,0.10931077,0.6063317,0.22547926,0.1165579,0.10399007,0.25352415,0.23493885,0.019763097,0.009589551,0.011543412,0.008228327,0.0053820065,0.0017711772,0.0017794729,0.004394099,0.0019703808,0.0016583832,0.0013453548,0.0026397803,0.00059724116,0.0012579,0.002171782,0.0026116872,0.001561843,0.0017816876,0.0019289955,0.0013570543,0.0026988136,0.004592645,0.0019600175,0.0024744268,0.0012919909,0.0007743732,0.0018484278,0.0032062025,0.0011389859,0.0017295536,0.0022316151,0.0014718566,0.0010353763,0.00097227946,0.0026850367,0.0012217608,0.0015589953,0.0041759554,0.003378738
0.00395704,0.0041388003,0.011113253,0.0040947027,0.002813215,0.06453476,0.118258245,0.037055403,0.08115142,0.34221786,0.24687868,0.03456083,0.0015878138,0.064436436,0.21669216,0.61013216,0.17450392,0.034232493,0.07045404,0.10594016,0.040388994,0.018814165,0.008906912,0.003900669,0.005383268,0.004518031,0.0013464757,0.0030160118,0.002253607,0.0014836582,0.001329933,0.002789369,0.00054432376,0.001313971,0.002231149,0.0018014173,0.0013624908,0.0021802846,0.0020662616,0.0018913569,0.0016040053,0.0029252977,0.002297371,0.0032926428,0.002148338,0.00092846976,0.0021921145,0.003132445,0.0011631331,0.0010707338,0.0019891597,0.0019166151,0.00085517176,0.0011606545,0.0026512304,0.0016824754,0.0019226813,0.0040910644,0.005727726
0.001909018,0.0025511333,0.010878336,0.0022537163,0.002244106,0.03922046,0.007455987,0.004814889,0.03222687,0.22380863,0.13499351,0.10931077,0.064436436,0.0019119675,0.39651808,0.35406157,0.22587809,0.22427265,0.22573201,0.083666384,0.10109985,0.06002974,0.0064339372,0.0052713132,0.01919148,0.0023041056,0.00094464206,0.0070729284,0.0019798712,0.0009489893,0.0012006378,0.0051530506,0.0007553757,0.0010390121,0.002963705,0.0026569902,0.0010906288,0.002128746,0.0018768563,0.002018014,0.003321921,0.0027939356,0.0023041079,0.0036412422,0.0019665612,0.0013124606,0.001470469,0.0046459367,0.0011823627,0.0008761349,0.0032034148,0.0016236688,0.0006936265,0.000969248,0.0058398005,0.0015316302,0.0011708423,0.003873569,0.009290024
0.0023809422,0.003907243,0.018600497,0.006948762,0.004617453,0.024675108,0.05077422,0.01470476,0.07715792,0.5621035,0.90620214,0.6063317,0.21669216,0.396518,0.0014372406,0.059744965,0.036427025,0.15752584,0.050059024,0.033500247,0.057203308,0.05476879,0.008981417,0.0049771615,0.023087844,0.0027080688,0.0012181671,0.003555924,0.0017512833,0.0007670976,0.00077885075,0.0035016825,0.00047973488,0.00083350186,0.0012918138,0.002105004,0.00082534243,0.0009229317,0.0016012258,0.0013302737,0.0020117,0.0046047806,0.0023309705,0.0016038021,0.0013287365,0.000816465,0.0014254873,0.0023850708,0.00094772247,0.0013211916,0.0031723182,0.0013123226,0.0006520107,0.0009920176,0.0061529805,0.0012309338,0.0010103802,0.0031817213,0.005976451
0.002455829,0.0043215067,0.017431015,0.0071227807,0.005367235,0.07500608,0.05496111,0.013409342,0.10602028,0.5182181,0.32477495,0.22547926,0.61013216,0.35406157,0.059744965,0.0007416744,0.03377517,0.43119097,0.51091427,0.060067885,0.027524084,0.049032353,0.003800053,0.004760488,0.0031024239,0.001194359,0.0006614115,0.004634707,0.0018289019,0.0007191778,0.001189892,0.0017406091,0.00034824686,0.0014827162,0.0037316547,0.0010934018,0.00084129,0.0018694291,0.0023342995,0.0027094572,0.0011784008,0.0041199066,0.0024694884,0.0023657705,0.0016524068,0.0009596015,0.0018317908,0.0025562565,0.0012311742,0.0010025917,0.0026201846,0.0010673312,0.00065095857,0.0017406382,0.0033481186,0.0016116513,0.0012831417,0.004333701,0.0027750125
0.0031472775,0.004754665,0.06325274,0.003292086,0.0055968156,0.051335152,0.07057601,0.0070823682,0.025775379,0.10205587,0.11433669,0.11655788,0.17450388,0.22587804,0.036427025,0.033775166,0.0013020316,0.06215067,0.08945736,0.2565319,0.600218,0.022434281,0.0065270616,0.0062047346,0.014003613,0.003913762,0.0005079679,0.005989362,0.0018461347,0.0010186436,0.00062279415,0.0022485713,0.000522667,0.0008976626,0.0015791272,0.0012722785,0.00085904426,0.0014615135,0.0014838418,0.0038523613,0.0015586911,0.0019137602,0.0019038374,0.007584456,0.0027368888,0.0013053915,0.0034673214,0.004623203,0.0012596294,0.0011878716,0.0030226142,0.0017297444,0.000801262,0.0016840781,0.0053833653,0.001741244,0.0014679758,0.0055352147,0.012167356
0.0032764315,0.0032991231,0.010891093,0.0034492414,0.0030242212,0.0091922125,0.029985376,0.008576212,0.0084262425,0.03282495,0.01808174,0.103990056,0.034232486,0.2242726,0.15752584,0.43119097,0.062150683,0.0009209452,0.019083036,0.0069187684,0.7975314,0.5927946,0.007091683,0.0065263934,0.027190104,0.0033110846,0.000943662,0.016693944,0.0032449793,0.0009668607,0.0020272618,0.003587127,0.00061052566,0.0009113742,0.0023711773,0.0016919071,0.00093590375,0.0011325275,0.0015836413,0.0014730252,0.0012087564,0.0022248058,0.0019118185,0.006035811,0.0027802149,0.0011630374,0.0026137957,0.008899208,0.0016113267,0.001364178,0.0033425684,0.002778317,0.00080036727,0.0010778423,0.011235102,0.002074634,0.0021789395,0.010668292,0.026245806
0.0036211316,0.006080346,0.024598258,0.006979254,0.0102532795,0.02774917,0.35080898,0.025495816,0.061566196,0.32076842,0.88450956,0.25352415,0.07045404,0.22573201,0.050059024,0.51091427,0.0894574,0.019083042,0.000742024,0.019647673,0.026674237,0.3591052,0.026537744,0.005169945,0.011922002,0.0030833508,0.0008511129,0.0034288836,0.0011432824,0.0004977885,0.0015659209,0.0027344937,0.00025651854,0.0007075263,0.0018459837,0.0012798047,0.00057027006,0.0008144524,0.001109502,0.0018434356,0.0018065554,0.0023277989,0.0023899034,0.002217573,0.001171803,0.0017212386,0.0011015749,0.0017067353,0.00089654454,0.001141849,0.0015615404,0.0023595102,0.0008879128,0.0010908382,0.0026588924,0.0030457114,0.0020052495,0.002976566,0.0044707586
0.0038710695,0.0694454,0.30760598,0.015165843,0.03691171,0.99867463,0.5453893,0.043090202,0.33103314,0.5745829,0.63473105,0.23493882,0.10594016,0.083666384,0.033500247,0.060067885,0.25653195,0.006918772,0.019647673,0.0007622165,0.0070036002,0.0095456485,0.039288256,0.09484823,0.0043883347,0.0020669007,0.00045791396,0.002083871,0.0013464963,0.00056235417,0.0006854051,0.0011980463,0.00015888705,0.00054418476,0.00048229337,0.00062589673,0.00056455174,0.0007614804,0.0008300588,0.0007560095,0.0012837419,0.0013850703,0.0012949933,0.0011778651,0.0012335876,0.00081350387,0.0010948927,0.0017690319,0.0005143535,0.0007042892,0.0010694034,0.0013044066,0.000998275,0.0014894933,0.0013417649,0.00089546724,0.003307648,0.001968062,0.0021957953
0.0050443322,0.00842312,0.052224837,0.0048799007,0.009228237,0.039196067,0.02859655,0.006578644,0.0089615,0.017727453,0.018150942,0.019763097,0.040388986,0.10109985,0.057203308,0.027524082,0.6002181,0.7975314,0.026674237,0.0070036002,0.0008232789,0.029942146,0.008853299,0.21029638,0.46553937,0.006219338,0.0007601358,0.0054339482,0.0026382804,0.0010855503,0.00051579246,0.00024239409,0.0004618429,0.0013521255,0.0003651856,0.00064895715,0.00074574037,0.00064114993,0.0017439465,0.0010622421,0.0015839813,0.0024148917,0.0020265644,0.007016083,0.0019049891,0.0014585791,0.0060301293,0.0073591,0.0020977017,0.001416649,0.0034579867,0.004563061,0.0010926448,0.00137672,0.011478889,0.005479347,0.0037951912,0.010219019,0.018966815
0.004802003,0.00443278,0.021344695,0.0061157774,0.0061150044,0.008336353,0.042559642,0.0067656995,0.0068084667,0.0085637085,0.01137242,0.009589551,0.018814165,0.06002974,0.05476879,0.049032368,0.022434285,0.5927946,0.3591052,0.009545652,0.029942153,0.00063135655,0.00563593,0.0034243502,0.7933318,0.06550526,0.0010128311,0.014573626,0.00074762676,0.00028484905,0.0026671104,0.0022056543,0.00018235635,0.0006650197,0.002283732,0.001112211,0.0003329231,0.00068448146,0.0022561764,0.0014303739,0.0010897098,0.0015583824,0.0018952226,0.00296732,0.001661893,0.0022961262,0.00242428,0.011160408,0.0017070895,0.0020843174,0.005427792,0.013052093,0.001180218,0.0016416812,0.018961841,0.012379796,0.007560764,0.02497085,0.2685543
0.021347245,0.060557354,0.97783923,0.31055287,0.053234294,0.33493093,0.56738985,0.07845728,0.022971002,0.03699756,0.15796602,0.011543417,0.008906912,0.0064339372,0.008981417,0.003800053,0.0065270616,0.007091686,0.026537744,0.039288267,0.008853302,0.00563593,0.0013306881,0.015935482,0.0085295625,0.05487112,0.0037449528,0.009052304,0.0039930805,0.0032401972,0.006993284,0.0021349671,0.0002951495,0.00026540205,0.0011636075,0.0010444376,0.00027077872,0.00103587,0.0011431364,0.0006981898,0.0007273212,0.00093055895,0.0014325168,0.0015272457,0.00095363706,0.0009448572,0.0010323186,0.0010909099,0.0010838396,0.0027341202,0.0018549901,0.001996044,0.0043212855,0.004454345,0.002282082,0.0039161127,0.008045405,0.0035655317,0.006146697
0.039918058,0.5460527,0.89342606,0.0939617,0.06267672,0.104659334,0.037138496,0.02912109,0.008344632,0.01379914,0.017932925,0.008228327,0.003900669,0.0052713132,0.0049771615,0.004760488,0.0062047346,0.0065263934,0.005169945,0.09484823,0.21029633,0.0034243488,0.015935482,0.0035916907,0.009819469,0.0053843735,0.10034931,0.6633226,0.002775218,0.0024916455,0.0022547503,0.004925868,0.00092006644,0.001973435,0.00024401098,0.0008765207,0.0008851173,0.0011593655,0.0010492137,0.0009052779,0.0010834866,0.0013511993,0.0018892257,0.0015951291,0.00083098636,0.0014190043,0.0010906435,0.0010214566,0.0007144667,0.0023953859,0.0031155713,0.0015093668,0.003735482,0.003048458,0.004225871,0.0026473652,0.008435515,0.0026798092,0.0037252991
0.004071145,0.008102072,0.020501506,0.006760222,0.0046719224,0.007367719,0.016620737,0.005718495,0.002417771,0.006150852,0.0039576846,0.0053820065,0.005383265,0.01919148,0.023087844,0.0031024239,0.014003613,0.027190099,0.011922002,0.0043883347,0.46553937,0.7933318,0.008529559,0.009819469,0.003646124,0.013084725,0.0026852651,0.093514204,0.01476473,0.0018770333,0.0020440493,0.0036029182,0.0008248239,0.0014800633,0.00058687304,3.946652e-05,0.00082294835,0.0010759507,0.0010905805,0.0007417331,0.0018938332,0.0016536957,0.0029422531,0.0075972537,0.0032238525,0.0032860707,0.0048676254,0.030767584,0.0036381069,0.0018467456,0.009313769,0.014053926,0.0028551393,0.00409815,0.046048928,0.049670428,0.01090153,0.02753142,0.052365854
0.01053335,0.008016815,0.06267866,0.019042782,0.007927967,0.00550826,0.024916615,0.0055492297,0.004398776,0.003459236,0.00436395,0.0017711772,0.004518031,0.0023041056,0.0027080677,0.0011943596,0.003913762,0.0033110846,0.0030833508,0.0020669007,0.006219338,0.06550526,0.05487111,0.0053843735,0.013084725,0.002834839,0.005855571,0.005312964,0.18317644,0.0066767284,0.0034426388,0.0052773547,0.0039057727,0.00052390154,0.0012837088,0.0014528552,0.00018887,0.0005853452,0.0016798843,0.0008738126,0.0007436072,0.0012681705,0.0008460955,0.0017271363,0.0025107646,0.0011938757,0.0014016891,0.002106582,0.0027673785,0.0017010284,0.002141068,0.052149195,0.015893796,0.007981562,0.034732904,0.9920534,0.20401528,0.030176586,0.9723388
0.8016973,0.49777353,0.049667694,0.60867333,0.09471095,0.0032635306,0.012010535,0.02116468,0.0048603937,0.0031488487,0.0022769861,0.0017794729,0.0013464757,0.00094464247,0.0012181671,0.0006614115,0.00050796836,0.00094366237,0.0008511129,0.00045791417,0.0007601358,0.0010128311,0.003744951,0.10034931,0.0026852651,0.005855571,0.039636936,0.11377998,0.0016877924,0.5723953,0.8685081,0.0106093595,0.0005018811,0.014077089,0.014362578,0.00059710885,0.00046299817,0.0049858354,0.0018961257,0.00073878467,0.001371505,0.0010843318,0.0022897774,0.0014440316,0.0006853379,0.0025248001,0.00224965,0.0008386516,0.0014734378,0.025648491,0.0026350906,0.0016051717,0.020654311,0.05593073,0.0031122125,0.0065066977,0.53766894,0.0076705306,0.0039197616
0.040808715,0.0596809,0.01785347,0.031221237,0.009287689,0.004444221,0.007491139,0.006878882,0.0022839764,0.0036543938,0.0025857855,0.004394099,0.0030160102,0.0070729284,0.003555924,0.004634707,0.0059893653,0.016693944,0.0034288836,0.002083871,0.0054339482,0.014573626,0.009052304,0.66332275,0.093514234,0.005312964,0.11377998,0.0011187925,0.002983508,0.0074517224,0.6303365,0.123746864,0.0014053535,0.00616415,0.00046719442,0.00017771278,0.0012848551,0.005627767,0.00044678594,0.00087093527,0.0022302414,0.0029204213,0.0021123576,0.0022529005,0.0016694855,0.0023253153,0.0035283791,0.0026420874,0.001227916,0.0047682975,0.0047554434,0.005794079,0.006388975,0.012537504,0.009641303,0.0071562533,0.011657195,0.025365476,0.02017186
0.00254815,0.002760044,0.004522013,0.004443968,0.002339499,0.0025742622,0.0026064336,0.0028171407,0.005589774,0.002994756,0.0016774781,0.0019703808,0.002253607,0.0019798703,0.0017512833,0.0018289019,0.0018461347,0.003244981,0.0011432824,0.0013464963,0.0026382804,0.00074762676,0.003993078,0.002775218,0.01476473,0.18317644,0.0016877933,0.002983508,0.0011482156,0.0037169273,0.0027288883,0.05697175,0.11233714,0.0023570398,0.0018082245,0.0009990118,0.0023495886,0.00084984215,0.0017526787,0.0009367602,0.0020743406,0.0016894693,0.0017368129,0.0020407827,0.0072705755,0.0015032865,0.0022055474,0.005188123,0.06344668,0.006876831,0.015039329,0.79617244,0.16431946,0.017037138,0.17882946,0.9968907,0.062128853,0.11680759,0.2646365
0.16214195,0.017126566,0.0060286596,0.049010903,0.019299416,0.0018554546,0.0023347517,0.008096092,0.0030368953,0.0014022988,0.000910573,0.0016583832,0.0014836575,0.0009489893,0.0007670976,0.0007191778,0.0010186441,0.0009668607,0.0004977887,0.00056235417,0.0010855503,0.00028484905,0.0032401958,0.0024916455,0.0018770333,0.0066767284,0.5723953,0.0074517224,0.0037169273,0.008177156,0.03967651,0.006477118,0.008866957,0.015785968,0.0028266206,0.0019274154,0.0011123673,0.00089311705,0.0010023038,0.0007603177,0.00077895774,0.0007419028,0.0018694148,0.0017296192,0.0009144307,0.0035673126,0.0021630318,0.0013262042,0.00445477,0.16499062,0.006794001,0.013216831,0.99655044,0.509305,0.008487522,0.70412546,0.99140745,0.035028733,0.012619196
0.4728105,0.036805753,0.0045857243,0.164273,0.03970013,0.001713156,0.0015240272,0.013741764,0.0020109573,0.0015988087,0.0011618077,0.0013453548,0.001329933,0.0012006372,0.00077885075,0.001189892,0.00062279415,0.0020272618,0.0015659209,0.0006854051,0.00051579246,0.002667109,0.006993284,0.0022547503,0.0020440482,0.0034426388,0.8685082,0.63033664,0.0027288883,0.039676525,0.0011840588,0.018388603,0.0011468268,0.22891249,0.08720532,0.007662314,0.0020114838,0.009040343,0.0036851065,0.002167817,0.001723946,0.002424681,0.0026040918,0.0025712422,0.0018293912,0.0065653124,0.0033142476,0.0021403702,0.0016668584,0.058503937,0.0038000494,0.0022688447,0.2737373,0.049467675,0.0056068585,0.010378775,0.12014312,0.005876208,0.004716717
0.006809795,0.008125151,0.00450485,0.005077367,0.003810964,0.0020792177,0.0016265236,0.002618987,0.0016191085,0.002645042,0.0014003756,0.0026397803,0.002789369,0.0051530506,0.0035016825,0.0017406091,0.0022485713,0.003587127,0.0027344937,0.0011980463,0.00024239409,0.0022056543,0.0021349671,0.004925868,0.0036029182,0.0052773547,0.010609363,0.123746864,0.05697175,0.006477118,0.018388608,0.003396173,0.0060763815,0.00948088,0.48282892,0.027784923,0.003538977,0.0061012018,0.01382663,0.002989028,0.012981005,0.009976103,0.0036624903,0.0069895764,0.010177427,0.005806065,0.0065227,0.008751463,0.009953969,0.012904119,0.014348146,0.030512955,0.011952057,0.015944302,0.02222189,0.015527319,0.006878378,0.016006382,0.013328564
0.0025893631,0.002820575,0.0010639086,0.0011287008,0.0029029122,0.000669039,0.00077599345,0.0010861782,0.0016762192,0.00076662365,0.00041322844,0.00059724116,0.00054432347,0.0007553753,0.00047973488,0.00034824686,0.000522667,0.000610526,0.00025651854,0.00015888705,0.0004618429,0.00018235635,0.00029514925,0.0009200659,0.0008248239,0.0039057727,0.0005018811,0.0014053535,0.11233714,0.008866957,0.0011468268,0.0060763815,0.00092049246,0.008667226,0.003092656,0.21965665,0.030179452,0.0064562913,0.0031056213,0.00968995,0.0057900622,0.0026580668,0.008372524,0.0039738887,0.0064246804,0.008078986,0.004531958,0.009151086,0.9994816,0.026355438,0.021608839,0.9995697,0.9998642,0.07815386,0.03760793,0.9698048,0.053386338,0.014881946,0.0048910794
0.16508491,0.016336342,0.0019262873,0.015548582,0.0151015865,0.0012008952,0.0018988622,0.0075526685,0.0029531112,0.0013830581,0.0014246418,0.0012578993,0.001313971,0.0010390121,0.00083350186,0.0014827162,0.0008976626,0.0009113742,0.0007075263,0.00054418476,0.0013521255,0.0006650197,0.00026540205,0.001973435,0.0014800633,0.00052390125,0.014077089,0.00616415,0.0023570398,0.015785975,0.22891253,0.00948088,0.008667226,0.008046752,0.02324292,0.0028618784,0.25383362,0.07136195,0.0055537582,0.0027774915,0.0020712977,0.0024929708,0.0066082175,0.0038201262,0.0030644566,0.03826016,0.012012963,0.0024128626,0.033118945,0.6608907,0.013662143,0.0026001565,0.9266951,0.24777722,0.004503163,0.009380494,0.21593419,0.006258967,0.0029422448
0.016598642,0.00926508,0.0015833142,0.010770404,0.00639846,0.0024601405,0.0018460442,0.0074157375,0.002131358,0.001756324,0.0015901771,0.002171782,0.002231149,0.002963705,0.0012918138,0.0037316547,0.0015791272,0.0023711773,0.0018459837,0.00048229337,0.0003651856,0.0022837329,0.0011636075,0.00024401098,0.00058687304,0.0012837088,0.014362578,0.00046719462,0.0018082245,0.002826622,0.087205335,0.48282892,0.0030926573,0.023242934,0.0016837373,0.0069446145,0.010327529,0.94189507,0.9388851,0.0051332638,0.0116858585,0.0075216647,0.014295991,0.0066681006,0.0052739964,0.05903006,0.010103516,0.0052439133,0.013605547,0.120634936,0.026596868,0.0029171004,0.025175426,0.01517814,0.004668651,0.003564297,0.026224226,0.004815485,0.0066987528
0.001754937,0.0022564286,0.0011443977,0.0014585048,0.0021226641,0.0014510521,0.0011823856,0.0014724629,0.0019502345,0.0015349576,0.0009533119,0.0026116872,0.0018014163,0.0026569888,0.002105003,0.0010934018,0.0012722785,0.0016919071,0.0012798047,0.00062589673,0.00064895715,0.0011122104,0.0010444372,0.0008765207,3.946652e-05,0.0014528552,0.00059710856,0.0001777126,0.0009990118,0.0019274154,0.007662314,0.027784918,0.21965654,0.0028618784,0.0069446107,0.005698462,0.0077484543,0.0117474515,0.5293817,0.14937341,0.042050574,0.06982894,0.012464254,0.017926544,0.8310169,0.024747284,0.010628355,0.32595465,0.9974017,0.010512685,0.066036895,0.2938153,0.014770731,0.0028146089,0.023784336,0.014899337,0.0019342335,0.008175535,0.009678605
0.0036007536,0.002477464,0.0010181225,0.00135329,0.0029678082,0.0010331534,0.00086433644,0.0015008721,0.0018045555,0.0018568275,0.0010590925,0.001561843,0.0013624908,0.0010906288,0.00082534243,0.00084129,0.00085904426,0.00093590375,0.00057026977,0.000564552,0.0007457407,0.00033292276,0.00027077872,0.0008851173,0.00082294835,0.0001888702,0.00046299817,0.0012848551,0.0023495886,0.0011123673,0.0020114838,0.003538977,0.030179452,0.25383353,0.0103275245,0.0077484543,0.0017166545,0.038331334,0.019953838,0.49575624,0.08717191,0.045617633,0.19240144,0.013417911,0.23689555,0.8091204,0.13154614,0.037475254,0.96461684,0.43502212,0.021863164,0.02749585,0.24941403,0.05494488,0.0046037165,0.009532591,0.006914988,0.0057594273,0.0015760086
0.021193523,0.006168428,0.0014034918,0.015558438,0.016082369,0.0015886598,0.0018354877,0.0063557364,0.0029915257,0.0014053836,0.0012005913,0.0017816876,0.0021802834,0.002128746,0.0009229313,0.0018694291,0.0014615135,0.0011325275,0.0008144524,0.00076147995,0.00064114993,0.0006844811,0.00103587,0.0011593655,0.0010759507,0.0005853452,0.0049858354,0.005627767,0.00084984215,0.0008931179,0.009040343,0.006101199,0.006456289,0.07136195,0.94189507,0.0117474515,0.038331326,0.00076016557,0.14162406,0.010849073,0.08818709,0.014143635,0.14405558,0.032662753,0.016613249,0.5794536,0.20319456,0.0105746,0.007618131,0.15125129,0.016772652,0.0039491504,0.0082649,0.017160898,0.0039829416,0.0026902296,0.005774741,0.0047580893,0.002576261
0.005037416,0.0036798792,0.0013670496,0.0027017554,0.0046491707,0.001556001,0.0011986712,0.0023534389,0.0018871059,0.0013599622,0.0009545316,0.0019289955,0.0020662616,0.0018768563,0.0016012258,0.0023343007,0.0014838425,0.0015836413,0.001109502,0.0008300588,0.0017439465,0.0022561764,0.0011431364,0.0010492137,0.00109058,0.0016798843,0.0018961257,0.00044678594,0.0017526787,0.0010023038,0.0036851065,0.01382663,0.0031056213,0.0055537582,0.9388851,0.5293819,0.019953838,0.1416241,0.0046495325,0.02890217,0.054319065,0.07652121,0.060807545,0.056088224,0.18192877,0.35412565,0.040306292,0.03299608,0.06612871,0.006451644,0.027226541,0.011170571,0.003628723,0.003140906,0.0069143274,0.0049204393,0.002809707,0.0088535035,0.007970738
0.0018245062,0.001920501,0.000796943,0.0012914981,0.0020372546,0.0013631682,0.0012171553,0.001461842,0.001974773,0.0014161674,0.0010777849,0.0013570543,0.0018913562,0.002018014,0.0013302737,0.0027094572,0.0038523613,0.0014730252,0.0018434356,0.0007560095,0.0010622421,0.0014303739,0.0006981898,0.0009052779,0.0007417331,0.0008738126,0.00073878467,0.0008709357,0.00093676057,0.0007603177,0.002167817,0.0029890267,0.00968995,0.0027774915,0.0051332638,0.14937344,0.49575624,0.010849077,0.02890217,0.0009043326,0.0146112405,0.6381888,0.44956654,0.08892835,0.999526,0.6537861,0.05010268,0.048251882,0.98095244,0.007471569,0.011904074,0.013088722,0.004573567,0.0022932682,0.0048118257,0.0048681516,0.0010543083,0.0042881123,0.004407872
0.0033915655,0.002711312,0.0012538095,0.001658658,0.0035246157,0.0016902719,0.0015844633,0.0032036696,0.0024432521,0.003106194,0.0013230987,0.0026988136,0.0016040045,0.003321921,0.0020117,0.0011784004,0.0015586911,0.0012087564,0.0018065554,0.0012837419,0.0015839813,0.0010897098,0.0007273212,0.001083486,0.0018938321,0.0007436072,0.001371505,0.0022302424,0.0020743406,0.00077895774,0.001723946,0.012981,0.0057900622,0.0020712968,0.011685853,0.042050574,0.08717191,0.08818709,0.054319065,0.014611234,0.000621013,0.07784645,0.2979407,0.16526441,0.31052956,0.9905963,0.122216955,0.04781357,0.23557167,0.009517944,0.030681623,0.008084892,0.004180854,0.0064261905,0.0112005,0.0028732915,0.0011877188,0.008286616,0.007919034
0.0018382006,0.002545088,0.0012079922,0.0018603128,0.0018750919,0.0015418432,0.0014375192,0.0014584583,0.0026889378,0.002616816,0.0015434803,0.004592645,0.002925296,0.0027939356,0.0046047806,0.0041199084,0.0019137602,0.0022248058,0.0023278,0.001385071,0.0024148917,0.0015583824,0.0009305594,0.0013511993,0.0016536965,0.0012681705,0.0010843318,0.0029204225,0.0016894693,0.0007419028,0.002424681,0.009976103,0.0026580668,0.0024929708,0.0075216647,0.06982896,0.045617633,0.014143635,0.07652121,0.6381888,0.07784645,0.0004907297,0.040375743,0.7874039,0.92629015,0.8256852,0.056424957,0.313208,0.020336557,0.012369166,0.01858467,0.0031121268,0.0018976352,0.0018070292,0.0121421935,0.0013891581,0.0016979898,0.00451831,0.0039282604
0.0030926103,0.0025976286,0.0010802808,0.002191002,0.0022374166,0.001403324,0.0018406863,0.0022228684,0.0025326165,0.0015360009,0.00096446945,0.0019600175,0.002297371,0.0023041079,0.0023309705,0.0024694896,0.0019038382,0.0019118185,0.0023899022,0.0012949933,0.0020265644,0.0018952236,0.0014325161,0.0018892257,0.0029422531,0.00084609597,0.0022897786,0.0021123576,0.0017368129,0.0018694156,0.0026040918,0.0036624903,0.008372528,0.0066082207,0.014295991,0.012464254,0.19240151,0.14405558,0.060807545,0.44956654,0.2979407,0.040375754,0.0006229215,0.04097204,0.0581793,0.97256875,0.6852257,0.02567616,0.013975651,0.081855044,0.042830426,0.002650356,0.0017099181,0.0043647788,0.004512684,0.00229583,0.0017554649,0.0028857598,0.0038144088
0.0022074708,0.0018664729,0.0015188261,0.0013398124,0.0017726608,0.0015264731,0.0015789408,0.0018425313,0.0016063736,0.0023458905,0.0010521129,0.0024744268,0.0032926428,0.0036412422,0.0016038021,0.0023657705,0.007584456,0.006035811,0.0022175743,0.0011778651,0.007016083,0.00296732,0.0015272457,0.0015951291,0.0075972537,0.0017271363,0.0014440316,0.0022529005,0.0020407827,0.0017296192,0.0025712422,0.0069895764,0.0039738906,0.003820128,0.0066681006,0.017926551,0.013417911,0.032662768,0.056088224,0.08892835,0.16526447,0.7874039,0.04097204,0.00082773593,0.18096873,0.09238628,0.3830315,0.93296736,0.007498201,0.002838096,0.05441748,0.0033555033,0.0025908982,0.002641565,0.01050599,0.0020755157,0.0018658193,0.007826072,0.0060990853
0.0016042191,0.0015336849,0.0012690271,0.0010475912,0.0015115055,0.0013655135,0.001534593,0.00156231,0.0023552713,0.0014217165,0.0008212614,0.0012919909,0.002148338,0.0019665603,0.0013287365,0.0016524068,0.00273689,0.0027802149,0.001171803,0.0012335876,0.0019049891,0.001661893,0.00095363706,0.00083098636,0.0032238525,0.0025107646,0.0006853379,0.0016694855,0.0072705755,0.0009144307,0.0018293922,0.010177427,0.0064246804,0.0030644566,0.0052739964,0.8310169,0.23689555,0.016613249,0.18192872,0.999526,0.31052956,0.9262901,0.05817929,0.18096873,0.00084889,0.015474759,0.036647346,0.7879281,0.07389519,0.0019268915,0.011790197,0.002838813,0.0012832865,0.0015754903,0.0053327186,0.00070970453,0.0006036985,0.0021425989,0.0043248236
0.0036840881,0.0019193471,0.0009817273,0.0012854455,0.0017966082,0.0011482156,0.0008011669,0.0017139723,0.0016385948,0.0011660458,0.00093084807,0.0007743732,0.00092846935,0.0013124606,0.000816465,0.0009596015,0.0013053915,0.0011630374,0.0017212386,0.00081350387,0.0014585783,0.0022961262,0.0009448572,0.0014190043,0.0032860707,0.0011938757,0.0025248001,0.0023253153,0.0015032865,0.0035673126,0.0065653124,0.005806065,0.008078986,0.03826016,0.05903005,0.024747286,0.8091204,0.5794536,0.35412565,0.653786,0.9905963,0.8256851,0.97256875,0.0923863,0.015474759,0.00045903737,0.7018592,0.007011062,0.003497625,0.017096829,0.012287139,0.0011600495,9.176057e-05,0.0062270854,0.0026837843,0.0003222601,0.00035170873,0.0026820404,0.0017106051
0.0038791148,0.0025900516,0.001630361,0.0020218,0.002398938,0.0011963198,0.0014008878,0.003452785,0.0014241292,0.0019064016,0.0010028406,0.0018484278,0.0021921145,0.001470469,0.0014254873,0.0018317908,0.0034673214,0.0026137957,0.0011015749,0.0010948923,0.0060301293,0.00242428,0.0010323186,0.0010906435,0.0048676254,0.0014016891,0.00224965,0.0035283791,0.0022055474,0.002163033,0.0033142476,0.0065227,0.004531958,0.012012963,0.010103516,0.010628355,0.13154614,0.20319456,0.04030628,0.050102692,0.122216955,0.056424957,0.6852257,0.3830315,0.036647346,0.7018592,0.002453008,0.09016201,0.010655964,0.4200426,0.28982922,0.0058143227,0.0018019411,0.0060916636,0.0003018412,0.0013524423,0.0016265389,0.0006461038,0.0031784247
0.0011819258,0.0016819278,0.0012503036,0.0014024215,0.001267836,0.0011825024,0.0014074657,0.0016601161,0.0016059896,0.0025478145,0.0009939347,0.0032062025,0.0031324436,0.0046459367,0.0023850708,0.0025562565,0.0046232054,0.008899208,0.0017067353,0.0017690328,0.0073591,0.011160408,0.0010909099,0.0010214566,0.030767584,0.002106582,0.00083865196,0.0026420874,0.005188125,0.0013262042,0.0021403714,0.008751463,0.00915109,0.0024128638,0.0052439133,0.32595477,0.03747526,0.0105746,0.03299608,0.04825187,0.047813576,0.313208,0.02567616,0.93296736,0.7879281,0.007011062,0.09016201,0.0030112409,0.015911626,0.003907666,0.3849991,0.1488467,0.0016964063,0.0018851516,0.0009388296,0.0014855335,0.001472749,0.0015447689,0.0011771411
0.0014959152,0.0014268067,0.0008006598,0.0007883594,0.0015628643,0.0008824907,0.0009393753,0.00096695736,0.0011269345,0.0011839641,0.0008528373,0.0011389859,0.0011631331,0.0011823627,0.00094772247,0.0012311736,0.00125963,0.0016113267,0.000896545,0.0005143532,0.0020977017,0.0017070887,0.0010838391,0.0007144667,0.0036381069,0.0027673785,0.0014734378,0.001227916,0.06344668,0.00445477,0.0016668584,0.009953969,0.9994816,0.033118945,0.01360554,0.9974017,0.96461684,0.007618131,0.06612871,0.98095244,0.23557167,0.020336553,0.013975645,0.007498201,0.07389517,0.003497625,0.010655964,0.015911626,0.0008767287,0.0027079347,0.010901027,0.24535348,0.00089377846,0.00986454,0.0056549353,0.000615578,0.00015196664,0.0023670278,0.0010144782
0.017610336,0.004186365,0.0010556596,0.0075774533,0.00573791,0.0009940522,0.0011453049,0.0029821754,0.002842065,0.0015231806,0.0011554038,0.0017295526,0.0010707338,0.0008761349,0.0013211916,0.0010025917,0.001187872,0.0013641787,0.001141849,0.0007042892,0.001416649,0.0020843174,0.0027341202,0.0023953859,0.0018467456,0.0017010284,0.025648491,0.0047682975,0.006876831,0.16499062,0.058503937,0.012904112,0.026355438,0.6608907,0.120634936,0.010512685,0.43502212,0.15125129,0.006451644,0.007471569,0.009517944,0.012369161,0.08185503,0.002838095,0.0019268906,0.017096829,0.4200426,0.003907666,0.0027079347,0.001069108,0.032496974,0.0026404457,0.019130273,0.42143407,0.0024872182,0.0019460402,0.0018116168,0.0023514738,0.0045025283
0.0028901347,0.0032900996,0.0017377199,0.0024298204,0.0021075967,0.0016870358,0.0031378055,0.002968127,0.0014491803,0.0019444384,0.0012416205,0.0022316151,0.0019891597,0.0032034148,0.0031723182,0.0026201846,0.0030226142,0.0033425684,0.0015615404,0.0010694034,0.0034579867,0.0054277894,0.0018549901,0.0031155713,0.009313769,0.002141068,0.0026350906,0.0047554434,0.015039323,0.006794001,0.0038000494,0.014348139,0.021608835,0.013662143,0.026596861,0.06603691,0.02186316,0.016772652,0.027226541,0.011904074,0.030681623,0.01858467,0.042830426,0.05441748,0.011790197,0.012287139,0.28982922,0.3849991,0.010901027,0.032496974,0.0017812634,0.0048421226,0.0051684664,0.2683862,0.017359057,0.0019352672,0.0034545753,0.00021254194,0.0007013197
0.0017938757,0.0021283368,0.0018021436,0.001557003,0.00190919,0.0014674028,0.0033564474,0.002040371,0.0013401825,0.001610871,0.00092260295,0.0014718566,0.0019166151,0.0016236688,0.0013123226,0.0010673312,0.0017297444,0.002778317,0.0023595102,0.0013044066,0.004563061,0.013052093,0.001996044,0.0015093668,0.014053926,0.052149206,0.0016051717,0.005794079,0.79617244,0.013216831,0.0022688447,0.030512955,0.9995697,0.0026001565,0.0029171004,0.2938153,0.02749585,0.0039491504,0.011170571,0.013088722,0.008084892,0.0031121268,0.002650356,0.0033555033,0.0028388144,0.0011600495,0.0058143227,0.1488467,0.24535353,0.0026404457,0.0048421226,0.00063536863,0.005343428,0.0034761752,0.23019743,0.05120538,0.0037385165,0.012287,0.0010473003
0.015033829,0.0042020623,0.0013574653,0.0027607463,0.0040573156,0.00066129334,0.0009734222,0.0017762588,0.0012703362,0.00088785356,0.00053485343,0.0010353763,0.0008551714,0.0006936265,0.0006520107,0.0006509583,0.0008012624,0.0008003677,0.0008879128,0.000998275,0.0010926448,0.001180218,0.0043212855,0.003735482,0.0028551393,0.015893796,0.020654311,0.006388975,0.16431941,0.99655044,0.2737374,0.011952051,0.9998642,0.9266951,0.025175426,0.014770731,0.24941403,0.0082649,0.0036287215,0.004573567,0.004180854,0.0018976352,0.0017099181,0.0025908982,0.0012832859,9.176057e-05,0.0018019421,0.0016964063,0.00089377846,0.019130273,0.0051684664,0.0053434307,0.0016240668,0.08112465,0.006982573,0.05215052,0.013076679,0.009038425,0.0031009451
0.017992873,0.00383496,0.0017269003,0.007739836,0.004119394,0.000837601,0.0010727374,0.003698436,0.0009103535,0.0009562265,0.0006907541,0.00097227946,0.0011606545,0.000969248,0.0009920176,0.0017406374,0.0016840781,0.0010778423,0.0010908382,0.0014894933,0.00137672,0.0016416812,0.0044543426,0.003048458,0.00409815,0.007981562,0.05593073,0.012537504,0.017037138,0.509305,0.049467675,0.015944302,0.07815388,0.24777722,0.015178134,0.0028146089,0.05494488,0.017160898,0.003140906,0.0022932682,0.0064261905,0.0018070292,0.0043647788,0.002641565,0.0015754903,0.0062270854,0.0060916636,0.0018851516,0.0098645445,0.42143407,0.2683862,0.0034761752,0.08112465,0.00096078764,0.014316594,0.006857978,0.34274986,0.026967248,0.009085935
0.0025726173,0.0023666227,0.0027073475,0.003233809,0.0021872595,0.0023470905,0.0026051905,0.0019503866,0.0011481718,0.00441751,0.0014798159,0.0026850367,0.0026512304,0.0058398005,0.0061529805,0.0033481186,0.0053833653,0.011235102,0.0026588924,0.0013417655,0.011478889,0.018961834,0.002282081,0.004225871,0.046048936,0.034732915,0.0031122125,0.009641303,0.17882943,0.008487522,0.0056068585,0.02222189,0.03760793,0.004503163,0.004668651,0.023784341,0.0046037165,0.0039829416,0.0069143274,0.0048118257,0.011200495,0.012142188,0.0045126816,0.01050599,0.0053327186,0.0026837843,0.0003018412,0.00093883,0.0056549353,0.0024872194,0.017359048,0.23019743,0.0069825766,0.014316594,0.0030486335,0.014679166,0.0040776967,0.59501064,0.018236976
0.0045291437,0.0030536186,0.0026836314,0.0026750204,0.0025332551,0.0015656734,0.0022660356,0.0024451783,0.0010966439,0.001416236,0.0009630651,0.0012217615,0.0016824747,0.0015316302,0.0012309338,0.0016116513,0.001741244,0.002074634,0.0030457133,0.0008954676,0.005479347,0.012379796,0.0039161127,0.0026473652,0.049670428,0.9920534,0.0065066977,0.0071562533,0.9968907,0.7041255,0.010378779,0.015527319,0.9698048,0.009380499,0.003564297,0.014899342,0.009532596,0.0026902296,0.0049204393,0.0048681516,0.0028732915,0.0013891581,0.0022958312,0.0020755166,0.0007097049,0.0003222601,0.001352443,0.0014855335,0.0006155784,0.0019460411,0.0019352684,0.05120539,0.05215052,0.006857978,0.014679166,0.0008993894,0.0040408494,0.012069348,0.042914335
0.05447219,0.009230697,0.0041597285,0.05727381,0.009931973,0.0012380058,0.0026292983,0.009132262,0.0031567377,0.0016136504,0.0014540338,0.0015589953,0.0019226804,0.0011708417,0.0010103802,0.0012831417,0.0014679758,0.0021789395,0.0020052495,0.003307648,0.0037951912,0.007560764,0.008045405,0.008435515,0.01090153,0.20401524,0.53766894,0.011657195,0.062128853,0.99140745,0.12014309,0.006878375,0.053386327,0.21593419,0.026224218,0.0019342335,0.006914988,0.005774741,0.002809707,0.0010543077,0.0011877188,0.0016979898,0.0017554649,0.0018658193,0.0006036985,0.0003517086,0.0016265389,0.001472749,0.00015196664,0.0018116176,0.0034545753,0.0037385165,0.013076679,0.34274974,0.0040776944,0.0040408475,0.006527352,0.0069123073,0.0071948576
0.0068090595,0.0041499645,0.0044026915,0.004680343,0.0026196775,0.0017332754,0.0020002143,0.004645432,0.0026051349,0.0031068868,0.0022230335,0.0041759554,0.0040910626,0.003873569,0.0031817197,0.004333701,0.0055352147,0.010668292,0.002976566,0.001968062,0.010219024,0.02497085,0.0035655317,0.0026798092,0.02753142,0.030176593,0.0076705306,0.025365476,0.1168076,0.03502874,0.005876211,0.01600639,0.014881946,0.006258967,0.004815485,0.008175535,0.00575943,0.0047580893,0.0088535035,0.0042881123,0.008286616,0.00451831,0.0028857612,0.0078260675,0.0021425989,0.0026820404,0.0006461038,0.0015447689,0.0023670278,0.0023514738,0.00021254194,0.012287006,0.009038425,0.026967254,0.59501064,0.012069348,0.006912311,0.050261438,0.046289258
0.003821046,0.0031080642,0.0046108104,0.0025440303,0.0024884203,0.0026107025,0.0036706442,0.0026183992,0.0018346789,0.0029346198,0.0014509029,0.003378738,0.005727726,0.009290024,0.005976451,0.0027750125,0.012167356,0.026245806,0.0044707563,0.0021957953,0.018966818,0.2685543,0.0061466936,0.003725301,0.052365854,0.9723388,0.0039197616,0.02017186,0.2646365,0.012619196,0.004716719,0.013328558,0.0048910794,0.0029422448,0.0066987528,0.009678605,0.0015760086,0.002576261,0.007970738,0.004407872,0.007919034,0.0039282604,0.0038144067,0.0060990853,0.0043248236,0.0017106051,0.0031784247,0.0011771411,0.0010144782,0.0045025283,0.0007013194,0.0010473003,0.0031009451,0.009085935,0.018236972,0.042914327,0.0071948576,0.046289258,0.0017520398
