0,1,2,3,4,5,6,7,8,9,10,11,12,13,14,15,16,17,18,19,20,21,22,23,24,25,26,27,28,29,30,31,32,33,34,35,36,37,38,39,40,41,42,43,44,45,46,47,48,49,50,51
5.5303186e-05,0.0037225678,0.0008683127,0.0033723242,0.012104319,0.0009580649,0.0029977043,0.0009768053,0.00093622314,0.0049263593,0.008778092,0.002660934,0.00952364,0.035282124,0.0066042715,0.15720588,0.017546229,0.012113903,0.006335667,0.0104600405,0.016834747,0.0087108165,0.006950901,0.0718414,0.104489736,0.006024256,0.0064534573,0.58959866,0.020991417,0.005825284,0.009786533,0.012210588,0.010179013,0.004822494,0.026490772,0.014918495,0.0052557117,0.007901153,0.014050469,0.0036816683,0.0022027588,0.002152696,0.0027432838,0.0038031498,0.003779625,0.003569096,0.0031652148,0.0027263695,0.002394397,0.0017790451,0.0034682916,0.0032411106
0.0037225678,0.00059618504,0.002671909,0.0025173093,0.019915944,0.009834223,0.0050555854,0.0009525802,0.0020238678,0.03106754,0.00356102,0.0032599543,0.010745958,0.004238738,0.0042328476,0.010245414,0.010436928,0.002673184,0.0043920754,0.0026307942,0.008258246,0.009189399,0.0032054286,0.04247535,0.06135307,0.03486472,0.006353821,0.9118445,0.27659586,0.017452868,0.018190272,0.10275636,0.0154206855,0.006092311,0.009668294,0.024705956,0.006033648,0.0027809276,0.007459994,0.0038799806,0.0036272993,0.0016121739,0.0027845586,0.002388419,0.0021640551,0.0027463106,0.0010407973,0.0014047287,0.0012873355,0.0013888871,0.0011252268,0.0010451563
0.0008683127,0.002671909,0.00016815658,0.0014980228,0.0035517125,0.003032566,0.008052196,0.0007204191,0.025430474,0.009244204,0.0020518408,0.0024219884,0.0045064283,0.0067882724,0.0035150659,0.00559917,0.0027719552,0.0019410388,0.0056985184,0.0056799767,0.0073349793,0.0064200773,0.013189595,0.011556597,0.009445833,0.5305427,0.016056124,0.02580587,0.09782064,0.024244942,0.008747662,0.08549854,0.026772412,0.020413987,0.007507458,0.032240953,0.00930693,0.003290642,0.010211382,0.016716707,0.002809854,0.013252688,0.0064895083,0.015210135,0.0024615768,0.0036068712,0.0026339076,0.0034267511,0.0021239684,0.0018300896,0.0018395372,0.002379861
0.0033723242,0.0025173093,0.0014980228,0.00016703251,0.006105488,0.00072512217,0.009146984,0.03707636,0.036411416,0.323751,0.2484244,0.079193786,0.4905917,0.079354726,0.033708066,0.0075903763,0.0035720444,0.0019590391,0.0027015938,0.0010084036,0.002841838,0.0049414844,0.0028602716,0.0018522121,0.029801937,0.0056490316,0.002535426,0.0025598845,0.06301187,0.0051546004,0.0014175416,0.009851471,0.046980906,0.006394777,0.0018911427,0.014485612,0.017698366,0.0064020557,0.0025585748,0.008217924,0.012890885,0.0048942966,0.0017851662,0.008733776,0.0042874604,0.001512998,0.0018517502,0.0042427434,0.0012189879,0.0012195888,0.0016937322,0.0017579801
0.012104314,0.019915953,0.0035517141,0.006105488,0.00022051758,0.0011579313,0.030746661,0.13981822,0.0354339,0.32514817,0.26902544,0.17348999,0.87639177,0.019203627,0.007820915,0.023647962,0.0060647666,0.003172152,0.0028973743,0.0019039451,0.01111989,0.0092745265,0.0017477002,0.0015552635,0.055880096,0.006086224,0.0017023552,0.012171625,0.034152325,0.0029371895,0.0015869756,0.01435815,0.009364946,0.002493118,0.002266771,0.0045603653,0.0067093074,0.0019360561,0.002509486,0.002680843,0.0117178755,0.0014231876,0.0012236948,0.0027955316,0.0018177086,0.0012229588,0.001086275,0.002845755,0.0012205918,0.0009418682,0.0010299335,0.0010332272
0.0009580649,0.009834223,0.003032566,0.00072512217,0.0011579313,0.00013783247,0.011062412,0.0014679988,0.031660665,0.0060732146,0.0037959737,0.003929574,0.010046643,0.0022551012,0.0014870662,0.0029362915,0.0022691565,0.0024647017,0.0014588999,0.002363205,0.0028641515,0.0021453071,0.003983161,0.0058688647,0.004602015,0.0128492,0.0110637415,0.02607974,0.05718171,0.03347388,0.036974113,0.91435915,0.31093737,0.024626166,0.016694361,0.06548229,0.013069222,0.0048477645,0.017670427,0.010050646,0.00771355,0.0048656967,0.0074525834,0.008288651,0.0067695873,0.0023935998,0.0020591277,0.006597296,0.002041486,0.002328346,0.0013964064,0.0037826265
0.0029977043,0.0050555854,0.008052196,0.009146984,0.030746661,0.011062417,0.00028934452,0.018622948,0.0941118,0.02677734,0.01952966,0.024040682,0.01627575,0.0029922868,0.0020249959,0.00086471206,0.003644439,0.0018084748,0.0014082877,0.0031976935,0.009767394,0.004642703,0.0022605911,0.0035853616,0.010891992,0.019479668,0.004270275,0.00503528,0.36648375,0.019721694,0.0071528596,0.019631837,0.056707647,0.009674012,0.00719542,0.027525697,0.009182954,0.008574931,0.0028681254,0.010912345,0.008196565,0.0030427796,0.0027798621,0.005516575,0.0029664594,0.0019616755,0.0017574297,0.0052248496,0.0013275442,0.0016530645,0.0018882881,0.002408221
0.0009768053,0.0009525802,0.0007204191,0.03707637,0.13981824,0.0014679981,0.018622944,0.0015645296,0.06047635,0.062316824,0.37333515,0.1040331,0.055607002,0.007581412,0.020073483,0.0054638353,0.0035254515,0.00545821,0.0028333324,0.0031419636,0.00468296,0.0068381727,0.0017346456,0.001005619,0.005774727,0.0045919777,0.0025088475,0.0063619246,0.010722798,0.005044538,0.004699396,0.02895226,0.034746777,0.006609457,0.0061183344,0.008287682,0.007981985,0.003159157,0.004754092,0.007374055,0.010680005,0.0037772898,0.004414969,0.006214027,0.0038276878,0.0016680547,0.002582089,0.008023826,0.0020807905,0.0013932243,0.0018094161,0.0019516951
0.00093622314,0.0020238678,0.025430474,0.036411416,0.0354339,0.031660672,0.0941118,0.06047635,0.0004077068,0.046379723,0.38642192,0.18551357,0.06363505,0.22542578,0.02282887,0.015514409,0.0042030322,0.0055947276,0.002152571,0.0010941646,0.00079262035,0.0017188675,0.0012244134,0.0009674007,0.014407483,0.0028688658,0.001735355,0.006740525,0.131109,0.0025323518,0.004928115,0.017724963,0.11024896,0.0026752518,0.0018003723,0.008099965,0.02125541,0.0013793468,0.0025280109,0.008087018,0.00922034,0.0016585347,0.0017104098,0.0025217794,0.002397927,0.0014018407,0.0013368266,0.0018358992,0.0013797232,0.0010479635,0.0011629703,0.0011563777
0.0049263593,0.03106754,0.009244204,0.323751,0.32514825,0.0060732146,0.026777335,0.062316824,0.046379723,0.00054605963,0.021714805,0.043498673,0.43024814,0.07394601,0.15612218,0.0016293733,0.0016688553,0.0017941874,0.0021229035,0.0005890322,0.0009258938,0.008312244,0.001852951,0.0016307135,0.019322647,0.010422532,0.0018217328,0.008035251,0.015120087,0.0028742591,0.0024574413,0.014642305,0.011313802,0.0021671413,0.0036434345,0.008957528,0.008273547,0.0014966832,0.005593568,0.010776629,0.0033548912,0.0019567842,0.0042688665,0.003959313,0.0021283187,0.001790795,0.001630631,0.0030712832,0.001150013,0.0011127032,0.0011713834,0.00094219984
0.008778092,0.00356102,0.0020518408,0.2484244,0.26902544,0.0037959737,0.01952966,0.37333515,0.38642192,0.0217148,0.00082567986,0.068873934,0.17372562,0.14265478,0.2296472,0.008091456,0.003547034,0.005552981,0.0024677645,0.0013558677,0.009923077,0.06671603,0.00068516575,0.001755296,0.07525562,0.008504794,0.0011193281,0.008060455,0.09066537,0.0018148732,0.004092514,0.00443859,0.0056407745,0.0016932791,0.0015700624,0.0024275258,0.0045410134,0.0012553774,0.0027713939,0.0015452787,0.0025644968,0.0007393668,0.0008940149,0.001435649,0.0026463394,0.001740599,0.00062903395,0.0025675527,0.002720257,0.0008867583,0.0007292156,0.0017020993
0.002660934,0.0032599543,0.0024219884,0.0791938,0.17349002,0.003929574,0.024040679,0.10403312,0.18551351,0.043498673,0.06887395,0.00019675943,0.8785026,0.04080264,0.5783934,0.002109964,0.005057553,0.0026633611,0.0032046805,0.002247813,0.013499838,0.06568115,0.006062287,0.0022693735,0.019516177,0.014572674,0.001652967,0.0012560376,0.004234289,0.0015578981,0.0017803175,0.006105355,0.012925844,0.002241447,0.0012963371,0.0037518134,0.0056636264,0.0023090248,0.0017831561,0.0036346382,0.0070284717,0.0023384732,0.0014833078,0.002160844,0.0069385134,0.001514857,0.00095679605,0.004692736,0.0017987345,0.0009786469,0.0009995655,0.0008395015
0.00952364,0.010745958,0.0045064283,0.4905917,0.87639177,0.010046643,0.01627575,0.05560702,0.06363505,0.43024823,0.17372562,0.8785026,0.00029748926,0.15023234,0.19118996,0.0019492925,0.0040657795,0.0039783022,0.0018602543,0.0006901848,0.0023196882,0.011166046,0.0014237068,0.0023887064,0.020742469,0.0028278788,0.0008562391,0.0020802023,0.0042787166,0.0022398916,0.0008546876,0.0028283885,0.0020664376,0.0009942448,0.0015180318,0.0019803576,0.002552075,0.0014655539,0.0026672347,0.003452106,0.0030050473,0.0008837075,0.0014354911,0.0047848085,0.0039611,0.002994363,0.0015435669,0.0035183763,0.00196702,0.0023545832,0.0018582941,0.0024657394
0.035282124,0.004238738,0.0067882724,0.079354726,0.019203627,0.0022551012,0.0029922868,0.007581412,0.2254258,0.07394599,0.14265478,0.04080264,0.15023237,0.0014073458,0.054962832,0.026272947,0.020396523,0.0073594414,0.005495356,0.004249871,0.018114218,0.051362395,0.011790864,0.008403202,0.27763417,0.0048182644,0.0033498406,0.00249473,0.0074506644,0.002732835,0.0016468765,0.0019208082,0.0017886219,0.0016790654,0.0019306099,0.0016563082,0.0020857002,0.00093088084,0.0036544998,0.0028270385,0.0020372556,0.00125327,0.0014938889,0.0028651091,0.0020974013,0.0011414487,0.0012821887,0.0036268975,0.0023080849,0.0019786619,0.0018998446,0.0033347527
0.0066042677,0.0042328457,0.0035150659,0.033708066,0.007820915,0.0014870662,0.0020249959,0.020073486,0.022828864,0.1561221,0.2296472,0.5783933,0.19118996,0.05496282,0.0028556797,0.024866713,0.7525479,0.01671601,0.00815454,0.0060906564,0.21889822,0.35404605,0.003275396,0.0057445625,0.045168012,0.0034006324,0.0013784104,0.0035532145,0.0033125265,0.0014807308,0.0014731606,0.002407433,0.0023304739,0.0013204524,0.0013517785,0.0012582756,0.0015659686,0.0011784862,0.00056905707,0.0011478596,0.0012852798,0.000997781,0.0008393879,0.0018869954,0.0020438724,0.0012295207,0.0014199704,0.002953316,0.0026752849,0.0016640804,0.0014187942,0.0056423154
0.15720588,0.010245414,0.0055991677,0.00759038,0.023647962,0.0029362915,0.00086471206,0.0054638353,0.015514409,0.0016293725,0.008091456,0.002109964,0.0019492918,0.026272947,0.024866713,0.0007397439,0.021238593,0.1785899,0.0063938443,0.022035554,0.9996481,0.2073273,0.008778449,0.13605015,0.9149948,0.0069983657,0.0017905863,0.00881544,0.0070628393,0.00084065186,0.0014477016,0.0052027297,0.0026484227,0.0009759119,0.0011194508,0.0014095561,0.0011143888,0.0010821461,0.0009270687,0.0023023228,0.0018080203,0.0013969591,0.0010088019,0.00208932,0.0015673813,0.0018667324,0.001071057,0.0017940779,0.0014639058,0.0022143724,0.0014536323,0.0021474487
0.017546229,0.010436928,0.0027719552,0.0035720444,0.006064764,0.0022691556,0.003644439,0.0035254515,0.0042030322,0.0016688546,0.003547034,0.005057553,0.0040657795,0.020396518,0.7525479,0.021238593,0.0010745074,0.107571855,0.06455364,0.039082292,0.23710114,0.117337,0.012853283,0.008056673,0.023112172,0.0060845255,0.007621203,0.00226292,0.0070206127,0.001729141,0.0029187058,0.0022437377,0.008102589,0.0018899163,0.0016064246,0.00491761,0.002485092,0.0060349093,0.0045790146,0.0024017547,0.002453274,0.0020859167,0.0019654818,0.002971965,0.0028187928,0.0029392696,0.0015526298,0.0026625,0.0032637555,0.0035516417,0.008979495,0.008873083
0.012113903,0.0026731854,0.0019410388,0.0019590391,0.003172152,0.0024647017,0.0018084748,0.00545821,0.0055947276,0.0017941874,0.005552981,0.0026633611,0.0039783022,0.0073594414,0.016716016,0.1785899,0.10757188,0.0028980605,0.049991056,0.5937627,0.985038,0.08148684,0.017882422,0.0031307302,0.0036512234,0.0022957765,0.0025441854,0.004783964,0.0019817292,0.001712347,0.0041053765,0.0015087166,0.0021557289,0.0031543255,0.0035984856,0.0046713464,0.00252523,0.004914499,0.0028651606,0.0025172757,0.0027259428,0.0027454514,0.0025153488,0.0032029205,0.004161402,0.004115507,0.0032395318,0.004109361,0.00509931,0.008268668,0.0063745882,0.012081113
0.006335667,0.0043920754,0.0056985184,0.0027015938,0.0028973743,0.0014588999,0.0014082877,0.0028333324,0.002152571,0.0021229035,0.0024677634,0.0032046805,0.0018602543,0.005495356,0.00815454,0.0063938443,0.06455364,0.04999104,0.0040504984,0.67477137,0.019796273,0.84931856,0.37197638,0.022514684,0.007045204,0.014901918,0.021229342,0.0049465443,0.0068828776,0.0007022524,0.005447466,0.0048994413,0.0029412473,0.0033931371,0.005971286,0.0036072158,0.0011722557,0.0030066862,0.0037223648,0.0016824708,0.0016762312,0.0037914377,0.002068343,0.0025849827,0.0035093431,0.0025058554,0.0031415394,0.0059287953,0.004212909,0.0058475486,0.011798363,0.01769907
0.0104600405,0.0026307942,0.0056799767,0.0010084041,0.001903946,0.002363205,0.0031976935,0.003141965,0.001094164,0.0005890322,0.0013558683,0.002247813,0.0006901845,0.004249871,0.006090659,0.022035565,0.0390823,0.5937627,0.67477137,0.0036400415,0.040063974,0.08682546,0.97057503,0.18718247,0.004532201,0.006635481,0.14191365,0.005874652,0.0010511612,0.0030770279,0.005356422,0.004828716,0.0040027867,0.0014040533,0.0031902336,0.0038943936,0.000964453,0.0050068265,0.0013554185,0.0017465117,0.0017847753,0.003690724,0.0027494845,0.0023964595,0.004965163,0.003831046,0.0020990109,0.0061251903,0.003662457,0.0061805886,0.0049437545,0.0077139265
0.016834754,0.008258246,0.0073349793,0.002841838,0.01111989,0.002864153,0.009767397,0.0046829623,0.00079262035,0.00092589326,0.009923077,0.013499838,0.0023196882,0.018114218,0.21889827,0.9996481,0.23710117,0.98503786,0.019796273,0.040063974,0.00046150028,0.014176777,0.006613262,0.18124485,0.006049859,0.0019426708,0.0039739716,0.008069911,0.0015169675,0.0009932735,0.0014643931,0.001960761,0.0015376551,0.0012780689,0.0018794109,0.0048495247,0.0016909641,0.0015927447,0.00080972345,0.0016131857,0.0020258606,0.0015055888,0.0014598311,0.002809023,0.0024533698,0.0010209866,0.0015313713,0.002898146,0.002143795,0.002085754,0.003035423,0.002930721
0.0087108165,0.009189399,0.0064200773,0.0049414844,0.009274522,0.0021453083,0.004642701,0.0068381727,0.0017188675,0.008312244,0.06671603,0.06568115,0.011166046,0.051362395,0.35404605,0.20732726,0.117337,0.08148682,0.84931856,0.08682546,0.014176771,0.00090685306,0.009484002,0.0047402973,0.013231442,0.025952632,0.0022005327,0.002065811,0.0030630443,0.00051475124,0.0019152381,0.005393538,0.0019064723,0.001653236,0.0020979254,0.0023051186,0.0009279091,0.0017760415,0.0031718505,0.002549173,0.001703779,0.0032850401,0.0015282459,0.0010228374,0.0021846844,0.0018415484,0.001120221,0.0023977696,0.0021728643,0.002707188,0.0028144214,0.0044087213
0.006950901,0.0032054286,0.013189595,0.0028602716,0.0017477002,0.003983161,0.0022605911,0.0017346456,0.0012244134,0.0018529518,0.00068516575,0.006062287,0.0014237061,0.011790864,0.003275396,0.008778449,0.012853283,0.017882422,0.37197638,0.97057503,0.006613262,0.009484002,0.004571032,0.052908707,0.008383509,0.20435403,0.8184367,0.008719726,0.0062791784,0.006132001,0.006636075,0.005503981,0.0068107178,0.00017404294,0.0051869955,0.005988289,0.00087044825,0.0029275655,0.002601751,0.0020282217,0.0021203607,0.002119018,0.0052725356,0.0019715964,0.0023921474,0.0027424686,0.0027857795,0.0038717333,0.0038936704,0.006257398,0.007288553,0.004830322
0.07184138,0.04247535,0.011556597,0.0018522121,0.0015552635,0.0058688647,0.0035853616,0.001005619,0.0009674001,0.0016307135,0.001755296,0.0022693735,0.0023887064,0.008403202,0.0057445625,0.13605015,0.008056673,0.0031307286,0.02251469,0.18718247,0.1812448,0.0047402973,0.052908707,0.002395346,0.010263787,0.03197403,0.6601516,0.3147655,0.00773144,0.012406912,0.01531542,0.008096468,0.0064044613,0.00010758731,0.003773253,0.022660585,0.0010062485,0.0027512251,0.003290906,0.0031280038,0.0013845355,0.0033119284,0.003706152,0.0041281553,0.0013304491,0.0038528296,0.0024676672,0.0025919233,0.0012187161,0.0026748015,0.0028197342,0.0019726737
0.104489736,0.06135307,0.009445828,0.029801937,0.05588012,0.004602015,0.010891992,0.005774727,0.014407483,0.019322641,0.07525562,0.019516174,0.020742463,0.27763417,0.04516802,0.9149948,0.023112172,0.0036512234,0.007045204,0.004532201,0.006049859,0.013231442,0.008383509,0.010263787,0.0006970695,0.0035000425,0.0047476594,0.042162508,0.024454754,0.0049629165,0.0023536605,0.023735162,0.0016926248,0.0010986384,0.0014994479,0.002602663,0.0025811754,0.0012940093,0.001465805,0.0007751546,0.0020204103,0.0011018347,0.0011705161,0.0012321421,0.000886352,0.0013437393,0.0009194525,0.0012356768,0.0024958823,0.0010986881,0.0009926789,0.0008483987
0.006024256,0.03486472,0.5305427,0.0056490316,0.006086224,0.0128492,0.019479668,0.0045919754,0.0028688645,0.010422528,0.008504794,0.014572674,0.0028278774,0.0048182644,0.0034006324,0.006998362,0.0060845283,0.0022957753,0.014901918,0.006635481,0.0019426708,0.025952626,0.20435399,0.03197404,0.0035000425,0.0014481359,0.008829668,0.0130778365,0.13588506,0.008711783,0.002704648,0.013108625,0.025148073,0.0019077883,0.005402924,0.016873453,0.0015424268,0.0035914467,0.0066722175,0.0021396168,0.0013528822,0.0023947046,0.0054003187,0.0007875567,0.0017327688,0.0030492188,0.002181619,0.0018212057,0.0022614272,0.0022784262,0.0054023424,0.0021251966
0.0064534573,0.006353821,0.016056124,0.002535426,0.0017023552,0.0110637415,0.004270275,0.0025088475,0.0017353541,0.0018217328,0.0011193287,0.001652967,0.0008562391,0.0033498406,0.0013784104,0.0017905863,0.007621203,0.002544184,0.021229345,0.14191368,0.0039739716,0.0022005327,0.8184368,0.6601516,0.0047476594,0.008829664,0.0043318965,0.024545176,0.004951384,0.047259394,0.47004735,0.009943241,0.011371869,7.592988e-05,0.019011158,0.013129071,0.0009940128,0.0037403584,0.0068626404,0.004698664,0.002015464,0.004526951,0.007825876,0.0034654713,0.005034506,0.005724767,0.0040181535,0.004826331,0.0040702596,0.0069635683,0.004277656,0.003959505
0.58959866,0.9118445,0.025805876,0.0025598845,0.012171625,0.02607974,0.00503528,0.0063619246,0.006740525,0.008035255,0.008060455,0.0012560376,0.0020802023,0.00249473,0.0035532145,0.00881544,0.0022629208,0.004783964,0.0049465443,0.005874652,0.008069911,0.002065811,0.00871973,0.3147655,0.042162515,0.0130778365,0.024545169,0.00029445277,0.008537611,0.0083233435,0.15930225,0.18981828,0.009778454,0.002721006,0.011217036,0.006854361,0.0011194017,0.003918191,0.0030191792,0.0042615496,0.0011118631,0.0012642966,0.0020445443,0.0022815797,0.0015660372,0.0015209457,0.0017393981,0.0012644599,0.00068072457,0.0009014622,0.001475891,0.0013738654
0.020991417,0.27659586,0.097820655,0.063011885,0.03415233,0.057181723,0.36648375,0.010722804,0.13110906,0.015120087,0.09066541,0.0042342907,0.0042787166,0.0074506644,0.0033125265,0.007062842,0.0070206127,0.0019817292,0.0068828776,0.0010511612,0.0015169675,0.0030630457,0.0062791784,0.0077314437,0.024454765,0.1358851,0.0049513867,0.008537616,0.00044883063,0.0043243556,0.0049066697,0.011374576,0.010964049,0.01045627,0.003935699,0.007200132,0.0025362535,0.00186176,0.005859447,0.0023430968,0.0010687337,0.002017458,0.0023670562,0.0015602593,0.0011774517,0.0017444047,0.0013712451,0.0010243079,0.001197526,0.0014898358,0.0007305685,0.0008948633
0.0058252816,0.017452868,0.024244942,0.0051546004,0.0029371895,0.03347388,0.019721694,0.005044538,0.0025323518,0.0028742591,0.0018148732,0.0015578981,0.0022398916,0.002732835,0.0014807308,0.00084065186,0.001729141,0.001712347,0.0007022524,0.0030770267,0.0009932735,0.00051475124,0.006132001,0.012406912,0.0049629137,0.008711783,0.047259394,0.0083233435,0.0043243533,0.0005241925,0.008098968,0.023609532,0.041128095,0.046585243,0.14116031,0.053440444,0.0062284637,0.01561471,0.036691725,0.011478278,0.0058232904,0.0056234775,0.011613049,0.010301166,0.0059623597,0.0053550047,0.00422887,0.0075071165,0.01978152,0.007841738,0.0061095525,0.009579253
0.009786533,0.018190272,0.008747662,0.0014175416,0.0015869756,0.036974125,0.0071528596,0.004699398,0.004928115,0.0024574413,0.004092516,0.0017803175,0.0008546876,0.0016468765,0.0014731614,0.0014477016,0.0029187067,0.0041053747,0.005447466,0.005356422,0.0014643931,0.0019152381,0.006636075,0.01531542,0.0023536605,0.002704648,0.47004735,0.15930232,0.0049066697,0.008098968,0.0012474178,0.023183038,0.009457408,0.10820886,0.1391728,0.031756703,0.0026025912,0.009136953,0.017579649,0.01828498,0.0014050123,0.004649195,0.009794567,0.0065600434,0.0019697861,0.00565975,0.007698491,0.0028885836,0.006684361,0.007114012,0.006441251,0.0055177896
0.012210588,0.10275636,0.08549854,0.009851475,0.01435815,0.91435915,0.019631837,0.02895226,0.017724963,0.014642305,0.00443859,0.006105355,0.0028283885,0.0019208075,0.002407433,0.0052027297,0.0022437377,0.0015087166,0.0048994436,0.004828716,0.001960761,0.005393538,0.005503981,0.008096468,0.023735162,0.013108625,0.009943241,0.18981828,0.01137457,0.023609532,0.023183038,0.0012855149,0.0050198636,0.008252909,0.087203294,0.05703804,0.004514983,0.0004908207,0.006257692,0.0021098685,0.0007012008,0.0006645204,0.0021898397,0.0019193132,0.0008749086,0.0009617787,0.0013880036,0.0013097154,0.0008698144,0.0009973216,0.0016734925,0.003200467
0.010179013,0.0154206855,0.026772412,0.046980906,0.009364946,0.31093737,0.056707636,0.03474677,0.11024896,0.011313796,0.005640777,0.012925839,0.0020664365,0.0017886211,0.0023304748,0.0026484227,0.008102589,0.002155728,0.0029412473,0.004002785,0.0015376551,0.0019064723,0.0068107145,0.0064044613,0.0016926248,0.025148066,0.011371869,0.009778454,0.010964043,0.041128095,0.009457408,0.0050198636,0.0010748078,0.011506077,0.017822184,0.12570396,0.0048940927,0.004036511,0.031350523,0.011360086,1.4454185e-05,0.004998683,0.025602277,0.00037410524,0.00029361993,0.0033092315,0.008707963,0.00052371854,0.002996626,0.0041288375,0.0044897143,0.0024019629
0.004822494,0.006092311,0.020413978,0.0063947737,0.002493118,0.024626166,0.009674012,0.006609457,0.0026752504,0.0021671413,0.0016932791,0.002241446,0.0009942444,0.0016790654,0.001320452,0.0009759119,0.0018899157,0.0031543255,0.0033931371,0.0014040525,0.0012780683,0.0016532352,0.00017404277,0.00010758731,0.0010986384,0.0019077883,7.592974e-05,0.0027210047,0.01045627,0.046585232,0.10820886,0.008252909,0.011506077,0.0011036715,0.0129012875,0.019507857,0.083762124,0.100965284,0.04406159,0.0268897,0.013461119,0.032795504,0.1535543,0.09995953,0.005903707,0.031259697,0.07891863,0.03356893,0.0058762445,0.024115745,0.029332455,0.007582747
0.026490772,0.009668294,0.00750746,0.0018911427,0.002266771,0.016694369,0.00719542,0.0061183344,0.0018003723,0.0036434345,0.0015700624,0.0012963377,0.0015180318,0.0019306099,0.0013517785,0.0011194512,0.0016064246,0.0035984856,0.005971286,0.0031902336,0.0018794109,0.0020979254,0.0051869955,0.0037732546,0.0014994479,0.005402924,0.019011158,0.011217036,0.003935699,0.14116034,0.1391728,0.087203294,0.017822184,0.012901294,0.0012479817,0.03732562,0.016919933,0.012157222,0.042363323,0.03746486,0.00089430535,0.0054513835,0.021711042,0.0114596905,0.00094559113,0.0031728786,0.007682026,0.008834535,0.014184036,0.0058518993,0.015946792,0.016749572
0.014918495,0.02470596,0.03224095,0.014485612,0.0045603653,0.06548229,0.027525688,0.008287682,0.008099965,0.008957528,0.0024275258,0.0037518134,0.0019803576,0.0016563082,0.0012582756,0.0014095561,0.00491761,0.0046713464,0.0036072158,0.0038943936,0.0048495247,0.0023051186,0.005988289,0.022660585,0.002602664,0.016873445,0.013129071,0.006854358,0.0072001284,0.053440444,0.031756695,0.05703805,0.12570396,0.019507868,0.03732562,0.0013445241,0.007648128,0.004326906,0.018597249,0.25526226,9.509763e-05,0.0028309517,0.01028466,0.0025382724,0.0028654223,0.001503968,0.0016620773,0.0009456173,0.002310685,0.0011071532,0.0011486126,0.00348196
0.0052557117,0.006033648,0.00930693,0.017698366,0.0067093074,0.013069228,0.009182954,0.007981985,0.02125541,0.008273547,0.0045410153,0.0056636264,0.002552075,0.0020857002,0.0015659686,0.0011143888,0.0024850932,0.0025252288,0.0011722557,0.0009644525,0.0016909641,0.0009279091,0.00087044825,0.0010062485,0.0025811754,0.0015424261,0.0009940128,0.0011194017,0.0025362535,0.00622846,0.0026025912,0.004514983,0.0048940927,0.08376214,0.016919933,0.007648128,0.0010302932,0.008780047,0.042762328,0.3059975,0.030758206,0.04783465,0.06555703,0.10528061,0.0148599995,0.016889961,0.025548048,0.01802268,0.0060625654,0.013746618,0.01484688,0.005296438
0.007901153,0.0027809276,0.003290642,0.0064020557,0.0019360561,0.0048477645,0.008574931,0.003159157,0.0013793468,0.0014966832,0.0012553774,0.0023090248,0.0014655539,0.00093088084,0.0011784862,0.0010821461,0.0060349093,0.004914496,0.0030066862,0.0050068265,0.0015927447,0.0017760415,0.0029275655,0.0027512265,0.0012940093,0.0035914467,0.0037403565,0.003918191,0.00186176,0.01561471,0.009136958,0.0004908207,0.004036511,0.100965284,0.012157222,0.004326906,0.008780047,0.0005411297,0.04637907,0.0066261683,0.017645258,0.10136397,0.1111299,0.027530538,0.019496324,0.09705458,0.23932742,0.033643212,0.013645824,0.08854087,0.06085426,0.022531243
0.014050476,0.007459997,0.010211388,0.0025585757,0.002509486,0.017670436,0.0028681254,0.004754092,0.0025280109,0.005593568,0.0027713939,0.0017831569,0.0026672347,0.0036544998,0.00056905707,0.0009270687,0.0045790146,0.0028651606,0.0037223648,0.0013554192,0.00080972386,0.003171852,0.002601752,0.003290906,0.0014658058,0.0066722175,0.006862643,0.0030191806,0.005859447,0.036691733,0.017579649,0.006257694,0.03135053,0.044061612,0.042363323,0.018597249,0.04276234,0.04637907,0.00037079077,0.008218422,0.019426327,0.14992473,0.039558295,0.0023076267,0.0025943618,0.02695353,0.018583689,0.0018192745,0.0073602768,0.04477214,0.010690812,0.012042706
0.0036816683,0.0038799806,0.016716707,0.008217924,0.002680843,0.010050646,0.010912345,0.0073740585,0.008087018,0.010776624,0.0015452794,0.0036346382,0.003452106,0.0028270385,0.0011478601,0.0023023228,0.0024017547,0.0025172757,0.0016824708,0.0017465117,0.0016131849,0.002549173,0.0020282217,0.0031280038,0.0007751546,0.0021396168,0.004698664,0.0042615496,0.0023430968,0.011478278,0.01828498,0.0021098685,0.011360086,0.026889712,0.03746486,0.2552622,0.3059975,0.0066261683,0.008218418,0.003587984,0.12160571,0.002493417,0.056474254,0.14248976,0.0074571203,0.0039680274,0.0134536475,0.0029791356,0.008501442,0.006266273,0.0032296774,0.0057323794
0.00220276,0.0036272993,0.002809854,0.012890885,0.0117178755,0.00771355,0.008196565,0.010680005,0.00922034,0.0033548928,0.0025644968,0.0070284745,0.0030050473,0.0020372556,0.0012852798,0.0018080203,0.002453274,0.0027259428,0.0016762321,0.0017847753,0.0020258606,0.001703779,0.0021203607,0.0013845355,0.0020204103,0.0013528822,0.002015464,0.0011118631,0.0010687337,0.0058232904,0.0014050123,0.00070120045,1.4454185e-05,0.013461119,0.000894305,9.509763e-05,0.030758211,0.017645258,0.019426322,0.12160571,0.0010920423,0.06592144,0.08194131,0.8198759,0.3521436,0.10827598,0.26056105,0.6179147,0.007833917,0.05299316,0.041293494,0.016982842
0.002152696,0.0016121739,0.013252688,0.0048942966,0.0014231876,0.0048656967,0.0030427796,0.0037772898,0.0016585347,0.0019567842,0.0007393668,0.0023384732,0.0008837075,0.00125327,0.0009977815,0.0013969591,0.0020859167,0.0027454514,0.0037914377,0.003690724,0.0015055888,0.0032850385,0.002119018,0.0033119284,0.0011018347,0.0023947046,0.004526951,0.0012642961,0.002017458,0.0056234775,0.004649195,0.0006645204,0.004998683,0.032795504,0.0054513807,0.0028309517,0.04783464,0.10136397,0.14992473,0.002493417,0.06592144,0.00047283637,0.029554788,0.0029455044,0.2975974,0.5939756,0.08063712,0.034388665,0.3565216,0.14571391,0.0824751,0.01904078
0.0027432838,0.0027845586,0.0064895055,0.0017851662,0.0012236953,0.0074525834,0.0027798633,0.004414969,0.0017104098,0.0042688684,0.0008940149,0.0014833078,0.0014354911,0.0014938889,0.0008393879,0.0010088019,0.0019654818,0.0025153488,0.002068343,0.0027494845,0.0014598311,0.0015282459,0.0052725356,0.0037061542,0.0011705166,0.0054003187,0.007825876,0.0020445443,0.0023670562,0.011613054,0.009794567,0.0021898397,0.025602277,0.1535543,0.021711042,0.01028466,0.06555703,0.1111299,0.039558288,0.056474254,0.08194129,0.029554795,0.0016649092,0.020792166,0.010592665,0.04474889,0.20576113,0.0047643795,0.007467189,0.017807474,0.037284434,0.0147095565
0.0038031498,0.002388419,0.015210135,0.008733776,0.0027955316,0.008288651,0.0055165724,0.006214027,0.0025217794,0.003959313,0.001435649,0.002160844,0.0047848085,0.0028651091,0.0018869946,0.00208932,0.002971965,0.0032029205,0.0025849838,0.0023964583,0.002809023,0.0010228374,0.0019715964,0.0041281534,0.0012321415,0.0007875567,0.0034654713,0.0022815785,0.0015602586,0.010301162,0.0065600434,0.0019193132,0.00037410503,0.09995953,0.0114596905,0.0025382724,0.10528061,0.027530532,0.0023076267,0.14248976,0.8198758,0.0029455044,0.020792162,0.0021699301,0.059533045,0.0029992484,0.25119543,0.06915073,0.0075130304,0.006158013,0.07197529,0.023708116
0.0037796234,0.0021640551,0.0024615768,0.0042874604,0.0018177086,0.0067695845,0.0029664594,0.0038276878,0.0023979258,0.0021283187,0.0026463394,0.0069385106,0.0039611,0.0020974004,0.0020438724,0.0015673813,0.0028187928,0.0041614003,0.0035093431,0.004965161,0.0024533698,0.0021846844,0.0023921474,0.0013304491,0.000886352,0.0017327688,0.005034506,0.0015660365,0.0011774517,0.0059623597,0.0019697861,0.0008749086,0.00029361993,0.005903707,0.00094559113,0.0028654223,0.0148599995,0.01949632,0.0025943604,0.0074571203,0.35214347,0.2975974,0.010592659,0.059533045,0.0009257081,0.028441848,0.07867416,0.7484645,0.35858375,0.27302673,0.09075048,0.13048646
0.003569096,0.0027463106,0.0036068712,0.001512998,0.0012229588,0.0023935998,0.0019616755,0.0016680555,0.0014018407,0.001790795,0.001740599,0.001514857,0.002994363,0.0011414487,0.0012295207,0.0018667324,0.0029392696,0.004115507,0.0025058554,0.003831046,0.0010209866,0.0018415484,0.0027424686,0.0038528296,0.0013437393,0.0030492188,0.005724767,0.0015209457,0.001744404,0.0053550047,0.00565975,0.0009617787,0.003309233,0.031259704,0.0031728803,0.0015039674,0.016889961,0.09705458,0.026953526,0.0039680274,0.10827598,0.5939756,0.04474889,0.0029992484,0.028441856,0.0015857145,0.08073168,0.0019916147,0.9486892,0.70563567,0.107856885,0.10322536
0.003165216,0.0010407973,0.0026339076,0.0018517502,0.001086275,0.0020591277,0.0017574304,0.002582089,0.0013368266,0.001630631,0.00062903395,0.00095679605,0.0015435662,0.0012821887,0.0014199704,0.0010710576,0.0015526298,0.0032395318,0.0031415394,0.0020990109,0.0015313713,0.001120221,0.0027857795,0.0024676672,0.0009194525,0.00218162,0.0040181535,0.0017393981,0.0013712451,0.00422887,0.007698491,0.0013880036,0.008707968,0.07891864,0.007682022,0.0016620773,0.025548048,0.23932742,0.018583689,0.0134536475,0.26056105,0.08063714,0.20576113,0.25119537,0.078674175,0.08073168,0.0020655822,0.02483252,0.15714823,0.13289441,0.23539406,0.033979885
0.0027263695,0.0014047287,0.0034267497,0.0042427434,0.002845755,0.006597296,0.0052248496,0.008023826,0.0018358984,0.0030712832,0.0025675527,0.004692736,0.0035183744,0.0036268975,0.002953316,0.0017940779,0.0026625,0.004109361,0.0059287953,0.006125187,0.0028981445,0.0023977696,0.0038717333,0.0025919233,0.0012356773,0.0018212057,0.004826331,0.0012644599,0.0010243079,0.0075071165,0.0028885824,0.0013097154,0.00052371854,0.03356894,0.008834535,0.00094561675,0.018022671,0.033643212,0.0018192737,0.0029791344,0.6179147,0.034388658,0.004764378,0.069150716,0.7484645,0.0019916147,0.024832524,0.0015917093,0.032048937,0.0319302,0.26315296,0.3827827
0.002394397,0.0012873355,0.0021239684,0.0012189879,0.0012205918,0.002041486,0.0013275442,0.0020807914,0.0013797232,0.001150013,0.002720257,0.0017987345,0.00196702,0.0023080849,0.0026752849,0.0014639065,0.0032637555,0.00509931,0.004212909,0.003662457,0.002143795,0.0021728643,0.0038936704,0.0012187161,0.0024958823,0.0022614272,0.0040702596,0.00068072457,0.001197526,0.01978152,0.006684361,0.0008698144,0.002996626,0.0058762473,0.014184036,0.0023106842,0.0060625654,0.013645824,0.0073602744,0.008501445,0.007833917,0.3565216,0.007467189,0.007513034,0.35858375,0.9486892,0.15714823,0.032048944,0.006243016,0.2850216,0.114932746,0.4874861
0.0017790451,0.0013888871,0.0018300896,0.0012195888,0.0009418682,0.002328346,0.0016530645,0.0013932243,0.0010479635,0.0011127032,0.0008867583,0.0009786469,0.0023545832,0.0019786619,0.0016640804,0.0022143724,0.0035516417,0.008268668,0.005847551,0.0061805886,0.002085754,0.002707188,0.006257398,0.0026748015,0.0010986881,0.0022784262,0.0069635683,0.0009014622,0.0014898351,0.007841738,0.007114012,0.0009973216,0.0041288375,0.024115745,0.0058518993,0.0011071532,0.013746618,0.08854085,0.04477214,0.006266273,0.05299316,0.14571391,0.017807474,0.006158013,0.27302682,0.70563567,0.13289444,0.03193021,0.2850216,0.005680765,0.09147897,0.07120575
0.0034682916,0.0011252268,0.0018395372,0.0016937322,0.0010299335,0.0013964064,0.0018882881,0.0018094167,0.0011629703,0.0011713834,0.0007292156,0.0009995655,0.0018582933,0.0018998458,0.0014187942,0.001453633,0.008979495,0.0063745882,0.011798367,0.0049437545,0.0030354243,0.0028144214,0.007288553,0.0028197342,0.0009926783,0.0054023424,0.004277656,0.001475891,0.0007305685,0.0061095525,0.006441251,0.0016734933,0.0044897143,0.029332468,0.015946792,0.0011486126,0.0148468865,0.060854267,0.010690812,0.0032296774,0.041293494,0.0824751,0.037284434,0.0719753,0.09075048,0.107856885,0.2353941,0.26315296,0.11493269,0.09147899,0.0043363683,0.04368656
0.0032411106,0.0010451563,0.002379861,0.0017579801,0.0010332277,0.0037826265,0.002408221,0.0019516951,0.0011563777,0.00094219984,0.0017020993,0.0008395015,0.0024657394,0.0033347527,0.0056423154,0.0021474487,0.008873083,0.012081106,0.01769908,0.0077139265,0.002930721,0.0044087213,0.004830322,0.0019726737,0.0008483987,0.0021251966,0.003959505,0.0013738654,0.0008948633,0.009579253,0.0055177896,0.003200467,0.0024019629,0.007582747,0.016749572,0.003481958,0.005296438,0.02253124,0.012042706,0.0057323794,0.016982842,0.019040775,0.0147095565,0.023708116,0.13048649,0.10322536,0.033979885,0.3827827,0.4874861,0.07120575,0.04368656,0.008934078
