0,1,2,3,4,5,6,7,8,9,10,11,12,13,14,15,16,17,18,19,20,21,22,23,24,25,26,27,28,29,30,31,32,33,34,35,36,37,38,39,40,41,42,43,44,45,46,47,48,49,50,51,52,53,54,55,56,57,58,59,60,61,62,63,64,65,66,67,68
0.0066156248,0.0012675691,0.48856613,0.0071324417,0.0011462278,0.026963431,0.011771145,0.015385988,0.047745585,0.0706648,0.15552755,0.043042712,0.027014732,0.025277482,0.021525664,0.009293153,0.013621907,0.0073952507,0.012924426,0.006470196,0.0062893927,0.007110213,0.0034828347,0.0048678587,0.0054305317,0.006581309,0.0032081737,0.0024001398,0.002745223,0.0035817893,0.001980873,0.0041037276,0.017755575,0.0026491901,0.003733871,0.0037545022,0.003544374,0.0027744002,0.0036248786,0.0029747228,0.002040171,0.0042185294,0.0035881924,0.001999159,0.0018980524,0.0028552657,0.0021904546,0.002213676,0.002885458,0.0028900192,0.002346357,0.002674669,0.0022857331,0.002862466,0.0056441827,0.0034079994,0.0030795746,0.0031398002,0.0041668634,0.005008571,0.0065650046,0.0103149135,0.008072981,0.016846683,0.0137161445,0.018596534,0.01167386,0.010958916,0.0071900873
0.0012675691,0.00087844743,0.00465344,0.17254876,0.00833905,0.0126924375,0.01623523,0.031590234,0.023786787,0.49126747,0.022733906,0.37936503,0.007891021,0.10176599,0.010337409,0.02606173,0.009284947,0.013601892,0.0057537914,0.0073387995,0.0057978933,0.0033382298,0.0046666465,0.0048537627,0.006257404,0.005316001,0.0025405323,0.00243222,0.003900684,0.004704944,0.0022850437,0.0031911936,0.003202205,0.0035222266,0.003375056,0.0023452064,0.0023908108,0.0032002754,0.0022091432,0.0025461803,0.0021986847,0.0025552474,0.0027683591,0.0020734968,0.0019238192,0.0024524678,0.001453955,0.0022167577,0.0022486837,0.0021143751,0.0027415662,0.0023040893,0.002474262,0.0032213188,0.0031635452,0.001724473,0.003378508,0.006104108,0.0060693272,0.0038139285,0.008184441,0.019069668,0.008886739,0.01104268,0.050797928,0.04309834,0.025541302,0.013448572,0.014900195
0.48856613,0.00465344,0.001248566,0.013975218,0.05439662,0.09793162,0.019996082,0.046761174,0.030841827,0.032636695,0.13884796,0.058437325,0.09772192,0.033810608,0.030695464,0.02061356,0.023401607,0.013443778,0.014287178,0.005122424,0.005969557,0.0052192146,0.002788734,0.004090194,0.0025099586,0.003994013,0.00303484,0.0027165958,0.0021988081,0.0023810011,0.0017347098,0.0037349835,0.0030452802,0.0021789663,0.002285945,0.0023049803,0.0033917571,0.0022977479,0.0016913393,0.0017270821,0.0021951045,0.0022056408,0.0027904771,0.002006621,0.0020260669,0.002812154,0.0025454573,0.0021214213,0.0020647654,0.002497571,0.002858972,0.0018615643,0.0018693694,0.0021229743,0.0019301808,0.0016779788,0.0027097228,0.004569446,0.00540212,0.0026995135,0.0055265883,0.032636773,0.009579755,0.019285465,0.015624365,0.014961548,0.012204373,0.006804753,0.00880345
0.0071324417,0.17254876,0.013975218,0.0034584387,0.008068591,0.16820665,0.019919695,0.09811229,0.018687274,0.31461364,0.0128082875,0.07113839,0.032608006,0.07626056,0.008090163,0.041701987,0.008281324,0.01693054,0.0036600514,0.006455218,0.007866079,0.0036113863,0.003445248,0.0027357228,0.0038313826,0.0020400214,0.0019210543,0.0022631222,0.0017244682,0.0015199982,0.0026171745,0.0025260383,0.0032648412,0.002747864,0.002696906,0.0023886156,0.0022918165,0.003564839,0.0018187732,0.0023512018,0.001687721,0.0022915439,0.0034516153,0.001653318,0.0017069498,0.0020094584,0.0038081394,0.0026609823,0.0016327812,0.0027468526,0.0037485356,0.002210506,0.0017076259,0.0021109912,0.002382576,0.0018647291,0.0057030264,0.007903384,0.0051282425,0.0033190176,0.007212693,0.050901584,0.012944285,0.032699306,0.014394333,0.01817969,0.013925022,0.012032969,0.012364286
0.0011462283,0.00833905,0.05439662,0.008068591,0.0037590086,0.008205353,0.8793594,0.023439378,0.025147857,0.013196096,0.008494246,0.0082437545,0.0072689313,0.020855714,0.011524776,0.011391388,0.010809187,0.0160381,0.0063890475,0.020069486,0.0067652483,0.0042900224,0.0036868965,0.0036530853,0.0046766833,0.00791893,0.0022197436,0.003318128,0.004321894,0.0022131095,0.0018368213,0.0050419853,0.003584093,0.0046650716,0.005507119,0.004722249,0.0038389424,0.003286166,0.006251358,0.0026754641,0.003455201,0.003720853,0.0036452822,0.0019811937,0.0036621457,0.006654511,0.0022094976,0.0017805564,0.00213027,0.0032564204,0.0023491883,0.0021865643,0.0022614026,0.0026473447,0.0034161424,0.00192973,0.0033186215,0.003614955,0.005278869,0.006606424,0.005335451,0.009853475,0.022861628,0.013829634,0.02884014,0.025624366,0.023411691,0.01265692,0.014841315
0.026963426,0.0126924375,0.09793162,0.1682066,0.008205353,0.0014399559,0.012928314,0.37924883,0.040360276,0.034231827,0.011351831,0.024446698,0.016392412,0.022502854,0.010653737,0.013365342,0.0031602809,0.0045676357,0.008738632,0.0068374993,0.004556676,0.0037367318,0.00599533,0.00655371,0.0025794143,0.00612073,0.002855927,0.0033538658,0.0058916076,0.0038434349,0.0023127848,0.0026821154,0.0047689015,0.004997846,0.0028499567,0.0033846498,0.0049581644,0.0022276582,0.0040133605,0.0017593086,0.0018169122,0.004449987,0.00219398,0.0016342043,0.001688256,0.0033929565,0.0018435067,0.0017603474,0.0029068745,0.0019173357,0.0034094267,0.002368581,0.0027973864,0.0020997808,0.002674313,0.0021312027,0.0031492338,0.008126468,0.0041828593,0.0028032425,0.006147661,0.017913317,0.0070084035,0.011367661,0.09328272,0.008242227,0.033062737,0.018432606,0.017263783
0.011771145,0.01623523,0.019996082,0.019919695,0.8793594,0.012928314,0.0029959492,0.020729281,0.013397412,0.01255493,0.0031740419,0.0026999319,0.0040993765,0.010424662,0.0073629115,0.013197144,0.00730135,0.011705668,0.008799464,0.007815915,0.007985724,0.00401994,0.0044766194,0.0036494841,0.0045984667,0.0045388844,0.0022905902,0.003106079,0.005117775,0.0056068185,0.0026026517,0.0029792744,0.005318899,0.003369492,0.0058024107,0.0029392862,0.0044298056,0.0035172512,0.004745312,0.002243502,0.0043957555,0.004561199,0.004092236,0.002056018,0.0041539767,0.0038576662,0.0017213697,0.0019613777,0.002920349,0.0027774388,0.0026163606,0.0021873135,0.0035497453,0.0044491463,0.004908151,0.0035792615,0.0028696856,0.005164751,0.008494636,0.018652396,0.006494091,0.012048205,0.016450569,0.029014336,0.011907513,0.020842334,0.02267529,0.006661585,0.011117494
0.015385988,0.031590234,0.046761174,0.09811229,0.023439378,0.37924883,0.020729281,0.034686007,0.029168291,0.054615546,0.008206619,0.017116666,0.0029715989,0.0030715987,0.0021919727,0.0065731453,0.0142421005,0.0032172045,0.0051765,0.0040765367,0.004284382,0.00397728,0.0048708715,0.003039725,0.0036075292,0.00543114,0.004140937,0.002707062,0.0045020883,0.0057339803,0.002141818,0.0058424696,0.007975215,0.006516322,0.003724866,0.005659468,0.004652519,0.00362666,0.0033905902,0.0028984807,0.0041702306,0.003295699,0.0028888884,0.0027887512,0.0032883298,0.0037843895,0.0016223406,0.0021784708,0.004577854,0.0027457282,0.0024578855,0.0027390579,0.0029284968,0.0034500344,0.0036766203,0.0028198117,0.0038118677,0.005404913,0.010231717,0.004319886,0.0038862517,0.015009812,0.013612574,0.010922188,0.010370173,0.0059012314,0.02476237,0.0066965227,0.0067729293
0.047745574,0.023786783,0.030841827,0.018687274,0.025147857,0.040360276,0.013397405,0.029168291,0.012439527,0.006974246,0.15385099,0.003600832,0.0022614237,0.0020074465,0.00078986643,0.0017979848,0.0023983936,0.0024513972,0.009354895,0.003329109,0.005425564,0.009578479,0.006735285,0.0077039837,0.004728598,0.0033354422,0.008297576,0.008157394,0.008443079,0.0057558212,0.006431639,0.0072574476,0.0052099954,0.0083674425,0.0061508403,0.005996483,0.0077768853,0.009027306,0.004776906,0.0041250805,0.0052415463,0.0033890728,0.0032869126,0.0035885863,0.00417339,0.004592989,0.002422084,0.00525022,0.0065590334,0.0037772683,0.0024062856,0.0029478413,0.0041813683,0.003354038,0.005132993,0.004093058,0.0043429136,0.0069349427,0.011276053,0.0053822515,0.005021934,0.011497527,0.012189975,0.008816403,0.0067206393,0.006752485,0.0072292215,0.0043102265,0.005220581
0.0706648,0.49126747,0.032636706,0.31461352,0.013196096,0.034231827,0.01255493,0.054615546,0.006974246,0.003972066,0.0054891263,0.691585,0.002301219,0.016985908,0.0014959167,0.0025390994,0.0034690797,0.005233603,0.005471139,0.0046975827,0.00899228,0.0047165314,0.0049809604,0.002320218,0.007214018,0.0047088214,0.0038759103,0.0037685186,0.01240911,0.0075337663,0.0023091107,0.0030529902,0.005271351,0.0039582187,0.002825148,0.0027308615,0.0058283308,0.0023550808,0.0035670109,0.0024539419,0.003065857,0.0038752053,0.002915736,0.0016436207,0.0036442447,0.004590886,0.0024813998,0.0020709035,0.0024608101,0.0021866707,0.002956089,0.002261497,0.002081426,0.0028393,0.0034227984,0.0017567246,0.0030503047,0.0066431765,0.00487511,0.0029967227,0.003900506,0.022223346,0.006600221,0.011933427,0.024254251,0.0065386547,0.014254329,0.00926164,0.009363242
0.15552752,0.022733906,0.13884796,0.0128082875,0.008494246,0.011351831,0.0031740419,0.008206619,0.15385099,0.0054891263,0.32900178,0.013791694,0.45515022,0.0088666305,0.0032173635,0.007345761,0.005030597,0.0042882203,0.006175851,0.0055258544,0.0073092347,0.0072679026,0.0067818807,0.0058345785,0.0030546363,0.0046964195,0.007159066,0.004127234,0.0030812086,0.0040156543,0.006473946,0.0059206737,0.005741687,0.005018766,0.0044050706,0.0042463182,0.0055091563,0.0034626124,0.001976534,0.0034934594,0.0033728066,0.0028937962,0.003954014,0.005402417,0.0035254227,0.003545447,0.0022482974,0.0061746393,0.0028529235,0.0018223893,0.0023011216,0.0028243258,0.0030360622,0.0038216652,0.0036010458,0.002456081,0.0065786033,0.007664548,0.005772951,0.003141169,0.0064636245,0.00615998,0.0045982874,0.0045149806,0.0043430002,0.004473605,0.0039251703,0.0042360947,0.004051093
0.043042712,0.37936503,0.058437325,0.07113839,0.0082437545,0.024446698,0.0026999319,0.017116666,0.003600832,0.691585,0.013791694,0.0020653903,0.007865941,0.30406186,0.0053634616,0.009927763,0.003540622,0.013539132,0.010080214,0.005033651,0.0066171885,0.0034827292,0.0043629017,0.0025212492,0.0073357117,0.007615676,0.003346649,0.002451873,0.00676395,0.004276011,0.0028731797,0.002528725,0.0036517614,0.0052223443,0.003676872,0.007239314,0.0033274752,0.0037874542,0.0027068935,0.0038451497,0.0028499025,0.0022669458,0.0037421677,0.0029294423,0.0023018068,0.003242975,0.0018253897,0.0024773462,0.002263496,0.0024819109,0.0035377936,0.0020885845,0.0019099033,0.0020803893,0.0039999112,0.0033825305,0.0030883586,0.01016176,0.006423996,0.003701922,0.0034065424,0.012246985,0.012569143,0.009542524,0.012441618,0.0048815617,0.01157697,0.0049736793,0.0049181264
0.027014727,0.007891021,0.09772192,0.032608006,0.0072689313,0.01639242,0.0040993765,0.0029715989,0.0022614237,0.0023012178,0.45515022,0.007865941,0.06636651,0.005666355,0.37266326,0.013323675,0.040079296,0.011786721,0.10643722,0.013514483,0.006890124,0.018249813,0.0055360417,0.008551415,0.005248903,0.0042295526,0.010827356,0.0077599594,0.005455923,0.007616902,0.0057222536,0.003683507,0.0042925975,0.0038960655,0.004077906,0.0026257345,0.0039435374,0.0025300304,0.0027013882,0.0028856487,0.0032552425,0.0023263576,0.004184761,0.0026244335,0.0028451222,0.0023011884,0.0021063234,0.0033418266,0.0021197938,0.0018625177,0.0031213376,0.00178689,0.0028039478,0.0042160526,0.0025115088,0.00304451,0.0037484379,0.009257388,0.006925672,0.003075197,0.004077513,0.0049124286,0.0035131304,0.0032550257,0.003614318,0.004452273,0.004822602,0.012373228,0.0042636245
0.025277471,0.10176599,0.033810608,0.07626056,0.02085571,0.022502854,0.010424658,0.0030715987,0.0020074465,0.016985899,0.0088666305,0.30406186,0.005666355,0.000986269,0.0062061665,0.18841445,0.0033421824,0.0071474905,0.015374045,0.01010305,0.0078107878,0.0057877735,0.01167721,0.005142479,0.0062522027,0.006880945,0.005206514,0.0048444485,0.0073609077,0.0042063682,0.003444966,0.0040052,0.004604368,0.003814275,0.003973006,0.004219733,0.003827588,0.003089159,0.0038231285,0.0047991234,0.0025060542,0.0033061015,0.0042170035,0.0033950454,0.0024563696,0.0031897025,0.0027420851,0.002534365,0.0035913647,0.004390714,0.0050524347,0.0020265297,0.0031928304,0.0028400642,0.0036652633,0.0027086327,0.006132239,0.00993609,0.0040595033,0.0044257613,0.0050575864,0.020187827,0.0060330965,0.0042320355,0.0073531047,0.0060294257,0.0059638806,0.0040092077,0.0059140422
0.021525664,0.010337409,0.030695459,0.008090163,0.011524776,0.010653737,0.0073629115,0.0021919727,0.00078986643,0.0014959167,0.0032173635,0.0053634616,0.37266326,0.0062061665,0.010997606,0.018686078,0.5311296,0.028266564,0.23239969,0.073364526,0.018681854,0.07281262,0.0112467455,0.009454077,0.007385599,0.012286682,0.010133146,0.005872616,0.007928244,0.007190019,0.0047539272,0.00490424,0.0050074607,0.004309754,0.004191013,0.0059206933,0.0038025575,0.0031177877,0.0032133318,0.002861134,0.0026959737,0.0043128016,0.0034755673,0.0025310619,0.0024002015,0.0035069012,0.0018724317,0.003103207,0.0035155704,0.002128825,0.0020075124,0.0022390299,0.0027082195,0.0035372456,0.002301647,0.0023894578,0.0035654774,0.0033658894,0.0042127827,0.0023319921,0.0037008864,0.0045096,0.004907487,0.004398551,0.0034370078,0.0036472501,0.0070847156,0.0041660583,0.005576833
0.009293148,0.026061725,0.02061356,0.041701987,0.011391382,0.013365342,0.013197144,0.0065731453,0.0017979848,0.0025390994,0.007345761,0.009927763,0.013323675,0.18841442,0.018686082,0.0008895823,0.015611271,0.103820585,0.026058177,0.036570583,0.06893509,0.013992029,0.010274273,0.010778155,0.01014131,0.009329988,0.010393958,0.00450448,0.004514224,0.006567226,0.012845147,0.0029902405,0.0029529624,0.00439981,0.0052926685,0.0035834832,0.005755098,0.0031121785,0.004115056,0.0043674735,0.0035454303,0.0031615172,0.0038925477,0.002606426,0.0018943056,0.0032422969,0.0032911894,0.0018198384,0.00261267,0.0024411771,0.0020662998,0.0024430265,0.0020582664,0.0045170365,0.003984521,0.0038336692,0.006304959,0.00778746,0.0031088043,0.0048979535,0.0050491905,0.0032548218,0.002489474,0.0053956746,0.004742629,0.0054504373,0.0044544023,0.009397818,0.004634797
0.013621907,0.009284947,0.023401607,0.008281324,0.010809187,0.0031602809,0.00730135,0.0142421005,0.0023983936,0.0034690797,0.005030597,0.003540622,0.040079303,0.0033421824,0.5311296,0.015611271,0.087798886,0.014512878,0.41724077,0.12266197,0.06757362,0.21311434,0.019273518,0.011697551,0.00753048,0.014321068,0.019197077,0.0038123205,0.003425304,0.0059569026,0.0043572653,0.004537958,0.0056286473,0.004843345,0.0036368798,0.0036332256,0.0034047347,0.0031570198,0.0038246003,0.003246652,0.003949483,0.0026359602,0.002807645,0.0024713709,0.0030352946,0.002418821,0.0018333041,0.0021270146,0.0023178065,0.0020769294,0.0031590222,0.0026488537,0.0022306533,0.0024984062,0.0024241046,0.0020334232,0.0030074166,0.0027731273,0.004108659,0.002814408,0.002604332,0.0043636,0.0039811297,0.0048662326,0.003141496,0.0029942577,0.004900306,0.0028706482,0.0036087295
0.0073952507,0.013601892,0.013443778,0.01693054,0.016038092,0.0045676357,0.011705668,0.0032172045,0.0024513972,0.005233603,0.0042882203,0.013539132,0.011786721,0.0071474905,0.028266564,0.10382061,0.014512878,0.00081023056,0.01733718,0.24726872,0.17419863,0.06321335,0.03993673,0.0166373,0.020415533,0.038292542,0.02220389,0.003992633,0.0056558577,0.0099370275,0.0045515224,0.003183792,0.004373165,0.0037834533,0.0044661406,0.0023464283,0.0045695375,0.0021453144,0.0071763145,0.0043522515,0.0023468628,0.0032663578,0.00260627,0.0027491304,0.0022486236,0.0022343593,0.0042636283,0.0021100924,0.0016235884,0.0026282107,0.002532761,0.0023629533,0.0022847056,0.004331255,0.0052459086,0.0023466975,0.012701092,0.0025096175,0.0021459493,0.0034984995,0.003217732,0.0051461686,0.0021465304,0.003535804,0.002591688,0.021018352,0.0051066866,0.006828432,0.005466212
0.012924421,0.0057537914,0.014287184,0.0036600514,0.0063890475,0.008738632,0.008799464,0.0051765,0.009354895,0.005471139,0.006175851,0.010080214,0.10643722,0.015374045,0.23239979,0.026058182,0.41724065,0.01733718,0.0016442108,0.00213086,0.026638618,0.11468784,0.013654164,0.020349149,0.0066072256,0.012966908,0.07093812,0.0065569337,0.0073498017,0.010572993,0.0070196018,0.010217683,0.006245283,0.004200771,0.003890252,0.005519124,0.0045274794,0.007025833,0.0032199917,0.0030505166,0.0026245457,0.0036236527,0.0025349557,0.0027693321,0.0034040955,0.005119477,0.0025288837,0.0022095186,0.002411067,0.0026280119,0.0024696458,0.003055983,0.002116505,0.0027982246,0.0017508559,0.00262422,0.0032167244,0.004052738,0.002460596,0.0020915999,0.003165407,0.0038266864,0.0029879028,0.004685445,0.0026162558,0.0036035653,0.003517637,0.0047286744,0.0054640095
0.006470196,0.0073387995,0.005122424,0.006455218,0.020069486,0.0068374993,0.007815915,0.0040765367,0.0033291073,0.0046975827,0.0055258544,0.005033651,0.013514483,0.01010305,0.073364526,0.036570583,0.12266197,0.24726872,0.002130862,0.012559378,0.008479055,0.060718194,0.05944584,0.022121044,0.015824614,0.056929518,0.030374145,0.015865257,0.009271823,0.013094623,0.006152771,0.0032164264,0.006838341,0.004507445,0.0070808325,0.004026232,0.00381215,0.003944766,0.0042771115,0.0032163146,0.0033180395,0.0025009722,0.0032187842,0.0027884382,0.002248627,0.0020826864,0.003532754,0.0028157546,0.0018311972,0.0027945973,0.005514713,0.0036426387,0.001456303,0.0043341266,0.002815365,0.0024916823,0.0041549215,0.002554318,0.0029025655,0.0020687564,0.0034406127,0.004157489,0.0020798133,0.0039342055,0.005055405,0.005316142,0.0042408057,0.003731798,0.005840105
0.0062893927,0.0057978933,0.005969557,0.007866079,0.0067652483,0.004556676,0.007985724,0.004284382,0.005425564,0.00899228,0.007309238,0.0066171885,0.0068901274,0.0078107878,0.018681858,0.0689351,0.06757362,0.17419863,0.026638625,0.008479055,0.0019285493,0.01667886,0.08700891,0.031946983,0.0062205647,0.043762844,0.043597527,0.006568417,0.0069602514,0.022767965,0.0106039345,0.005883056,0.0035500186,0.004475162,0.010062566,0.0039887833,0.0034774821,0.0035880646,0.0045739617,0.0053524277,0.0027996623,0.003702483,0.003754804,0.003895733,0.001919678,0.0030415575,0.003960987,0.0037849648,0.0025041467,0.0022259038,0.0029646533,0.0042629056,0.0020733648,0.0038869479,0.0034045745,0.0027565341,0.004435289,0.0027708246,0.0022343611,0.002099697,0.007952201,0.0024779863,0.0028150184,0.005503587,0.0033440858,0.005203835,0.003729255,0.006483974,0.007199825
0.007110213,0.0033382298,0.0052192146,0.0036113863,0.0042900224,0.0037367318,0.00401994,0.0039772815,0.009578484,0.0047165314,0.0072679026,0.0034827292,0.018249817,0.0057877763,0.07281262,0.013992029,0.21311438,0.06321335,0.11468787,0.06071821,0.01667886,0.0066647716,0.0056275884,0.15368888,0.004729121,0.0120626185,0.8686189,0.018897073,0.0056955903,0.026545862,0.019074144,0.012381312,0.0036038978,0.0037477575,0.0065830387,0.00345821,0.00261567,0.0032441267,0.0048176586,0.0039733094,0.004954322,0.0032827598,0.003876836,0.0030146756,0.002360378,0.0033451999,0.0032972533,0.0025182145,0.0018698481,0.0029009804,0.0037747982,0.0028545328,0.0019803038,0.0028939946,0.0029953101,0.0019075178,0.0024974549,0.0028076542,0.0039753444,0.0026422837,0.002456239,0.0027377126,0.0027938308,0.0033268551,0.002710679,0.0036122582,0.0034248712,0.0020672884,0.0027497278
0.0034828347,0.0046666465,0.002788734,0.003445248,0.0036868965,0.00599533,0.0044766194,0.0048708715,0.006735285,0.0049809604,0.0067818807,0.0043629017,0.0055360417,0.01167721,0.011246751,0.010274279,0.019273518,0.03993673,0.013654164,0.05944584,0.08700891,0.0056275884,0.00062426383,0.040762078,0.07471059,0.32523397,0.083828256,0.025505252,0.006744255,0.034819685,0.016437303,0.0038533956,0.012158001,0.01570985,0.0064983624,0.003390518,0.0031547842,0.0046003135,0.008555356,0.005870315,0.011447737,0.0038561893,0.005815106,0.004674604,0.001950926,0.004144157,0.00417518,0.0026500935,0.0025898004,0.0021835847,0.0019259866,0.0027426095,0.0024839658,0.0053283093,0.0040123984,0.002822834,0.0046744356,0.0018954563,0.002334394,0.0027620266,0.0046520224,0.0029053753,0.0029956729,0.0026249115,0.0025956007,0.0030181545,0.0033132113,0.0050081857,0.0077762743
0.0048678587,0.0048537627,0.0040901965,0.0027357228,0.0036530853,0.00655371,0.0036494841,0.003039725,0.0077039837,0.002320218,0.0058345785,0.0025212492,0.008551415,0.005142479,0.009454077,0.01077816,0.011697556,0.0166373,0.020349154,0.022121044,0.031946983,0.15368888,0.040762078,0.0026230947,0.024081329,0.0077725966,0.27314097,0.1370264,0.018217996,0.011564362,0.037865654,0.008674267,0.008569144,0.005328772,0.006413729,0.009918961,0.005243739,0.001996804,0.008227996,0.004890924,0.002912526,0.0050859884,0.008049566,0.0042412668,0.0023854738,0.0042464333,0.0041223373,0.0037460716,0.0025909708,0.0038421606,0.004968177,0.0058845324,0.002370008,0.0066842427,0.0043428848,0.0027208664,0.005074805,0.002463893,0.0032004504,0.003116755,0.0038250452,0.003371281,0.0028800701,0.003984945,0.002578524,0.0032376063,0.0026276745,0.0022946815,0.0035252254
0.0054305317,0.006257404,0.0025099586,0.0038313826,0.0046766833,0.0025794143,0.0045984667,0.0036075292,0.0047286,0.007214018,0.0030546363,0.0073357117,0.005248903,0.0062522027,0.007385599,0.01014131,0.00753048,0.020415533,0.0066072224,0.015824614,0.0062205647,0.004729121,0.07471059,0.024081329,0.0007326919,0.013270285,0.008317891,0.39039707,0.13781324,0.015912924,0.013073294,0.01562975,0.0113552455,0.010398556,0.014441702,0.0026220023,0.0066548325,0.009315274,0.019819632,0.010208443,0.005547423,0.0099541135,0.0057646716,0.006126392,0.0031362488,0.004770683,0.003211782,0.0037505855,0.002702497,0.0029508362,0.0026089214,0.0030510474,0.0028632486,0.00436057,0.005117309,0.0025780592,0.003601354,0.0024766687,0.0028065876,0.004508853,0.003300056,0.0038149161,0.0031847928,0.008017821,0.0041498384,0.0040450064,0.0044748415,0.006084145,0.006108606
0.006581309,0.005316001,0.003994013,0.0020400214,0.00791893,0.00612073,0.0045388844,0.0054311426,0.0033354438,0.0047088214,0.0046964195,0.0076156794,0.0042295544,0.006880948,0.012286687,0.009329988,0.014321068,0.03829255,0.012966908,0.056929518,0.043762844,0.0120626185,0.32523385,0.007772593,0.013270285,0.00060788734,0.009394174,0.006357251,0.15397331,0.14219227,0.024028234,0.005081198,0.007308712,0.011866721,0.0055473913,0.006313934,0.0021460576,0.006008683,0.007810299,0.0062979874,0.0037066436,0.0036235375,0.005965246,0.0034277858,0.004789438,0.007136802,0.004858355,0.0024067424,0.003917413,0.003221584,0.0047130403,0.002657134,0.0018998184,0.004589753,0.0033104839,0.003045202,0.0034827273,0.0035410374,0.0031494224,0.0026460523,0.004282643,0.003728235,0.0035698463,0.002167596,0.0053769196,0.003703595,0.0047156923,0.0035702444,0.0052642366
0.0032081737,0.0025405323,0.00303484,0.0019210543,0.0022197436,0.002855927,0.0022905902,0.004140937,0.008297576,0.0038759103,0.007159066,0.0033466504,0.010827356,0.005206514,0.010133143,0.010393958,0.019197082,0.022203894,0.07093813,0.030374134,0.043597516,0.8686189,0.08382824,0.27314097,0.008317891,0.00939417,0.004558889,0.019259335,0.0020372819,0.06105492,0.23041566,0.0023977172,0.0040794397,0.0047576195,0.0021356875,0.008510015,0.0061283195,0.008375494,0.003237674,0.00882648,0.006393865,0.004396797,0.003060724,0.0026276957,0.0034051114,0.004299241,0.0034430725,0.0032756748,0.00398147,0.0033249443,0.0036930249,0.0033391027,0.0033665216,0.003425742,0.0043752184,0.0024220115,0.0028754426,0.0024703848,0.0032390147,0.0021237736,0.003109718,0.003079788,0.0026998958,0.0036283024,0.002991991,0.0057530934,0.0025808746,0.0029606349,0.003464862
0.0024001398,0.00243222,0.0027165958,0.0022631222,0.003318128,0.0033538658,0.003106079,0.002707062,0.008157394,0.0037685186,0.004127234,0.002451873,0.007759964,0.0048444485,0.005872616,0.00450448,0.0038123205,0.003992633,0.0065569337,0.015865257,0.006568417,0.018897073,0.02550525,0.1370264,0.39039707,0.006357251,0.019259335,0.0013532605,0.021085735,0.0038365878,0.4655697,0.24190089,0.021263918,0.021565976,0.02024638,0.023468915,0.016444882,0.006225675,0.0013132204,0.0181506,0.0076722214,0.005086968,0.003174662,0.010130994,0.005303195,0.00632742,0.0036093313,0.004339478,0.0035381233,0.0029518013,0.004142963,0.0045464872,0.0022923234,0.0043555507,0.004244226,0.0019209353,0.0044688485,0.0026633446,0.0033561732,0.0024795202,0.0024860506,0.0025786245,0.0028102614,0.0030757484,0.0039245826,0.0038479595,0.0026136804,0.005577661,0.004753352
0.002745223,0.003900684,0.0021988081,0.0017244682,0.004321894,0.0058916076,0.005117775,0.0045020883,0.008443079,0.01240911,0.0030812086,0.006763953,0.005455925,0.0073609077,0.007928244,0.004514226,0.003425304,0.0056558577,0.0073498017,0.009271823,0.0069602514,0.005695588,0.006744251,0.018217996,0.13781324,0.15397334,0.0020372819,0.021085735,0.001292559,0.029951885,0.01929231,0.0730554,0.19777812,0.016355732,0.03404208,0.0070998697,0.017017473,0.023620082,0.012220617,0.0038175138,0.012504552,0.0057226503,0.0029648931,0.0045770197,0.0046801297,0.003931482,0.0025685595,0.006942319,0.0035851093,0.0040002516,0.0026509834,0.0023306846,0.0020564094,0.002802314,0.0061432896,0.0030068206,0.0020862133,0.0032172992,0.0035963664,0.003909736,0.0032391795,0.00262693,0.004704698,0.00500562,0.0052285464,0.0032603475,0.004092743,0.004928407,0.004963818
0.0035817893,0.004704944,0.0023810011,0.0015199982,0.0022131095,0.0038434349,0.0056068185,0.0057339803,0.0057558212,0.0075337663,0.0040156543,0.004276011,0.007616902,0.0042063682,0.007190019,0.006567226,0.0059569026,0.0099370275,0.010572993,0.013094623,0.02276797,0.026545862,0.034819685,0.011564362,0.015912924,0.14219227,0.06105492,0.0038365878,0.029951893,0.00075213227,0.0090312315,0.0023878454,0.06593762,0.14267243,0.038099155,0.008596524,0.019274026,0.005698157,0.014852141,0.009825578,0.0070044957,0.006774177,0.009455514,0.00512422,0.0054116715,0.006851081,0.004175305,0.004494672,0.0023022648,0.0029516977,0.0033112231,0.00347352,0.0023588839,0.0039962716,0.0035699916,0.0019926005,0.0029092513,0.0035432253,0.0033537003,0.0018022319,0.0024410028,0.0037011113,0.0063530384,0.0029945269,0.005160125,0.003190003,0.0047730044,0.0031552508,0.0036916025
0.001980873,0.0022850437,0.0017347108,0.0026171757,0.0018368213,0.002312786,0.0026026517,0.002141818,0.006431639,0.0023091107,0.006473946,0.002873181,0.0057222536,0.0034449678,0.0047539272,0.012845154,0.0043572653,0.0045515224,0.0070196018,0.006152771,0.0106039345,0.019074144,0.016437303,0.037865654,0.013073294,0.024028234,0.23041566,0.4655697,0.019292306,0.0090312315,0.0016107337,0.046280354,0.033287626,0.3633776,0.12823883,0.050636336,0.01663024,0.007194473,0.011859976,0.014095862,0.009647674,0.004998199,0.0034439298,0.0059000226,0.0038177494,0.0048026936,0.0051450683,0.0031360579,0.0040824725,0.0025164867,0.003466056,0.0032784985,0.0025280553,0.0034316124,0.0036509912,0.0025894605,0.0034285092,0.0023787187,0.003059397,0.003210581,0.0034876661,0.0017394355,0.0022883422,0.0023054485,0.0019693344,0.003091818,0.0019773778,0.0037093936,0.003528384
0.0041037276,0.0031911936,0.0037349835,0.0025260383,0.0050419853,0.0026821154,0.0029792744,0.0058424696,0.0072574476,0.0030529902,0.0059206737,0.002528725,0.003683507,0.0040052,0.00490424,0.0029902405,0.004537958,0.003183792,0.010217683,0.0032164278,0.005883056,0.012381312,0.0038533956,0.008674264,0.01562975,0.005081198,0.0023977184,0.24190089,0.0730554,0.0023878454,0.046280347,0.004160598,0.063075736,0.01071852,0.16453102,0.39544648,0.02179049,0.03403382,0.018464193,0.016811715,0.025323195,0.0120704565,0.005977856,0.015811868,0.009347073,0.0052546673,0.004229476,0.006087214,0.0043408317,0.002645452,0.0020987322,0.0038133129,0.0030041772,0.0027197355,0.003598448,0.002163794,0.003109381,0.0018530365,0.002880088,0.0022826751,0.0030131538,0.0018252243,0.0031891705,0.0033569455,0.002904004,0.0041902126,0.003570674,0.006135923,0.004398467
0.017755575,0.003202205,0.0030452802,0.0032648412,0.003584093,0.0047689015,0.0053188964,0.007975215,0.0052099954,0.005271351,0.005741687,0.0036517614,0.0042925975,0.004604368,0.0050074607,0.0029529624,0.0056286473,0.004373165,0.0062452797,0.006838341,0.0035500186,0.0036038978,0.012158001,0.00856914,0.0113552455,0.007308712,0.0040794397,0.021263918,0.19777817,0.06593761,0.033287626,0.063075736,0.0035367634,0.013913051,0.01304662,0.049117394,0.013581333,0.011718804,0.005636946,0.004832186,0.017162144,0.02748637,0.008320907,0.009916306,0.022400284,0.006916708,0.0037412718,0.0040353304,0.0038993536,0.003190928,0.0033453335,0.0038557646,0.0019494884,0.0032144564,0.0035089161,0.0023293486,0.0033292149,0.0028178054,0.0036775912,0.0026094315,0.002730681,0.0027041938,0.0044203587,0.0043175817,0.0042442544,0.003039404,0.0035560117,0.0048674704,0.007607468
0.0026491901,0.0035222247,0.0021789663,0.002747864,0.0046650716,0.004997846,0.003369492,0.006516322,0.0083674425,0.0039582187,0.005018766,0.0052223443,0.0038960655,0.003814275,0.004309754,0.00439981,0.004843345,0.0037834533,0.004200771,0.004507445,0.004475162,0.0037477575,0.01570985,0.005328772,0.010398556,0.011866721,0.0047576195,0.021565976,0.016355732,0.14267243,0.3633776,0.01071852,0.013913051,0.0029636938,0.008095717,0.01936562,0.03162056,0.018688364,0.018411826,0.04007362,0.057356913,0.009317945,0.008998087,0.02092592,0.026504219,0.0053641023,0.0033638887,0.007867054,0.006834317,0.0021815235,0.004104864,0.0043024835,0.0034521695,0.0027261374,0.004500742,0.0032901822,0.002344217,0.0023374567,0.004461292,0.0021925399,0.0021357648,0.0027031666,0.0037008,0.0040349355,0.0034518517,0.0026046443,0.0037673337,0.0033636442,0.003826895
0.003733871,0.003375056,0.002285945,0.002696906,0.005507119,0.0028499567,0.0058024107,0.003724866,0.0061508403,0.002825148,0.0044050706,0.003676872,0.0040779077,0.003973007,0.004191013,0.0052926685,0.0036368798,0.0044661406,0.003890252,0.0070808325,0.010062566,0.0065830387,0.0064983624,0.006413729,0.014441709,0.0055473913,0.0021356875,0.020246383,0.03404208,0.038099162,0.12823878,0.16453102,0.01304662,0.008095717,0.0016519781,0.0477642,0.011115192,0.038677976,0.023928212,0.027615843,0.022518791,0.016345669,0.005784076,0.023377137,0.010523548,0.008116082,0.003941517,0.009495462,0.0066334386,0.0025003261,0.003266861,0.0043596737,0.002310969,0.0039462033,0.004092819,0.0021356682,0.0035815309,0.0027644916,0.0026365058,0.0043151467,0.004111624,0.0021008672,0.0029788653,0.003749006,0.0041617244,0.005698159,0.0036929776,0.0041089575,0.004671435
0.0037545022,0.0023452064,0.0023049803,0.0023886156,0.004722249,0.0033846498,0.0029392862,0.005659468,0.005996483,0.002730863,0.0042463182,0.007239314,0.0026257345,0.004219733,0.0059206933,0.003583485,0.0036332256,0.0023464283,0.005519124,0.004026233,0.003988785,0.00345821,0.003390518,0.009918965,0.0026220032,0.006313934,0.008510015,0.023468917,0.0070998697,0.008596524,0.050636336,0.39544648,0.049117394,0.01936562,0.0477642,0.0040959595,0.024496838,0.026453126,0.020925988,0.07418981,0.03545733,0.038891114,0.011393923,0.046726447,0.012922376,0.004432742,0.0054649166,0.009182954,0.004775127,0.0027084781,0.0030950354,0.0049871914,0.0026530607,0.0027630723,0.006332633,0.0014802684,0.002654973,0.0019822782,0.0028979063,0.0034156265,0.004140288,0.00245802,0.0023407794,0.0035081462,0.0056870314,0.003396564,0.0024148398,0.0066843037,0.0072931354
0.003544374,0.0023908108,0.0033917571,0.0022918165,0.0038389424,0.0049581644,0.004429803,0.004652519,0.0077768853,0.0058283308,0.0055091563,0.0033274752,0.0039435388,0.0038275898,0.0038025593,0.005755098,0.003404736,0.0045695375,0.0045274794,0.003812152,0.0034774821,0.0026156686,0.0031547842,0.005243739,0.0066548325,0.0021460576,0.0061283195,0.016444892,0.017017473,0.019274026,0.01663024,0.021790495,0.013581333,0.031620562,0.011115192,0.024496835,0.0020282778,0.014492365,0.013899327,0.05019188,0.10032641,0.038876068,0.008471662,0.022594076,0.049678218,0.008603318,0.0054171896,0.0065808124,0.010802687,0.0064422395,0.007182266,0.0059203925,0.0029912444,0.0032692836,0.0065713082,0.003872114,0.0035219756,0.0036135798,0.0059449817,0.0035724624,0.0019883313,0.0034047007,0.005914188,0.004189379,0.0041916836,0.004072812,0.0034294068,0.0048335255,0.0038363612
0.0027744002,0.0032002754,0.0022977479,0.003564839,0.0032861643,0.0022276582,0.0035172512,0.00362666,0.009027306,0.0023550796,0.0034626124,0.0037874542,0.0025300316,0.003089159,0.0031177877,0.0031121785,0.0031570198,0.0021453144,0.007025833,0.003944766,0.0035880646,0.0032441253,0.0046003135,0.0019968029,0.009315274,0.006008683,0.008375494,0.006225675,0.023620082,0.005698157,0.007194473,0.034033813,0.011718804,0.018688364,0.038677976,0.026453124,0.014492365,0.0015875712,0.009759523,0.05434815,0.44925386,0.14170942,0.022878367,0.036957473,0.05902372,0.010460035,0.005797508,0.016193647,0.010743689,0.004195945,0.0046603293,0.0036379034,0.0033080645,0.003080441,0.0040197494,0.0036192117,0.0025068696,0.002696457,0.005236429,0.004411217,0.0023596552,0.0020282008,0.0047992007,0.004817231,0.009553234,0.00779435,0.0035615254,0.0044962447,0.0046026832
0.0036248786,0.0022091432,0.0016913393,0.0018187732,0.006251361,0.0040133605,0.004745312,0.003390592,0.004776906,0.0035670109,0.001976534,0.0027068935,0.0027013894,0.0038231285,0.0032133318,0.0041150576,0.0038246003,0.0071763145,0.0032199917,0.004277114,0.0045739617,0.0048176586,0.008555356,0.008227996,0.019819632,0.007810299,0.003237674,0.0013132204,0.012220617,0.014852141,0.011859976,0.0184642,0.005636946,0.018411826,0.023928221,0.020925999,0.013899327,0.009759523,0.00072693214,0.004402936,0.027708339,0.85334754,0.2029593,0.06724914,0.020538649,0.02725061,0.017146202,0.00528408,0.0023594485,0.0075888494,0.0061237677,0.0057676816,0.0022118147,0.004313209,0.002430812,0.0028217821,0.0043239756,0.0022725998,0.0029740864,0.0052008936,0.0041387253,0.0023624438,0.004938611,0.0063436837,0.004740678,0.0055602114,0.0043739933,0.00775371,0.005548333
0.0029747211,0.0025461803,0.0017270821,0.0023512018,0.0026754641,0.0017593086,0.002243502,0.0028984807,0.0041250824,0.0024539419,0.0034934594,0.0038451515,0.0028856487,0.0047991234,0.002861134,0.0043674735,0.003246652,0.0043522515,0.0030505166,0.0032163146,0.0053524277,0.0039733094,0.005870315,0.004890924,0.010208443,0.0062979874,0.00882648,0.018150605,0.0038175138,0.009825578,0.014095862,0.016811715,0.004832186,0.04007362,0.027615843,0.0741898,0.05019188,0.05434815,0.004402936,0.0015472621,0.118890725,0.017890522,0.39896843,0.5583955,0.030256175,0.011163478,0.0076221847,0.010388162,0.005358051,0.0027701235,0.004080009,0.0042894543,0.0028185009,0.0033558954,0.0024567437,0.0024028919,0.004892516,0.002602294,0.0032730773,0.0028835423,0.0066814898,0.002157693,0.004013584,0.003134155,0.0045187604,0.0059317076,0.0040518506,0.0040328894,0.00578171
0.002040171,0.0021986836,0.0021951045,0.001687721,0.003455201,0.0018169122,0.0043957555,0.0041702306,0.0052415463,0.003065857,0.0033728085,0.0028499025,0.0032552425,0.0025060542,0.0026959737,0.0035454303,0.003949483,0.0023468628,0.0026245457,0.0033180395,0.0027996623,0.004954322,0.011447732,0.0029125244,0.005547423,0.0037066436,0.006393865,0.0076722214,0.012504552,0.0070044957,0.009647674,0.025323188,0.017162144,0.057356898,0.022518791,0.035457324,0.10032641,0.44925386,0.027708339,0.118890725,0.0024579898,0.0065747835,0.00486982,0.07074547,0.61478025,0.0025199195,0.002208848,0.0028995534,0.0022929998,0.003348238,0.0007571504,0.0031046518,0.0055844225,0.0055383127,0.0052187364,0.008185777,0.004367426,0.0035584623,0.0053181094,0.006776779,0.0036141255,0.0035335515,0.010264779,0.0044840574,0.0061389273,0.008163126,0.004788511,0.00728857,0.006005579
0.0042185276,0.0025552462,0.0022056408,0.0022915439,0.003720853,0.004449987,0.004561199,0.003295699,0.0033890728,0.0038752053,0.0028937962,0.0022669458,0.0023263576,0.0033061015,0.0043128016,0.0031615172,0.0026359602,0.0032663578,0.0036236527,0.0025009722,0.003702483,0.0032827582,0.0038561893,0.005085986,0.00995411,0.0036235375,0.004396797,0.005086968,0.0057226503,0.006774174,0.004998199,0.0120704565,0.027486365,0.009317945,0.016345669,0.038891114,0.038876068,0.14170939,0.85334754,0.017890522,0.0065747835,0.00076140783,0.014143016,0.023044037,0.036114987,0.025857983,0.010236894,0.003177325,0.0005414096,0.006624238,0.0028979268,0.00553727,0.0027229516,0.0062723183,0.0028724475,0.027496029,0.004696207,0.0029787235,0.0037971816,0.006629719,0.0024332022,0.006848109,0.030383214,0.010829757,0.014174318,0.0064034183,0.004507909,0.0066007776,0.006003963
0.0035881924,0.0027683591,0.0027904771,0.0034516153,0.0036452822,0.00219398,0.004092236,0.0028888884,0.0032869126,0.002915736,0.003954014,0.0037421677,0.004184761,0.0042170035,0.0034755673,0.0038925477,0.002807645,0.00260627,0.0025349543,0.0032187842,0.003754804,0.003876836,0.005815106,0.008049566,0.0057646716,0.005965246,0.003060724,0.0031746635,0.0029648945,0.009455514,0.0034439298,0.005977856,0.008320907,0.008998087,0.005784076,0.011393923,0.008471662,0.022878367,0.2029593,0.39896843,0.00486982,0.014143016,0.0013898972,0.021338092,0.0016138417,0.05752648,0.11119368,0.015363884,0.0029367218,0.0049226317,0.02638384,0.0118422685,0.0130240945,0.004351578,0.0029495908,0.009725459,0.009577299,0.0043737027,0.005723855,0.004201657,0.0065198857,0.006468351,0.011441388,0.01263551,0.008291382,0.005068044,0.0052766134,0.00719422,0.0060294257
0.0019991582,0.0020734968,0.002006621,0.001653318,0.0019811937,0.0016342043,0.002056018,0.0027887512,0.0035885863,0.0016436207,0.005402417,0.0029294423,0.0026244335,0.0033950454,0.0025310619,0.002606426,0.0024713709,0.0027491304,0.0027693321,0.0027884382,0.003895733,0.0030146756,0.004674604,0.0042412668,0.006126392,0.0034277858,0.0026276957,0.010130994,0.0045770197,0.00512422,0.00590002,0.01581186,0.009916306,0.02092592,0.023377132,0.04672643,0.022594076,0.036957473,0.067249134,0.5583955,0.07074547,0.023044037,0.021338087,0.005566036,0.013497857,0.00225368,0.091558225,0.45848557,0.011126981,0.0040079704,0.0007321662,0.035828736,0.012864577,0.004665583,0.004384634,0.005313896,0.007351868,0.0023654543,0.005587206,0.0030495801,0.004660256,0.0028825605,0.0048473,0.0036246704,0.0057157762,0.0059103435,0.0037500511,0.0049222955,0.0043735863
0.0018980524,0.0019238192,0.0020260669,0.0017069498,0.0036621457,0.0016882552,0.0041539767,0.0032883298,0.004173392,0.0036442447,0.0035254227,0.002301808,0.0028451234,0.002456371,0.0024002015,0.0018943056,0.0030352946,0.0022486236,0.0034040955,0.002248627,0.001919678,0.002360378,0.001950926,0.0023854738,0.0031362488,0.004789438,0.0034051114,0.0053031975,0.0046801297,0.0054116715,0.0038177518,0.009347073,0.022400284,0.026504226,0.010523548,0.012922376,0.049678218,0.05902372,0.020538649,0.03025618,0.61478025,0.036114994,0.0016138417,0.013497857,0.0007384824,0.0545125,0.0014387196,0.066665046,0.098618835,0.022549208,0.0011297705,0.0030477145,0.034399625,0.009216774,0.006807686,0.016896369,0.009559472,0.0037340058,0.05615184,0.0122407675,0.004040773,0.010127572,0.07326672,0.00918982,0.002770959,0.003407998,0.0028630078,0.0029004714,0.0033382108
0.0028552657,0.0024524678,0.002812154,0.0020094584,0.006654511,0.0033929565,0.0038576662,0.0037843895,0.0045929914,0.004590886,0.003545447,0.0032429767,0.0023011884,0.0031897025,0.0035068996,0.0032422985,0.002418821,0.0022343593,0.005119477,0.0020826864,0.0030415575,0.0033451982,0.004144157,0.004246432,0.004770683,0.007136802,0.004299241,0.00632742,0.003931482,0.006851081,0.0048026936,0.0052546673,0.006916708,0.0053641023,0.008116082,0.004432742,0.008603318,0.010460035,0.02725061,0.011163478,0.002519921,0.025857989,0.05752648,0.00225368,0.0545125,0.0019153758,0.009870214,0.002231217,0.005471407,0.024316436,0.012202613,0.010283826,0.0024918898,0.009085059,0.009990227,0.030960392,0.0069030896,0.0063541466,0.041376434,0.04638406,0.0051258393,0.010066909,0.5476195,0.015398952,0.005488301,0.006539525,0.008261735,0.003414182,0.0045099487
0.0021904535,0.001453955,0.0025454573,0.0038081394,0.0022094976,0.0018435067,0.0017213697,0.0016223406,0.002422084,0.0024813998,0.0022482974,0.0018253897,0.0021063234,0.0027420851,0.0018724317,0.0032911894,0.0018333041,0.00426363,0.0025288851,0.003532754,0.003960987,0.0032972533,0.00417518,0.0041223373,0.003211782,0.004858355,0.0034430725,0.0036093313,0.0025685595,0.004175305,0.0051450683,0.004229476,0.0037412734,0.0033638887,0.0039415187,0.0054649166,0.0054171896,0.0057975114,0.017146202,0.0076221847,0.002208848,0.010236894,0.11119368,0.091558225,0.0014387189,0.009870214,0.00058147,0.0052382005,0.005972172,0.43971,0.945076,0.4069987,0.04084127,0.035584252,0.026371583,0.04145131,0.011997925,0.007938287,0.008472475,0.027534673,0.010724417,0.0069703874,0.0085782595,0.0065621287,0.0081625385,0.003959313,0.0027098567,0.0048067817,0.006123446
0.002213676,0.0022167577,0.0021214213,0.0026609823,0.0017805564,0.0017603474,0.0019613777,0.0021784708,0.00525022,0.0020709035,0.0061746393,0.0024773462,0.003341828,0.002534365,0.003103207,0.0018198384,0.0021270146,0.0021100924,0.0022095176,0.0028157546,0.0037849648,0.0025182145,0.0026500935,0.0037460716,0.0037505855,0.0024067424,0.0032756748,0.004339478,0.006942319,0.004494672,0.0031360579,0.006087214,0.0040353304,0.007867054,0.009495462,0.009182954,0.0065808124,0.016193647,0.00528408,0.010388162,0.0028995534,0.003177325,0.015363884,0.45848557,0.066665046,0.002231218,0.0052381977,0.0037343646,0.01719574,0.018032439,0.11016685,0.9700107,0.5517512,0.018566087,0.017592007,0.014113076,0.011240712,0.0076706456,0.01845192,0.0036813535,0.006862143,0.0060437107,0.004534302,0.004121891,0.003291498,0.0026174732,0.0031377594,0.0043901266,0.0050213737
0.002885458,0.0022486846,0.0020647666,0.0016327819,0.00213027,0.002906876,0.002920349,0.004577854,0.0065590334,0.0024608101,0.0028529235,0.002263497,0.0021197945,0.0035913663,0.0035155704,0.00261267,0.0023178065,0.0016235891,0.002411067,0.0018311981,0.0025041467,0.0018698481,0.0025898004,0.0025909708,0.0027024983,0.003917413,0.00398147,0.0035381233,0.0035851093,0.0023022657,0.0040824725,0.0043408317,0.0038993536,0.006834317,0.0066334386,0.004775127,0.010802687,0.010743693,0.0023594496,0.005358051,0.0022929998,0.0005414096,0.0029367218,0.011126986,0.09861887,0.005471407,0.005972175,0.01719574,0.002465817,0.009613587,0.002221024,0.03501142,0.99456656,0.01435811,0.08850187,0.097363025,0.01076072,0.018746644,0.86927056,0.019853996,0.0067112334,0.014580414,0.060426265,0.012566215,0.005801715,0.006553216,0.0040266067,0.002833393,0.003220128
0.0028900192,0.0021143751,0.002497571,0.0027468526,0.0032564204,0.0019173357,0.0027774388,0.0027457282,0.0037772683,0.0021866707,0.0018223884,0.0024819109,0.0018625177,0.004390714,0.002128825,0.0024411771,0.0020769294,0.0026282107,0.0026280119,0.0027945985,0.0022259038,0.002900979,0.0021835847,0.0038421606,0.0029508362,0.003221584,0.0033249455,0.0029518013,0.0040002516,0.0029516977,0.0025164867,0.002645452,0.003190928,0.0021815235,0.0025003261,0.0027084781,0.0064422395,0.004195945,0.0075888494,0.002770125,0.003348238,0.006624238,0.0049226317,0.0040079704,0.022549208,0.024316436,0.43971,0.018032439,0.009613587,0.0010816772,0.058043763,0.009148379,0.035452645,0.0331121,0.01840125,0.47756538,0.011484918,0.00915573,0.3482962,0.204511,0.008949632,0.014101138,0.16184983,0.048286002,0.0034066555,0.007941551,0.0055311504,0.006264032,0.007590714
0.0023463583,0.0027415662,0.002858972,0.0037485356,0.0023491883,0.0034094267,0.0026163606,0.0024578855,0.0024062856,0.002956089,0.0023011216,0.0035377936,0.0031213376,0.0050524347,0.0020075114,0.0020662998,0.0031590222,0.002532761,0.0024696458,0.005514713,0.0029646533,0.0037747982,0.0019259866,0.0049681747,0.0026089214,0.0047130403,0.0036930249,0.004142963,0.0026509834,0.0033112231,0.003466056,0.0020987322,0.0033453335,0.004104864,0.0032668593,0.0030950354,0.007182266,0.0046603293,0.0061237677,0.004080009,0.00075715006,0.0028979268,0.02638384,0.00073216663,0.0011297705,0.01220262,0.945076,0.11016684,0.002221024,0.05804375,0.0015664996,0.119446345,0.031300493,0.06339477,0.024063122,0.854852,0.021861732,0.018236404,0.015888175,0.038450014,0.02011126,0.021180756,0.0074813957,0.007157196,0.010958797,0.0055364794,0.003610988,0.006195976,0.0036331427
0.002674669,0.0023040893,0.0018615643,0.002210506,0.0021865643,0.002368581,0.0021873135,0.0027390579,0.0029478397,0.002261497,0.0028243258,0.0020885845,0.00178689,0.0020265297,0.0022390299,0.0024430265,0.0026488537,0.0023629533,0.003055983,0.0036426387,0.0042629056,0.0028545328,0.0027426095,0.0058845324,0.0030510458,0.002657134,0.0033391027,0.0045464872,0.0023306846,0.00347352,0.0032784985,0.0038133129,0.0038557646,0.0043024835,0.0043596737,0.0049871914,0.0059203925,0.0036379034,0.0057676816,0.0042894543,0.0031046518,0.00553727,0.0118422685,0.035828736,0.003047713,0.010283821,0.4069987,0.9700107,0.03501142,0.009148379,0.119446345,0.003437743,0.053834174,0.05463809,0.0074829436,0.14904219,0.037375983,0.016024215,0.012279629,0.015372117,0.027477814,0.00806946,0.0058987695,0.005634688,0.0028198117,0.0070983977,0.0040028114,0.002817142,0.0053716633
0.0022857331,0.002474262,0.0018693694,0.0017076259,0.0022614026,0.0027973864,0.0035497453,0.0029284968,0.0041813683,0.002081426,0.0030360639,0.0019099033,0.0028039478,0.0031928304,0.0027082195,0.0020582664,0.0022306533,0.0022847056,0.002116505,0.001456303,0.0020733648,0.0019803038,0.0024839658,0.002370008,0.0028632486,0.0018998184,0.0033665216,0.0022923234,0.0020564094,0.0023588839,0.0025280553,0.0030041772,0.0019494884,0.0034521695,0.002310969,0.0026530593,0.0029912444,0.0033080645,0.0022118147,0.0028185009,0.0055844225,0.0027229516,0.0130240945,0.012864577,0.034399625,0.0024918898,0.04084126,0.5517512,0.99456656,0.035452645,0.0313005,0.053834174,0.0010733886,0.038119826,0.13088937,0.36883897,0.038416285,0.046400215,0.22560084,0.033632983,0.007530387,0.016165428,0.011584065,0.0026730353,0.0034871357,0.0039331256,0.0038040858,0.0026236034,0.003283991
0.0028624646,0.0032213177,0.0021229743,0.0021109912,0.0026473447,0.0020997808,0.0044491463,0.0034500344,0.003354038,0.0028392987,0.0038216652,0.0020803905,0.0042160526,0.002840063,0.0035372456,0.0045170365,0.0024984062,0.004331255,0.0027982232,0.0043341266,0.0038869479,0.002893993,0.0053283093,0.0066842427,0.00436057,0.004589751,0.0034257406,0.0043555507,0.002802314,0.00399627,0.0034316124,0.0027197355,0.0032144564,0.0027261374,0.0039462033,0.0027630723,0.0032692836,0.0030804428,0.004313209,0.0033558954,0.0055383127,0.0062723216,0.004351576,0.004665583,0.009216774,0.009085059,0.03558425,0.018566087,0.01435811,0.0331121,0.06339475,0.05463809,0.038119826,0.0026126215,0.028342754,0.21716887,0.27537343,0.07081605,0.021417243,0.044294167,0.016330505,0.0063096634,0.009128794,0.0038083128,0.004273371,0.010598343,0.005691628,0.00842766,0.0043047434
0.0056441803,0.0031635452,0.0019301808,0.002382576,0.003416141,0.002674313,0.004908151,0.0036766203,0.005132993,0.0034227967,0.0036010458,0.003999913,0.0025115088,0.0036652633,0.002301647,0.003984521,0.0024241034,0.0052459063,0.0017508559,0.002815365,0.0034045745,0.0029953101,0.0040123984,0.0043428848,0.005117309,0.0033104839,0.0043752184,0.004244226,0.0061432896,0.0035699916,0.0036509912,0.003598448,0.0035089161,0.004500742,0.004092819,0.006332633,0.0065713082,0.0040197494,0.002430812,0.0024567437,0.0052187364,0.0028724475,0.0029495908,0.004384634,0.006807683,0.009990227,0.026371587,0.017592007,0.088501856,0.01840125,0.024063125,0.0074829436,0.13088937,0.02834276,0.0016952961,0.007782469,0.06301274,0.95068634,0.1581005,0.010432569,0.010727422,0.00888815,0.00685997,0.007115376,0.0021239966,0.0047001117,0.004740016,0.007728156,0.007471537
0.0034079994,0.001724473,0.0016779788,0.0018647291,0.00192973,0.0021312027,0.0035792615,0.0028198117,0.004093058,0.0017567253,0.002456081,0.0033825305,0.0030445117,0.0027086327,0.0023894566,0.003833671,0.0020334232,0.0023466975,0.00262422,0.0024916823,0.0027565341,0.0019075169,0.002822834,0.0027208664,0.0025780604,0.003045202,0.0024220115,0.0019209353,0.0030068206,0.0019926005,0.0025894605,0.0021637946,0.0023293486,0.0032901822,0.002135669,0.0014802684,0.003872114,0.0036192117,0.0028217821,0.0024028919,0.008185777,0.027496034,0.009725459,0.005313896,0.016896369,0.030960385,0.041451298,0.014113076,0.09736299,0.47756538,0.854852,0.14904216,0.36883897,0.21716887,0.007782469,0.0014512214,0.05951669,0.005199747,0.0087606795,0.42146963,0.019899013,0.0025494862,0.0024242694,0.0048569655,0.006759386,0.01131616,0.0040230416,0.009048053,0.002477681
0.0030795746,0.003378508,0.0027097228,0.0057030264,0.0033186215,0.003149235,0.0028696856,0.0038118677,0.004342916,0.0030503047,0.0065786033,0.0030883586,0.0037484395,0.006132239,0.003565479,0.006304959,0.0030074166,0.012701092,0.0032167244,0.0041549215,0.004435289,0.0024974549,0.0046744356,0.005074805,0.0036013557,0.0034827273,0.0028754426,0.0044688485,0.0020862133,0.0029092513,0.0034285092,0.003109381,0.0033292149,0.002344218,0.0035815309,0.002654973,0.0035219772,0.0025068696,0.0043239756,0.0048925187,0.004367426,0.0046962094,0.009577304,0.007351868,0.009559472,0.0069030896,0.011997929,0.011240712,0.01076072,0.011484918,0.021861732,0.037375994,0.038416296,0.27537343,0.06301273,0.05951669,0.001134069,0.026393034,0.0037706387,0.08188158,0.22438356,0.004703707,0.004434033,0.005442627,0.006760321,0.007757879,0.0064600552,0.013481004,0.0106466925
0.0031398002,0.006104108,0.004569446,0.007903384,0.003614955,0.008126473,0.005164751,0.005404913,0.006934946,0.0066431765,0.007664548,0.01016176,0.009257388,0.00993609,0.0033658894,0.0077874637,0.0027731273,0.0025096175,0.004052738,0.002554318,0.0027708246,0.0028076542,0.0018954563,0.002463893,0.0024766687,0.0035410374,0.0024703848,0.002663346,0.0032172992,0.0035432272,0.0023787187,0.0018530373,0.0028178054,0.0023374567,0.0027644928,0.0019822782,0.0036135798,0.002696457,0.0022725998,0.002602294,0.0035584623,0.002978725,0.0043737027,0.0023654555,0.0037340058,0.0063541494,0.007938287,0.0076706456,0.018746644,0.00915573,0.018236404,0.016024215,0.046400227,0.070816055,0.95068634,0.005199747,0.026393041,0.0009534527,0.005276276,0.0074088853,0.907592,0.39867756,0.004825337,0.004090371,0.0036924866,0.003439802,0.0041797045,0.006816442,0.0066765393
0.0041668634,0.0060693272,0.00540212,0.0051282425,0.005278869,0.0041828593,0.008494636,0.010231717,0.011276053,0.00487511,0.005772951,0.006423996,0.006925672,0.0040595033,0.0042127827,0.0031088043,0.004108659,0.0021459493,0.002460597,0.0029025655,0.0022343611,0.0039753444,0.002334394,0.0032004504,0.0028065876,0.0031494224,0.0032390147,0.0033561732,0.0035963664,0.0033536986,0.003059397,0.002880088,0.0036775912,0.004461292,0.0026365058,0.0028979047,0.005944985,0.005236429,0.0029740864,0.0032730773,0.0053181094,0.0037971816,0.005723855,0.005587209,0.05615183,0.041376434,0.008472475,0.01845192,0.8692705,0.3482962,0.015888175,0.012279629,0.22560091,0.021417243,0.15810052,0.0087606795,0.0037706387,0.005276276,0.004584123,0.0041550165,0.0029976834,0.011918453,0.009899513,0.0068886923,0.0020088502,0.0008967341,0.0021831018,0.0021416019,0.0030101317
0.005008571,0.0038139285,0.0026995135,0.0033190176,0.006606424,0.0028032425,0.018652396,0.004319886,0.0053822515,0.0029967227,0.003141169,0.003701922,0.003075197,0.0044257613,0.0023319921,0.0048979535,0.002814408,0.0034984995,0.0020915999,0.0020687564,0.002099697,0.0026422837,0.0027620266,0.003116755,0.004508853,0.0026460523,0.0021237736,0.0024795202,0.003909736,0.0018022319,0.003210581,0.002282676,0.0026094315,0.0021925399,0.0043151467,0.0034156265,0.0035724624,0.004411217,0.0052008936,0.0028835423,0.006776779,0.006629719,0.004201657,0.0030495815,0.0122407675,0.04638406,0.027534673,0.0036813535,0.019853996,0.20451097,0.038450014,0.0153721245,0.033632983,0.044294167,0.010432569,0.42146963,0.08188158,0.0074088853,0.0041550184,0.0010681419,0.012841618,0.0027959424,0.0257411,0.09619871,0.00564596,0.020722773,0.015513688,0.0103916535,0.009573835
0.0065650046,0.008184441,0.0055265883,0.0072126896,0.005335451,0.006147661,0.006494091,0.0038862517,0.005021934,0.003900506,0.0064636245,0.0034065424,0.004077513,0.0050575864,0.0037008864,0.0050491905,0.002604332,0.003217732,0.003165407,0.0034406127,0.007952201,0.002456239,0.0046520224,0.0038250436,0.0033000577,0.004282643,0.003109718,0.002486052,0.0032391795,0.0024410018,0.0034876661,0.0030131538,0.002730681,0.0021357648,0.004111624,0.004140288,0.0019883306,0.0023596552,0.0041387253,0.0066814898,0.0036141255,0.0024332022,0.0065198857,0.004660256,0.004040773,0.0051258393,0.010724417,0.006862143,0.0067112334,0.008949632,0.02011126,0.027477805,0.007530387,0.016330495,0.010727418,0.019899013,0.22438356,0.907592,0.0029976834,0.012841611,0.0007849689,0.08855703,0.004268311,0.0060915863,0.00655881,0.029258132,0.014099752,0.011585878,0.024103196
0.010314909,0.019069668,0.032636773,0.050901584,0.009853475,0.017913317,0.012048205,0.015009812,0.011497527,0.022223352,0.00615998,0.012246985,0.0049124286,0.020187832,0.0045096,0.0032548218,0.0043636,0.0051461686,0.0038266864,0.0041574915,0.0024779863,0.0027377112,0.0029053753,0.003371281,0.0038149161,0.003728235,0.003079788,0.0025786245,0.00262693,0.0037011113,0.0017394355,0.0018252237,0.0027041938,0.0027031666,0.0021008672,0.002458019,0.0034047007,0.0020282008,0.0023624427,0.002157693,0.0035335515,0.006848109,0.006468351,0.002882562,0.010127572,0.010066909,0.0069703874,0.0060437107,0.014580414,0.014101138,0.021180756,0.00806946,0.016165428,0.0063096634,0.00888815,0.0025494862,0.004703707,0.39867756,0.011918453,0.0027959424,0.08855703,0.0015011515,0.003090146,0.0055726487,0.10631262,0.0008785433,0.006328265,0.008531011,0.007873424
0.008072981,0.008886739,0.009579755,0.012944278,0.022861628,0.0070084035,0.016450569,0.013612574,0.012189975,0.006600221,0.0045982874,0.012569143,0.0035131304,0.0060330993,0.004907487,0.0024894753,0.0039811297,0.0021465304,0.0029879028,0.0020798133,0.0028150184,0.0027938308,0.0029956729,0.0028800701,0.0031847928,0.0035698463,0.0026998958,0.0028102614,0.004704698,0.0063530384,0.0022883422,0.0031891705,0.0044203587,0.0037008,0.0029788653,0.0023407794,0.005914188,0.0047992035,0.004938611,0.004013584,0.010264779,0.030383224,0.011441388,0.0048473,0.07326671,0.54761964,0.0085782595,0.004534302,0.06042625,0.16184983,0.0074813957,0.0058987695,0.011584065,0.009128794,0.00685997,0.0024242683,0.004434033,0.004825337,0.009899513,0.0257411,0.004268311,0.003090146,0.0057055503,0.041045107,0.0029302114,0.0004569131,0.0035080113,0.0020613591,0.0036926316
0.016846683,0.01104268,0.019285468,0.032699306,0.013829634,0.011367661,0.029014336,0.010922188,0.008816403,0.011933427,0.0045149806,0.0095425295,0.0032550257,0.0042320355,0.004398551,0.0053956746,0.0048662326,0.003535804,0.004685445,0.0039342055,0.005503587,0.0033268551,0.0026249103,0.003984947,0.008017821,0.002167596,0.0036283024,0.0030757484,0.00500562,0.0029945269,0.0023054485,0.0033569455,0.0043175817,0.0040349355,0.003749006,0.0035081462,0.004189379,0.0048172334,0.0063436837,0.003134155,0.0044840574,0.010829757,0.01263551,0.0036246704,0.00918982,0.015398952,0.0065621287,0.004121891,0.012566215,0.048286002,0.007157196,0.005634688,0.002673034,0.0038083128,0.007115376,0.0048569655,0.005442627,0.0040903687,0.0068886923,0.096198685,0.0060915863,0.0055726487,0.041045107,0.006066492,0.0043303506,0.101623915,0.0017077974,0.0011337029,0.0055238293
0.013716138,0.050797928,0.015624365,0.014394339,0.02884014,0.09328272,0.011907513,0.010370173,0.0067206393,0.024254251,0.0043430002,0.012441618,0.003614318,0.0073531047,0.0034370078,0.0047426308,0.003141496,0.002591688,0.0026162558,0.005055405,0.0033440858,0.002710679,0.0025956007,0.002578524,0.0041498384,0.0053769196,0.0029919895,0.0039245826,0.0052285464,0.005160125,0.0019693344,0.002904004,0.0042442544,0.0034518517,0.0041617244,0.0056870314,0.0041916836,0.009553234,0.004740678,0.0045187627,0.0061389273,0.014174318,0.008291382,0.0057157762,0.002770959,0.005488301,0.0081625385,0.003291498,0.005801715,0.0034066555,0.010958792,0.0028198117,0.0034871357,0.004273371,0.0021239966,0.006759386,0.006760321,0.0036924882,0.0020088502,0.005645963,0.00655881,0.10631262,0.0029302114,0.0043303506,0.0025792108,0.012351418,0.16532552,0.07073577,0.012243997
0.01859653,0.043098353,0.014961548,0.018179687,0.025624366,0.008242227,0.020842334,0.0059012314,0.006752485,0.0065386547,0.004473605,0.0048815617,0.004452273,0.0060294257,0.0036472501,0.00545044,0.0029942577,0.021018352,0.0036035653,0.005316142,0.005203835,0.0036122582,0.0030181545,0.0032376046,0.0040450064,0.0037035933,0.0057530934,0.0038479595,0.003260346,0.0031900017,0.0030918163,0.0041902126,0.003039404,0.0026046443,0.005698157,0.003396564,0.004072812,0.00779435,0.0055602114,0.0059317076,0.008163126,0.006403421,0.005068044,0.0059103435,0.003407998,0.006539525,0.003959313,0.0026174732,0.006553216,0.007941551,0.0055364794,0.0070983977,0.0039331256,0.010598343,0.0047001117,0.01131616,0.007757879,0.003439802,0.0008967341,0.020722773,0.029258132,0.0008785433,0.0004569131,0.101623945,0.012351418,0.0021011822,0.045846853,0.2523758,0.027991991
0.01167386,0.025541302,0.012204379,0.013925022,0.023411691,0.033062737,0.022675285,0.02476237,0.0072292215,0.014254329,0.0039251703,0.01157697,0.004822602,0.0059638806,0.0070847156,0.0044544023,0.004900306,0.0051066866,0.003517637,0.0042408057,0.003729255,0.0034248712,0.0033132099,0.0026276745,0.0044748415,0.0047156923,0.0025808746,0.0026136804,0.0040927418,0.0047730044,0.0019773778,0.003570674,0.0035560117,0.0037673318,0.0036929776,0.0024148398,0.0034294052,0.0035615254,0.0043739933,0.0040518506,0.004788511,0.004507909,0.0052766134,0.0037500511,0.0028630078,0.008261735,0.0027098567,0.0031377594,0.0040266067,0.0055311504,0.003610988,0.0040028114,0.0038040858,0.005691628,0.004740016,0.0040230416,0.006460052,0.0041797045,0.0021831018,0.015513688,0.014099752,0.006328265,0.0035080113,0.0017077968,0.1653255,0.04584686,0.016626248,0.15511055,0.16421713
0.010958916,0.013448572,0.006804753,0.012032969,0.01265692,0.018432606,0.006661585,0.0066965227,0.0043102284,0.00926164,0.0042360965,0.004973682,0.012373228,0.0040092077,0.0041660583,0.009397822,0.0028706482,0.006828432,0.0047286744,0.003731798,0.006483974,0.0020672884,0.0050081857,0.0022946815,0.006084145,0.0035702444,0.0029606349,0.005577661,0.004928407,0.0031552508,0.0037093936,0.006135923,0.0048674704,0.0033636442,0.0041089575,0.0066843037,0.0048335255,0.0044962447,0.00775371,0.0040328894,0.00728857,0.006600781,0.00719422,0.004922298,0.0029004714,0.003414182,0.0048067817,0.0043901266,0.002833393,0.006264032,0.006195976,0.002817142,0.0026236034,0.00842766,0.007728156,0.009048053,0.013481004,0.006816442,0.0021416019,0.0103916535,0.011585878,0.008531011,0.0020613591,0.0011337029,0.070735775,0.25237584,0.15511055,0.0014758426,0.21945615
0.0071900873,0.014900195,0.00880345,0.012364286,0.014841315,0.017263783,0.011117494,0.0067729293,0.005220581,0.009363242,0.004051093,0.0049181264,0.0042636264,0.0059140455,0.005576833,0.004634797,0.0036087295,0.005466212,0.0054640095,0.005840105,0.007199825,0.0027497264,0.0077762743,0.0035252254,0.006108606,0.0052642366,0.003464862,0.004753352,0.004963818,0.0036916025,0.003528384,0.004398467,0.007607468,0.003826895,0.004671435,0.0072931354,0.0038363612,0.0046026832,0.005548333,0.00578171,0.006005579,0.006003963,0.0060294257,0.0043735886,0.0033382108,0.0045099487,0.006123446,0.0050213737,0.0032201265,0.007590714,0.0036331427,0.0053716633,0.003283991,0.0043047452,0.007471537,0.002477681,0.0106466925,0.0066765393,0.0030101317,0.009573835,0.024103193,0.007873421,0.0036926316,0.0055238293,0.012243997,0.027991986,0.16421713,0.21945615,0.00185861
