0,1,2,3,4,5,6,7,8,9,10,11,12,13,14,15,16,17,18,19,20,21,22,23,24,25,26,27,28,29,30,31,32,33,34,35,36,37,38,39,40,41,42,43,44,45,46,47,48,49,50,51,52,53,54,55,56,57,58,59,60
0.0025361679,0.032329343,0.035189606,0.50011456,0.33220863,0.011876416,0.019692078,0.04707875,0.04017526,0.0117045315,0.020460373,0.048051383,0.009942533,0.007418507,0.015622567,0.015769161,0.0028195463,0.006696021,0.009153775,0.005054113,0.0037148676,0.011057212,0.0043798923,0.004123287,0.0065172547,0.007830879,0.009342001,0.020446368,0.005775751,0.005533826,0.0025410724,0.0041098143,0.0024439283,0.0061289966,0.0028110524,0.002678652,0.0034575234,0.0016301436,0.002628177,0.002969918,0.0018019599,0.0038003363,0.003641296,0.0036790995,0.0046096225,0.0018790236,0.0017284711,0.0028831954,0.0025971727,0.004578269,0.0024079632,0.0029360473,0.0016266628,0.0034456917,0.0022671442,0.0020888667,0.0024625242,0.004052846,0.005789958,0.005119208,0.0052078213
0.03232935,0.0013718224,0.14877398,0.10811375,0.7662974,0.52450293,0.08705949,0.020529984,0.2778716,0.027333815,0.05038154,0.017081153,0.031613484,0.01821929,0.01631301,0.012747475,0.010404728,0.010323796,0.0063107186,0.0070190635,0.0062802946,0.004737331,0.012257856,0.009352254,0.014178749,0.006321008,0.013024026,0.01594954,0.0032026446,0.0034553208,0.005824696,0.0024612586,0.0016937266,0.0022423856,0.0037221187,0.0013850405,0.002098092,0.0018854935,0.0050307857,0.0020436486,0.0011510487,0.0017549159,0.0034346306,0.0018007194,0.0016935967,0.001877001,0.0012411932,0.0016049127,0.0017643337,0.001775913,0.0014181614,0.0015522557,0.001781589,0.0012696219,0.0011489317,0.00096066867,0.0018214725,0.00190155,0.0018611744,0.0011130504,0.007784114
0.035189614,0.14877398,0.0022037306,0.014999312,0.025149265,0.9785423,0.9689053,0.012987411,0.0334293,0.7538331,0.09550732,0.021377254,0.024367923,0.031141095,0.04130515,0.011014314,0.016673733,0.010278003,0.004561404,0.0025645518,0.007587399,0.002439921,0.006219106,0.0084287245,0.005703108,0.0067337444,0.004910063,0.009744531,0.006259925,0.0019164261,0.008259586,0.0065288614,0.0019444246,0.0020068446,0.003857371,0.0015748731,0.0025541696,0.001929505,0.0016838865,0.0019483374,0.0010886923,0.004352353,0.0017455021,0.0009873507,0.0012598622,0.001479306,0.0008459085,0.0014689064,0.0021298241,0.001466948,0.0013875106,0.00082465063,0.0011033808,0.0012578466,0.001008897,0.00095979625,0.0017333613,0.0024553803,0.0014767584,0.0013847122,0.003994658
0.5001147,0.108113736,0.014999312,0.009167366,0.16209751,0.031264536,0.31555685,0.7216797,0.019281257,0.015047816,0.16526845,0.20222887,0.031575687,0.008254151,0.024300957,0.008504405,0.013956832,0.011809136,0.0063095735,0.00640664,0.008351532,0.0035329051,0.007429543,0.004479253,0.004045673,0.007226617,0.004533811,0.004832133,0.004944013,0.0048297765,0.0030103563,0.0022816807,0.0018732348,0.0017291353,0.0023309293,0.0011807261,0.0025291583,0.002538352,0.002328561,0.0013276006,0.0017641018,0.0022324647,0.0030063505,0.0017072164,0.0021176534,0.0015922276,0.0027468775,0.0023375666,0.0021213363,0.0021112976,0.0018360653,0.0017012917,0.0017591991,0.0020177134,0.0017229823,0.001190181,0.002231201,0.002579314,0.0016568373,0.0012400292,0.0038290443
0.33220863,0.7662974,0.025149273,0.16209748,0.0010365245,0.016657501,0.044876203,0.9631053,0.121202886,0.009506519,0.087418586,0.16078973,0.006174113,0.0069792112,0.04956751,0.0130787585,0.005351265,0.0065462696,0.014362667,0.0072049294,0.0037046454,0.0053942036,0.0062139267,0.0076102726,0.009331107,0.0053008944,0.0053241313,0.0030929102,0.0026841927,0.0027566967,0.0034935623,0.0020567754,0.00206239,0.0015536959,0.0015268291,0.0012421713,0.0016720799,0.0014394644,0.0020446496,0.0018208434,0.001485189,0.0019306614,0.0024261822,0.0018248867,0.006550535,0.0024404863,0.002482513,0.0040408727,0.0026484733,0.002870154,0.0029819992,0.0013034256,0.0014326395,0.0015330244,0.002640962,0.0018180712,0.0016914536,0.0023458917,0.001960164,0.0018164996,0.002941804
0.011876416,0.524503,0.9785423,0.03126454,0.016657501,0.0006992725,0.04897048,0.03872945,0.24489564,0.48734063,0.54979384,0.016966093,0.14290883,0.2023198,0.034310944,0.005997947,0.008171751,0.009717232,0.0035959987,0.006012577,0.008157506,0.0031902152,0.004618832,0.0068980367,0.0055438993,0.0039682044,0.005411918,0.021887504,0.0045854566,0.0037014366,0.004979552,0.0024158163,0.0019217839,0.001911269,0.001862001,0.0024171073,0.0017268248,0.0022619297,0.0019695358,0.0020332113,0.0010352569,0.0013745872,0.0035450477,0.0011440816,0.0014117695,0.0012321819,0.0014819284,0.0011684764,0.00087071204,0.0018319042,0.0013376577,0.001201818,0.00096907536,0.0010542204,0.0013856877,0.0021767593,0.0013546034,0.0018362383,0.0025869934,0.0019681633,0.0028509572
0.019692076,0.08705947,0.9689053,0.31555694,0.04487619,0.04897047,0.002772638,0.007879886,0.07577826,0.8526613,0.16605462,0.016577832,0.02837227,0.021062413,0.018249922,0.031943724,0.011573675,0.006936611,0.009871724,0.00665778,0.005275305,0.004668986,0.004084809,0.007891167,0.0062740603,0.0046875365,0.009236324,0.005732013,0.0055505773,0.0030677423,0.012381616,0.00572525,0.002559775,0.0029697984,0.00283609,0.0016172867,0.0019720457,0.0022527035,0.0023108833,0.0015944989,0.002205265,0.001639834,0.002440389,0.0010999029,0.0014505954,0.001147589,0.0014313821,0.0010173412,0.0013248022,0.0017009887,0.0010382462,0.0011249031,0.0016489805,0.001107415,0.0013337872,0.001330016,0.0017705457,0.0016583154,0.0014869693,0.002555991,0.0029997074
0.04707874,0.020529984,0.012987411,0.7216797,0.9631053,0.03872944,0.007879886,0.0011607712,0.016072812,0.009509928,0.41024557,0.49347782,0.025547309,0.011923508,0.0923885,0.010289011,0.008204243,0.015952595,0.018643115,0.007972442,0.0060584093,0.008356443,0.00871323,0.005320834,0.009330719,0.0072927354,0.003264497,0.0027348304,0.0017545635,0.0025144778,0.0018237648,0.0018794896,0.0023125987,0.0021664556,0.0028880355,0.0016298915,0.0022759365,0.0015850202,0.0013841267,0.0013420283,0.0011686811,0.0015589005,0.003600353,0.0032338216,0.0031129497,0.0018559193,0.0024710887,0.0037086904,0.0021322414,0.0027332392,0.0037860384,0.0018184796,0.001598509,0.0028904644,0.0024926176,0.001196867,0.001473458,0.0027548452,0.0020338024,0.0013573838,0.0047585745
0.04017525,0.2778716,0.0334293,0.01928126,0.121202916,0.2448957,0.07577829,0.016072812,0.0015356885,0.2013477,0.37838337,0.51730156,0.40730324,0.44125584,0.058355782,0.05672331,0.013185022,0.019749975,0.009981337,0.009302785,0.0072663473,0.0066872165,0.0035650015,0.004877926,0.0073398696,0.004336626,0.004372604,0.0034336725,0.002517739,0.0018897626,0.0023187834,0.0016647173,0.0013418793,0.0017595239,0.0012599006,0.0010736652,0.0014351638,0.0010816617,0.0019930871,0.002292196,0.0008571869,0.001235203,0.001533128,0.0013864586,0.002252892,0.001326031,0.0014550408,0.0014768217,0.0020429105,0.0022647078,0.001615989,0.0013144992,0.0011262418,0.0017950194,0.0015665719,0.00096319447,0.0016579066,0.0024101646,0.0022517904,0.0013820048,0.0037486744
0.0117045315,0.027333809,0.7538331,0.015047816,0.009506514,0.4873405,0.8526613,0.009509928,0.2013477,0.00072667864,0.09377888,0.012430649,0.6846714,0.788691,0.01933549,0.0095369555,0.014906475,0.025154741,0.0049429364,0.008594293,0.0051081236,0.006085322,0.0038352297,0.0034486759,0.008440721,0.0043151733,0.006709142,0.0059108813,0.0046872296,0.003136438,0.0029722576,0.003847638,0.0017872371,0.0022583685,0.0026407987,0.0012472479,0.0038726123,0.002979453,0.0028889172,0.0021028335,0.002538352,0.0012246136,0.004410511,0.0017297708,0.001421001,0.0012180645,0.000738658,0.0013918503,0.0011507192,0.0015597065,0.0012492429,0.0007885864,0.001207861,0.0011846952,0.0013259199,0.00073197053,0.0019218955,0.0019330648,0.0016008432,0.0028674845,0.0035616865
0.020460377,0.050381526,0.09550732,0.16526848,0.087418586,0.54979384,0.16605462,0.41024557,0.37838337,0.0937789,0.0009098341,0.09197992,0.080136865,0.066532135,0.0790741,0.01861891,0.020007452,0.020807328,0.026896887,0.023708217,0.011138157,0.019224856,0.004136625,0.005906215,0.004440714,0.006140545,0.002980799,0.0037387703,0.0026938193,0.0020073415,0.002708996,0.0019817227,0.0016011419,0.0011066524,0.0016470168,0.0012074474,0.0027972362,0.0010704924,0.0019028727,0.0011849621,0.0010786853,0.0018503607,0.0010973958,0.0014833855,0.0013578766,0.0012322224,0.0013130559,0.0014623982,0.0013814732,0.0016207704,0.0021765293,0.0009304216,0.0018664036,0.0019137531,0.001575783,0.0012465799,0.0018945906,0.0014513237,0.0015314391,0.0019618736,0.0014787975
0.048051383,0.017081147,0.021377254,0.20222887,0.1607897,0.016966093,0.016577832,0.49347773,0.51730144,0.012430649,0.09197992,0.0009639803,0.00526078,0.009550162,0.8390751,0.16418804,0.006548695,0.063777655,0.033768885,0.005798537,0.008890006,0.01943023,0.005227163,0.009043329,0.004749798,0.008918972,0.0024186347,0.006736481,0.0031410034,0.0018288984,0.0023375344,0.0037835068,0.0022397137,0.0023611002,0.0016963626,0.0012935331,0.0012845699,0.0009631118,0.0008640223,0.001100492,0.001712145,0.0017870235,0.0013173794,0.002254066,0.0016507893,0.0015475317,0.0013104199,0.0027321812,0.0014021411,0.002306301,0.0038108535,0.0017711628,0.0013843845,0.0027273018,0.0022398673,0.0016538792,0.0014299046,0.0032158603,0.0024288762,0.003922734,0.00387117
0.009942528,0.031613477,0.02436792,0.03157568,0.0061741103,0.1429088,0.028372277,0.025547309,0.40730312,0.6846715,0.080136865,0.00526078,0.0014452767,0.57333595,0.024246613,0.12054569,0.1517963,0.13520125,0.008457283,0.017832179,0.032678146,0.014030462,0.0054641617,0.0030275704,0.03719854,0.0041841487,0.0052268007,0.0071691223,0.00596439,0.0034737035,0.0025630493,0.0027321135,0.0033020237,0.0019381919,0.0023622664,0.0013311914,0.0016539169,0.0021192178,0.0013392371,0.0026787429,0.0029156583,0.0011618591,0.0019768518,0.0010592378,0.001307378,0.0010832032,0.0013102631,0.0011530536,0.0015920247,0.001952324,0.0011259265,0.0009598993,0.0017061683,0.0018203494,0.0014060958,0.0012719986,0.0020674455,0.0015797234,0.0011014327,0.0012180639,0.0031922811
0.007418507,0.01821929,0.031141091,0.008254151,0.0069792112,0.20231977,0.021062424,0.011923508,0.44125584,0.788691,0.066532135,0.009550162,0.5733359,0.001598582,0.007844123,0.036386788,0.5033919,0.15288165,0.007974184,0.016112335,0.026235,0.0076588234,0.0034374471,0.005856037,0.016028907,0.0053487527,0.0044586756,0.01192321,0.005250253,0.0032026782,0.005924556,0.0025884914,0.0018469767,0.0020724838,0.003506488,0.0015523104,0.0022231583,0.007452018,0.0037612075,0.0043726955,0.0010956748,0.0014751632,0.001897273,0.0011129301,0.0012084121,0.002280923,0.0013881874,0.0013193557,0.0013734323,0.0017809344,0.0010172849,0.0008984734,0.00132076,0.0011867338,0.0012337174,0.0013779569,0.0018197033,0.0014377204,0.0012228104,0.0024438817,0.0023489716
0.015622575,0.01631301,0.04130516,0.024300965,0.04956751,0.034310933,0.018249922,0.0923885,0.058355767,0.01933549,0.0790741,0.8390751,0.024246613,0.007844127,0.0007934686,0.04239837,0.015465905,0.6071979,0.32480234,0.027256962,0.014624442,0.03608697,0.0064505716,0.012801736,0.004586837,0.009618905,0.0024416973,0.003812746,0.002289355,0.0015484632,0.0019745973,0.0021754226,0.0014405848,0.0013246086,0.0019177181,0.0010509508,0.0013646855,0.0013208946,0.0012337473,0.0011717784,0.0013517785,0.001986337,0.002183963,0.0012906718,0.0015338019,0.0014759284,0.0007316937,0.0020006276,0.002926612,0.0030551783,0.005521394,0.0014558072,0.0015476939,0.0025323853,0.0025238334,0.0015230573,0.0022372697,0.003298043,0.0020303184,0.0030181059,0.0066324295
0.015769161,0.012747475,0.011014319,0.008504405,0.013078765,0.005997947,0.031943724,0.010289015,0.056723323,0.00953696,0.01861891,0.16418804,0.12054569,0.036386788,0.04239837,0.000800015,0.04511796,0.43287945,0.7402099,0.03394567,0.16724192,0.15420683,0.021446776,0.009242635,0.07138867,0.012691612,0.0039474685,0.008104854,0.009199658,0.0007335061,0.0021832336,0.0031311233,0.0018970472,0.00092038023,0.0017682768,0.0015857001,0.0017500466,0.0012356478,0.0015693614,0.0016601732,0.0020116176,0.0008349335,0.00092882063,0.0010577494,0.0017695634,0.001203662,0.0017186366,0.0015792722,0.0016193427,0.0025582025,0.002047407,0.0013330893,0.001373974,0.0030573558,0.0020219735,0.0022858765,0.0016193745,0.002781684,0.0027765224,0.0021384188,0.0022632137
0.0028195463,0.010404725,0.016673733,0.013956832,0.005351262,0.008171755,0.011573675,0.008204243,0.013185022,0.014906475,0.020007452,0.006548695,0.15179634,0.5033919,0.0154658975,0.04511796,0.0011290374,0.045517966,0.025211805,0.15106042,0.8741433,0.022371579,0.008658647,0.059163965,0.043052778,0.009413092,0.010848664,0.011304541,0.020602042,0.0052368166,0.011231475,0.0147868935,0.0031703492,0.0022706932,0.0018580228,0.0018747287,0.0019308123,0.0026229238,0.0029713716,0.0034651188,0.0017537493,0.0011865512,0.0013526761,0.0018766822,0.0022993684,0.0009755633,0.0011078116,0.0013792188,0.001389575,0.0020204892,0.0015601976,0.0012556441,0.0024301615,0.0015038355,0.0011117444,0.0012130707,0.0018436075,0.0017286555,0.0017768778,0.001330569,0.002550062
0.0066960184,0.010323796,0.010278003,0.011809136,0.0065462696,0.009717232,0.006936611,0.015952595,0.01974997,0.025154741,0.020807328,0.06377765,0.13520122,0.15288162,0.6071979,0.43287936,0.045517966,0.0006531386,0.16589376,0.05929822,0.07774806,0.2152047,0.016788322,0.022435496,0.0673157,0.010562671,0.005263198,0.005660579,0.003614452,0.003286939,0.003917785,0.0017199387,0.0006528704,0.0019914536,0.0038269751,0.00056988804,0.0013380246,0.0032108708,0.0013485586,0.0022657856,0.001183268,0.0016383453,0.0012599173,0.0012785066,0.0011761137,0.0013121419,0.00074755336,0.0015651062,0.0014042057,0.003159527,0.0023593868,0.0016468388,0.0010086731,0.0019388989,0.0016271553,0.0013852614,0.001731734,0.0035447583,0.0029073944,0.0015369443,0.0064887893
0.009153775,0.0063107186,0.004561404,0.0063095735,0.014362667,0.0035959987,0.009871724,0.018643111,0.009981337,0.0049429364,0.026896887,0.033768885,0.008457283,0.007974184,0.32480234,0.7402099,0.025211805,0.16589381,0.0022650678,0.015659409,0.064778514,0.96903586,0.07190274,0.050466876,0.055443402,0.07355816,0.0021375746,0.008459734,0.004677709,0.00035743037,0.0025820693,0.002321597,0.0011768534,0.0014336911,0.0027227364,0.0014439271,0.00141736,0.0009299757,0.0012240187,0.0014924613,0.0011381232,0.0010452988,0.0011518515,0.0011803849,0.0018092023,0.0015076518,0.0016963795,0.0022260563,0.0022086632,0.0029670137,0.003610923,0.0016418368,0.0030510302,0.004307268,0.003777679,0.0020274462,0.0018429074,0.0028160238,0.00264594,0.004072417,0.004671812
0.005054113,0.0070190635,0.0025645518,0.00640664,0.0072049294,0.006012577,0.006657784,0.007972442,0.009302785,0.008594293,0.023708217,0.005798534,0.017832179,0.016112335,0.027256956,0.03394567,0.15106039,0.059298232,0.015659401,0.005177833,0.14595364,0.06222929,0.37687036,0.50865495,0.4809754,0.03793523,0.012658553,0.012840783,0.017898627,0.0055030435,0.0010470224,0.0027334925,0.0019062399,0.0049172835,0.0025444743,0.0060476456,0.0034783878,0.0046206913,0.0034550729,0.0017228599,0.0012177704,0.0022441926,0.0014314859,0.0014491712,0.0016495654,0.0015945414,0.0010963498,0.0015828197,0.0018698383,0.0021407786,0.0013254274,0.0016563651,0.0016958177,0.0018260144,0.0023334725,0.0009428684,0.0013177514,0.0025085912,0.001810665,0.0014918674,0.0028413015
0.0037148676,0.0062802946,0.007587399,0.008351532,0.0037046438,0.008157506,0.005275305,0.0060584093,0.0072663473,0.0051081236,0.011138157,0.008890006,0.032678146,0.026235,0.014624442,0.16724195,0.8741433,0.07774806,0.064778514,0.1459537,0.0034565886,0.0320595,0.052920654,0.04300744,0.15864365,0.032802198,0.022141594,0.031811196,0.027751409,0.009659943,0.00041487315,0.002433009,0.0063032988,0.002216126,0.0009758436,0.0016965977,0.0021024623,0.0049083396,0.0032071995,0.0028182794,0.0015203035,0.001496471,0.0015250369,0.0012544845,0.0020619044,0.0014377985,0.0012520386,0.0012784731,0.0012129615,0.002563904,0.0016914601,0.001862415,0.0026578456,0.0017315,0.0014554198,0.0015778345,0.001893487,0.00256636,0.0027794798,0.0025446971,0.0045663156
0.011057212,0.004737331,0.002439921,0.0035329068,0.0053942036,0.0031902152,0.004668986,0.008356446,0.00668722,0.006085322,0.019224862,0.01943023,0.014030468,0.0076588234,0.03608697,0.15420683,0.022371579,0.21520473,0.96903586,0.062229306,0.0320595,0.0023745606,0.1341283,0.016182484,0.21729763,0.3016876,0.0057476517,0.032934166,0.0023126605,0.00085030065,0.0037358087,0.0030917828,0.00031484713,0.0014280526,0.0049001086,0.0008362983,0.0021649862,0.0032304034,0.0013853076,0.002930253,0.0012768381,0.0017872559,0.0016749366,0.001200153,0.0032018397,0.002149923,0.0011916022,0.0021743558,0.0017513168,0.0035544136,0.0030215024,0.0019811476,0.004424377,0.0043811863,0.0039526653,0.0026619036,0.0023166267,0.0033861864,0.0018293277,0.0032887985,0.0036007615
0.0043798923,0.012257856,0.006219106,0.007429543,0.0062139267,0.004618832,0.004084809,0.00871323,0.0035650015,0.0038352315,0.004136625,0.005227163,0.0054641617,0.0034374471,0.0064505716,0.021446776,0.008658647,0.016788332,0.07190275,0.37687036,0.052920654,0.13412827,0.001744986,0.023957675,0.18315509,0.47097456,0.05162438,0.033172175,0.013533199,0.0024033263,0.0047903704,0.016165541,0.0013528513,0.0018042584,0.010183159,0.005462307,0.0025605126,0.0032418654,0.0019646336,0.0011509078,0.0010915389,0.0028397688,0.001384165,0.001480253,0.0017345349,0.0020680989,0.0010039954,0.0022392236,0.002847741,0.0047934563,0.0050537703,0.0024073182,0.0032753646,0.0047079814,0.0018438594,0.0029374606,0.0027452502,0.00496468,0.0034853898,0.0067097615,0.009181874
0.004123285,0.009352249,0.0084287245,0.004479253,0.0076102694,0.006898035,0.007891167,0.005320834,0.004877924,0.0034486759,0.005906215,0.009043329,0.0030275704,0.005856034,0.012801729,0.009242635,0.059163965,0.0224355,0.050466876,0.50865495,0.043007426,0.016182484,0.023957675,0.004221579,0.030872615,0.014701305,0.054124814,0.10893339,0.17990217,0.035583667,0.006006926,0.0043904097,0.009296956,0.0018598143,0.00048884074,0.008559621,0.0032414186,0.01016071,0.0017776603,0.0044404804,0.0020037547,0.002373141,0.0025720433,0.0018067248,0.0019332165,0.0020479641,0.0014800654,0.0008851038,0.0013079889,0.001801268,0.002805012,0.0013112755,0.0020688332,0.003502533,0.0022361008,0.0018689896,0.002632499,0.0046360423,0.003807591,0.0038133583,0.009812735
0.0065172547,0.014178749,0.005703108,0.004045673,0.009331107,0.0055438993,0.0062740603,0.009330719,0.0073398696,0.008440721,0.004440716,0.004749798,0.03719855,0.016028907,0.004586837,0.071388654,0.043052778,0.06731571,0.05544339,0.48097554,0.15864363,0.21729763,0.18315506,0.030872623,0.0015613872,0.005867566,0.029692411,0.01505391,0.18408982,0.006940232,0.007274521,0.0009664186,0.0007168353,0.0025549387,0.004022241,0.0006597152,0.001682494,0.0041785995,0.002399181,0.0033315653,0.0014041027,0.0015207735,0.0017448149,0.0012742461,0.0016814716,0.0012797072,0.0010394126,0.0021648656,0.0013738051,0.0021517836,0.00515509,0.0018511148,0.0024254448,0.002442521,0.0021740848,0.003209792,0.0027301412,0.0030136183,0.0020357138,0.004393963,0.008450696
0.007830879,0.00632101,0.006733747,0.0072266203,0.0053008944,0.0039682044,0.004687539,0.0072927354,0.0043366277,0.0043151756,0.0061405473,0.008918972,0.0041841487,0.0053487527,0.009618905,0.012691612,0.009413092,0.010562677,0.07355814,0.03793523,0.0328022,0.3016876,0.47097456,0.014701305,0.0058675627,0.0016155082,0.009072632,0.010615372,0.03523118,0.011952467,0.010421682,0.017174182,0.00011579518,0.0026868007,0.012812617,0.0017574949,0.001774398,0.0036714603,0.002028805,0.0018377168,0.0014855462,0.0020009943,0.0017487003,0.0022672166,0.0020324285,0.002187294,0.0023478162,0.002121312,0.0027644811,0.0054788617,0.0032000581,0.0027192752,0.0074192896,0.0074142446,0.0046244278,0.0026087959,0.007680408,0.009947537,0.008100692,0.012556597,0.035785638
0.009342001,0.013024019,0.004910063,0.004533811,0.0053241313,0.0054119155,0.00923632,0.003264497,0.004372604,0.006709142,0.0029808003,0.0024186359,0.0052268007,0.0044586756,0.0024416973,0.0039474685,0.010848664,0.005263198,0.0021375746,0.012658553,0.022141589,0.0057476517,0.05162438,0.054124814,0.029692411,0.009072632,0.0020282674,0.058638263,0.34024507,0.077447124,0.096937425,0.4433189,0.00835126,0.013448769,0.00495641,0.005553089,0.004006627,0.008620783,0.004919151,0.002722361,0.0017409979,0.0014834738,0.0027377205,0.0022427742,0.0031274997,0.0027256915,0.0011984846,0.001876231,0.001522953,0.0019638014,0.0013461398,0.0024855116,0.0027601058,0.002369386,0.0017066703,0.0038934501,0.004511047,0.0025447938,0.004359104,0.0212544,0.013371305
0.020446368,0.01594954,0.009744531,0.0048321355,0.0030929085,0.021887504,0.0057320152,0.0027348318,0.003433671,0.0059108813,0.0037387703,0.006736481,0.0071691223,0.01192321,0.003812746,0.008104854,0.011304541,0.005660579,0.008459734,0.012840783,0.031811208,0.032934166,0.033172175,0.10893339,0.01505391,0.010615372,0.058638263,0.0014939287,0.020706305,0.010898533,0.5654068,0.16390222,0.0050349883,0.0005646645,0.007445243,0.0025366694,0.001852377,0.0037258165,0.0037348755,0.0040010456,0.0020254056,0.0035066411,0.0027462975,0.0020749578,0.0015531915,0.0014026159,0.0022485135,0.002048007,0.0019128361,0.0036957173,0.0015791272,0.0031256212,0.003136587,0.00186819,0.0016004295,0.0046173786,0.0029803172,0.002944051,0.006045768,0.022334779,0.009161768
0.005775751,0.0032026446,0.006259925,0.004944013,0.0026841927,0.0045854566,0.0055505773,0.0017545635,0.002517739,0.0046872296,0.0026938205,0.0031410034,0.00596439,0.005250253,0.002289355,0.009199658,0.020602042,0.0036144536,0.004677709,0.017898627,0.027751409,0.0023126605,0.013533199,0.17990214,0.18408987,0.03523118,0.3402452,0.02070631,0.010907826,0.006978842,0.020434203,0.08507005,0.0036515477,0.02320241,0.017038256,0.0009229392,0.001758334,0.010998114,0.0017949509,0.0024384626,0.0024455006,0.0015495046,0.0029005944,0.0011328878,0.0023893157,0.0020079948,0.00194847,0.0023271025,0.002044266,0.0041286903,0.0017688307,0.0041707554,0.0048779817,0.0037731829,0.0038957552,0.0066790245,0.0052241483,0.009140991,0.006178931,0.026025284,0.04385288
0.005533826,0.0034553194,0.0019164261,0.0048297746,0.0027566955,0.0037014366,0.0030677423,0.002514479,0.0018897618,0.003136438,0.0020073403,0.0018288984,0.0034737035,0.0032026765,0.0015484632,0.00073350576,0.0052368166,0.003286939,0.00035743052,0.0055030435,0.009659943,0.00085030065,0.0024033263,0.035583667,0.006940235,0.011952467,0.077447124,0.010898533,0.006978842,0.0009136203,0.04734421,0.15226673,0.13217665,0.20751458,0.04830876,0.017059904,0.006740771,0.048450608,0.01298025,0.0029852162,0.003581946,0.0063928897,0.0028526385,0.0039232187,0.0029322794,0.0030949723,0.0035527032,0.005293146,0.0021600155,0.0027612387,0.0024786263,0.0032681124,0.006774767,0.00383388,0.0052563897,0.0075366837,0.00825248,0.0069699283,0.04005613,0.163427,0.117279515
0.0025410724,0.005824696,0.008259586,0.0030103563,0.0034935623,0.004979552,0.012381616,0.0018237648,0.0023187834,0.0029722587,0.002708996,0.0023375344,0.0025630493,0.0059245527,0.0019745973,0.0021832336,0.011231475,0.0039177868,0.0025820704,0.0010470224,0.00041487315,0.0037358087,0.0047903704,0.006006926,0.007274521,0.010421682,0.096937425,0.5654069,0.020434203,0.04734421,0.0015008477,0.64773023,0.02205525,0.111235365,0.88186514,0.018522866,0.007796275,0.18366271,0.00555306,0.02028656,0.003754222,0.0028068067,0.0045514298,0.0020249372,0.0017969555,0.002732301,0.0011940753,0.0012517608,0.0016052657,0.0016127251,0.0009752519,0.0021022174,0.0020662714,0.0015370988,0.0012839119,0.004507554,0.005730877,0.0038523064,0.005882454,0.018768016,0.028169803
0.0041098143,0.0024612586,0.0065288614,0.0022816807,0.0020567754,0.0024158163,0.00572525,0.0018794896,0.0016647166,0.003847638,0.0019817227,0.0037835068,0.0027321135,0.0025884914,0.0021754215,0.0031311216,0.0147868935,0.0017199396,0.002321597,0.0027334925,0.002433009,0.0030917828,0.016165532,0.0043904097,0.0009664177,0.017174182,0.4433188,0.16390224,0.08507005,0.15226673,0.64773023,0.0014581485,0.0074213156,0.09198843,0.4806672,0.018194424,0.006186874,0.047448277,0.015421467,0.014716088,0.002972516,0.0020356546,0.0032993006,0.0018272202,0.0031685983,0.0020101804,0.0025928852,0.0020765765,0.0015335433,0.0021623734,0.0017593974,0.0017992021,0.0030769636,0.00361307,0.0021979515,0.0058641015,0.005007368,0.0046637836,0.0070602074,0.051463556,0.009000337
0.0024439283,0.0016937257,0.0019444246,0.0018732348,0.00206239,0.0019217839,0.002559775,0.0023125987,0.0013418793,0.0017872364,0.0016011419,0.0022397137,0.0033020237,0.0018469767,0.0014405848,0.0018970472,0.0031703492,0.0006528704,0.0011768534,0.0019062399,0.0063032988,0.00031484713,0.0013528513,0.009296956,0.0007168353,0.00011579518,0.00835126,0.0050349883,0.0036515477,0.13217665,0.02205525,0.0074213156,0.0010302647,0.032785144,0.037818965,0.15970242,0.18522605,0.059324395,0.011815719,0.010654235,0.015379561,0.0042317323,0.0059606815,0.005013411,0.004366265,0.0068247947,0.006698385,0.0038804414,0.0031213108,0.004897317,0.005813502,0.013461935,0.005971906,0.004916444,0.023533383,0.10160533,0.043882534,0.033607528,0.8570017,0.25119916,0.059460398
0.0061289966,0.0022423856,0.0020068446,0.0017291353,0.0015536959,0.001911269,0.0029697996,0.0021664556,0.0017595239,0.0022583685,0.0011066524,0.0023611002,0.0019381919,0.0020724838,0.0013246086,0.0009203798,0.0022706932,0.0019914536,0.0014336905,0.004917286,0.002216126,0.0014280526,0.0018042584,0.0018598143,0.0025549387,0.0026868007,0.013448769,0.0005646645,0.02320241,0.20751467,0.111235365,0.091988444,0.03278515,0.0012703345,0.9743739,0.19510135,0.051480792,0.6026847,0.11709421,0.034971617,0.009939942,0.0039059697,0.0038490181,0.0024437157,0.0024299151,0.002757961,0.002115949,0.0019030528,0.0013305297,0.0017306281,0.0025113858,0.002862753,0.0035434212,0.0030714,0.0030144348,0.03032324,0.010323475,0.0046105743,0.034894366,0.31876573,0.020071808
0.002811054,0.0037221187,0.003857369,0.0023309293,0.0015268291,0.001862001,0.00283609,0.0028880355,0.0012599006,0.0026407987,0.0016470168,0.0016963626,0.0023622664,0.003506488,0.0019177181,0.0017682768,0.0018580228,0.0038269751,0.0027227364,0.0025444743,0.0009758436,0.0049001086,0.010183159,0.00048884074,0.004022241,0.012812617,0.00495641,0.007445243,0.017038256,0.04830876,0.88186514,0.4806672,0.037818965,0.9743739,0.0020009552,0.01696079,0.017592221,0.8482789,0.0129657965,0.07338322,0.003726317,0.0023725235,0.0056404965,0.0025735325,0.0031772433,0.0022997644,0.0022964496,0.0015276894,0.0015017262,0.00181713,0.0013837814,0.0025028072,0.003180149,0.0018722883,0.0022849839,0.014548932,0.009215681,0.0026091547,0.0071032615,0.046952773,0.012367629
0.002678652,0.0013850405,0.0015748731,0.0011807267,0.0012421713,0.0024171073,0.0016172873,0.0016298915,0.0010736652,0.0012472479,0.0012074474,0.0012935331,0.0013311914,0.0015523104,0.0010509508,0.0015857001,0.0018747298,0.0005698886,0.0014439271,0.0060476484,0.0016965984,0.0008362983,0.005462307,0.008559621,0.0006597155,0.0017574949,0.005553089,0.0025366694,0.0009229392,0.017059911,0.018522866,0.01819443,0.15970242,0.19510135,0.01696079,0.00052757346,0.029181411,0.053338237,0.27907708,0.07745102,0.03207074,0.010585471,0.008454353,0.011113589,0.0064721066,0.019673003,0.009423644,0.006610394,0.0053979093,0.00368497,0.0046985056,0.0114664715,0.041564405,0.010640673,0.008840984,0.15944923,0.2911059,0.008180247,0.036111042,0.13662358,0.011807204
0.0034575253,0.002098092,0.0025541696,0.0025291592,0.0016720799,0.0017268248,0.0019720467,0.0022759365,0.0014351638,0.0038726123,0.0027972362,0.0012845699,0.0016539169,0.0022231583,0.0013646855,0.0017500466,0.0019308123,0.0013380246,0.00141736,0.0034783878,0.0021024623,0.0021649862,0.0025605126,0.0032414198,0.001682494,0.001774398,0.004006627,0.001852377,0.001758334,0.006740771,0.007796275,0.006186874,0.18522605,0.051480792,0.017592221,0.029181411,0.0009653512,0.04352856,0.051798675,0.018018808,0.017263176,0.014178263,0.015691081,0.013086393,0.008993941,0.08022273,0.01865223,0.013809891,0.010357491,0.003200102,0.0075567937,0.008795967,0.021074254,0.014167916,0.017834341,0.1487454,0.03447154,0.0038611344,0.043941222,0.050291903,0.017993642
0.0016301436,0.0018854935,0.001929505,0.002538352,0.0014394644,0.0022619297,0.0022527035,0.0015850202,0.0010816617,0.002979453,0.0010704924,0.0009631118,0.0021192178,0.0074520158,0.001320894,0.0012356478,0.0026229238,0.0032108708,0.0009299757,0.004620693,0.0049083396,0.0032304034,0.0032418654,0.01016071,0.0041785995,0.0036714603,0.008620783,0.0037258142,0.010998114,0.048450608,0.18366268,0.047448277,0.05932441,0.6026847,0.8482789,0.053338237,0.04352854,0.008248953,0.022091774,0.3249002,0.012956987,0.0030558056,0.0041628233,0.0051988564,0.0027871102,0.003993799,0.0054413853,0.0018978664,0.002214471,0.0021579065,0.0016337018,0.003843769,0.0100141,0.0023024816,0.0035265472,0.017871873,0.00806148,0.002635004,0.007966372,0.06381673,0.0048432923
0.002628177,0.0050307857,0.0016838865,0.002328561,0.0020446496,0.0019695358,0.0023108844,0.0013841274,0.0019930871,0.0028889189,0.0019028727,0.0008640223,0.0013392371,0.0037612075,0.0012337473,0.0015693614,0.0029713728,0.0013485593,0.0012240193,0.0034550729,0.0032071995,0.0013853076,0.0019646336,0.001777661,0.002399181,0.002028805,0.004919151,0.0037348755,0.0017949509,0.012980255,0.0055530574,0.015421467,0.011815719,0.11709424,0.0129657965,0.27907708,0.051798675,0.02209178,0.00041181513,0.16076985,0.26939544,0.005538473,0.0064967154,0.040597126,0.008903347,0.018670464,0.025385268,0.0042140367,0.0058138296,0.00199159,0.0020954811,0.0538546,0.04622542,0.0013531747,0.0028963923,0.7716394,0.051994804,0.002390672,0.018009394,0.083668165,0.0059744343
0.0029699197,0.0020436496,0.0019483374,0.0013276006,0.0018208434,0.0020332122,0.0015944996,0.0013420283,0.002292197,0.0021028346,0.0011849621,0.001100492,0.0026787429,0.0043726955,0.0011717784,0.001660174,0.0034651188,0.0022657856,0.0014924613,0.0017228608,0.0028182808,0.0029302547,0.0011509078,0.0044404804,0.0033315653,0.0018377159,0.002722361,0.0040010475,0.0024384626,0.0029852178,0.02028656,0.014716094,0.010654235,0.034971617,0.07338322,0.07745102,0.018018808,0.32490036,0.16076985,0.002877601,0.9508528,0.03958757,0.054470517,0.020344814,0.00862512,0.0043056877,0.21646456,0.009520893,0.0041977107,0.0037144439,0.0016751447,0.009067656,0.04406809,0.0022403735,0.0020335335,0.03324089,0.007282828,0.0013605717,0.003632984,0.05206718,0.0030891795
0.0018019599,0.0011510487,0.0010886923,0.0017641027,0.001485189,0.0010352569,0.0022052662,0.0011686811,0.0008571869,0.002538352,0.0010786857,0.001712145,0.0029156583,0.0010956748,0.0013517785,0.0020116176,0.0017537486,0.0011832685,0.0011381232,0.001217771,0.0015203035,0.0012768381,0.0010915389,0.0020037547,0.0014041027,0.0014855462,0.0017409979,0.0020254066,0.0024455006,0.003581946,0.003754222,0.002972516,0.015379569,0.009939942,0.003726317,0.032070734,0.017263176,0.012956987,0.26939544,0.9508528,0.0010038314,0.014300306,0.15649037,0.09935909,0.03309391,0.1036125,0.40777135,0.0300874,0.011195131,0.0059236204,0.0070019816,0.23597093,0.054943867,0.0030048701,0.012269062,0.5969525,0.009078785,0.003785152,0.012174917,0.009023395,0.004177869
0.0038003363,0.0017549159,0.004352353,0.0022324647,0.0019306614,0.0013745872,0.001639834,0.0015589005,0.001235203,0.0012246136,0.0018503607,0.0017870235,0.0011618591,0.0014751632,0.001986337,0.0008349335,0.0011865507,0.0016383459,0.0010452988,0.0022441938,0.001496471,0.0017872559,0.0028397688,0.002373141,0.0015207735,0.0020009943,0.0014834744,0.0035066411,0.0015495046,0.006392893,0.0028068067,0.0020356546,0.0042317337,0.0039059697,0.0023725247,0.010585471,0.014178269,0.0030558056,0.005538473,0.03958757,0.014300306,0.0006707831,0.31096464,0.1817203,0.15774143,0.040666055,0.7659302,0.56599015,0.07820879,0.033846844,0.016658368,0.17423382,0.061004013,0.051122528,0.009141587,0.02337081,0.009772043,0.009323308,0.012273987,0.007840733,0.006090079
0.003641296,0.0034346306,0.0017455021,0.0030063505,0.0024261822,0.0035450477,0.0024403902,0.003600355,0.001533128,0.004410511,0.0010973962,0.0013173794,0.001976853,0.0018972739,0.002183963,0.0009288201,0.0013526761,0.0012599173,0.0011518515,0.0014314859,0.0015250376,0.0016749366,0.001384165,0.0025720445,0.0017448149,0.0017486996,0.0027377217,0.0027462975,0.0029005944,0.0028526385,0.0045514298,0.0032993006,0.0059606815,0.0038490181,0.0056404965,0.008454353,0.015691081,0.0041628233,0.0064967154,0.054470517,0.15649034,0.31096455,0.0008566126,0.049032655,0.2278562,0.02120144,0.48737592,0.4867337,0.12579201,0.04664082,0.016252467,0.050480656,0.025905304,0.009693012,0.009289873,0.009898326,0.011634046,0.0053509553,0.0067013204,0.0044626906,0.0063402224
0.0036790979,0.0018007194,0.0009873507,0.0017072164,0.0018248867,0.001144081,0.0010999029,0.0032338216,0.0013864586,0.0017297708,0.0014833855,0.002254066,0.0010592378,0.0011129301,0.0012906718,0.0010577494,0.0018766822,0.0012785066,0.0011803849,0.0014491712,0.0012544845,0.0012001523,0.001480253,0.0018067248,0.0012742461,0.0022672166,0.0022427742,0.0020749578,0.0011328878,0.0039232187,0.002024936,0.0018272202,0.005013411,0.0024437157,0.0025735325,0.011113583,0.013086393,0.0051988564,0.040597107,0.020344814,0.09935907,0.1817203,0.049032643,0.0010944278,0.041355822,0.053795327,0.56247294,0.4784522,0.19022125,0.11520003,0.066836186,0.5312967,0.26553178,0.010045941,0.011416412,0.029531842,0.012751047,0.0038410588,0.010255338,0.010826835,0.004886379
0.004609625,0.0016935967,0.0012598616,0.0021176534,0.006550535,0.0014117695,0.0014505954,0.0031129508,0.002252892,0.001421001,0.0013578766,0.0016507893,0.001307378,0.0012084121,0.0015338019,0.0017695634,0.0022993695,0.0011761137,0.0018092023,0.0016495662,0.0020619044,0.0032018397,0.0017345349,0.0019332174,0.0016814716,0.0020324285,0.0031274997,0.0015531915,0.0023893157,0.0029322794,0.0017969555,0.0031686001,0.004366265,0.0024299151,0.0031772433,0.0064721066,0.008993941,0.0027871102,0.008903347,0.00862512,0.03309391,0.15774143,0.2278562,0.041355822,0.0014854734,0.023085576,0.030670606,0.57401174,0.19344948,0.08860662,0.22466668,0.35677555,0.12713723,0.016269285,0.023523502,0.01301954,0.010999079,0.009975763,0.008675554,0.005347069,0.011462013
0.0018790236,0.001877001,0.001479306,0.0015922276,0.0024404852,0.0012321819,0.001147589,0.0018559193,0.001326031,0.0012180645,0.0012322224,0.0015475317,0.0010832032,0.002280923,0.0014759284,0.0012036613,0.0009755633,0.0013121426,0.0015076518,0.0015945414,0.0014377985,0.002149923,0.0020680989,0.0020479641,0.0012797072,0.002187294,0.0027256915,0.0014026159,0.0020079939,0.0030949723,0.0027322997,0.0020101804,0.0068247947,0.002757961,0.0022997633,0.019673003,0.08022273,0.0039937976,0.018670464,0.0043056877,0.10361247,0.040666044,0.021201434,0.053795327,0.023085576,0.0008465661,0.015083711,0.06884567,0.27696878,0.04109243,0.15355846,0.72395283,0.09563468,0.10062997,0.18375184,0.05458653,0.04775532,0.020112684,0.025312798,0.0038025863,0.0067010787
0.0017284721,0.0012411932,0.0008459085,0.0027468775,0.002482513,0.0014819284,0.001431383,0.0024710887,0.0014550401,0.000738658,0.0013130559,0.0013104199,0.0013102631,0.0013881874,0.00073169335,0.0017186366,0.0011078112,0.00074755336,0.0016963788,0.0010963498,0.0012520386,0.0011916022,0.0010039954,0.0014800654,0.0010394121,0.0023478162,0.0011984846,0.0022485135,0.0019484691,0.0035527032,0.0011940758,0.0025928852,0.006698385,0.002115949,0.0022964496,0.009423644,0.01865223,0.0054413853,0.025385268,0.21646456,0.40777147,0.7659302,0.4873758,0.5624728,0.030670606,0.015083711,0.0006557682,0.035764642,0.107063234,0.029938258,0.03621385,0.50738996,0.1899174,0.022476412,0.021898245,0.13020906,0.014782684,0.005757391,0.005987214,0.012440582,0.0017731806
0.0028831954,0.0016049119,0.0014689064,0.0023375666,0.0040408727,0.0011684758,0.0010173412,0.0037086904,0.0014768217,0.0013918503,0.0014623982,0.0027321812,0.0011530536,0.0013193557,0.0020006276,0.0015792722,0.0013792188,0.001565107,0.0022260551,0.0015828197,0.0012784731,0.0021743558,0.0022392236,0.0008851038,0.0021648656,0.002121312,0.001876231,0.002048006,0.0023271025,0.005293146,0.0012517608,0.0020765765,0.0038804414,0.0019030528,0.0015276886,0.0066103907,0.013809891,0.0018978664,0.0042140367,0.009520893,0.03008739,0.56599015,0.4867337,0.47845206,0.57401174,0.06884567,0.03576465,0.0009871545,0.034653317,0.1592034,0.39803037,0.14806361,0.037047915,0.05998652,0.019999202,0.008741887,0.011339624,0.012971278,0.005450076,0.0037111735,0.010053968
0.0025971727,0.0017643337,0.0021298241,0.0021213363,0.0026484733,0.00087071204,0.0013248028,0.0021322414,0.0020429105,0.0011507192,0.0013814732,0.0014021411,0.0015920247,0.0013734329,0.002926612,0.0016193427,0.001389575,0.0014042057,0.0022086632,0.0018698383,0.0012129615,0.0017513159,0.002847741,0.0013079889,0.0013738045,0.0027644811,0.001522953,0.001912835,0.002044266,0.0021600155,0.0016052657,0.0015335433,0.0031213108,0.0013305297,0.0015017262,0.0053979093,0.010357491,0.002214471,0.0058138296,0.0041977107,0.011195131,0.07820879,0.12579201,0.19022125,0.19344948,0.2769689,0.107063234,0.034653325,0.0015258322,0.109141715,0.71384656,0.8300317,0.019165736,0.074240744,0.5358254,0.0057901856,0.022406079,0.022114646,0.008822318,0.0029500548,0.007483046
0.004578269,0.001775913,0.001466948,0.0021112976,0.002870154,0.0018319042,0.0017009897,0.0027332392,0.0022647078,0.0015597058,0.0016207704,0.002306301,0.001952323,0.0017809344,0.0030551783,0.0025582025,0.0020204892,0.003159527,0.0029670137,0.0021407786,0.002563904,0.0035544136,0.004793454,0.001801268,0.0021517836,0.0054788617,0.0019638014,0.0036957152,0.0041286903,0.0027612387,0.0016127243,0.0021623734,0.004897317,0.0017306274,0.00181713,0.00368497,0.0032001007,0.0021579065,0.00199159,0.0037144423,0.0059236204,0.033846833,0.04664082,0.11520003,0.088606596,0.04109242,0.029938258,0.1592034,0.10914175,0.0018454671,0.23771353,0.044866864,0.13718276,0.74889493,0.053864427,0.006084223,0.005385821,0.061864477,0.012461783,0.0065915855,0.007742155
0.0024079632,0.0014181614,0.0013875101,0.0018360653,0.0029819992,0.0013376577,0.0010382462,0.0037860384,0.001615989,0.0012492429,0.0021765293,0.0038108535,0.0011259265,0.0010172849,0.005521394,0.002047407,0.0015601976,0.0023593868,0.003610923,0.0013254274,0.0016914601,0.0030215024,0.0050537703,0.002805012,0.00515509,0.0032000581,0.0013461398,0.0015791272,0.0017688307,0.0024786263,0.0009752519,0.0017593965,0.005813502,0.0025113858,0.0013837814,0.0046985056,0.0075567937,0.0016337018,0.00209548,0.0016751447,0.0070019816,0.016658368,0.016252467,0.0668362,0.22466673,0.15355846,0.036213856,0.39803037,0.71384645,0.23771363,0.0014351481,0.007999133,0.01680742,0.92635095,0.85085696,0.0023895192,0.0060242834,0.1235261,0.009230775,0.002000046,0.0089677265
0.0029360487,0.0015522557,0.00082465063,0.0017012917,0.0013034256,0.001201818,0.0011249031,0.0018184796,0.0013144992,0.00078858674,0.0009304216,0.0017711628,0.0009598997,0.0008984734,0.0014558072,0.0013330893,0.0012556446,0.0016468398,0.0016418368,0.0016563658,0.001862415,0.0019811476,0.0024073182,0.0013112755,0.0018511148,0.0027192752,0.0024855116,0.0031256212,0.0041707554,0.003268114,0.0021022174,0.0017992021,0.013461935,0.002862753,0.0025028072,0.0114664715,0.008795967,0.003843769,0.0538546,0.009067651,0.23597093,0.17423382,0.050480664,0.5312967,0.35677555,0.72395295,0.50738996,0.14806361,0.8300317,0.044866875,0.007999133,0.000864485,0.012617176,0.009353694,0.5010421,0.01443162,0.012620206,0.005998979,0.0010944344,0.00017293214,0.0045073954
0.0016266628,0.001781589,0.0011033808,0.0017591991,0.0014326395,0.00096907536,0.0016489805,0.001598509,0.0011262418,0.001207861,0.0018664044,0.0013843845,0.0017061692,0.0013207606,0.0015476939,0.0013739733,0.0024301615,0.0010086731,0.0030510314,0.0016958177,0.0026578456,0.004424377,0.0032753646,0.0020688332,0.0024254448,0.0074192896,0.0027601058,0.003136587,0.0048779836,0.0067747706,0.0020662704,0.0030769636,0.005971906,0.0035434193,0.003180149,0.041564412,0.021074254,0.0100141,0.04622542,0.04406808,0.05494387,0.06100399,0.025905304,0.26553178,0.12713723,0.09563471,0.18991743,0.037047915,0.019165736,0.13718276,0.01680742,0.012617176,0.0013510436,0.0515172,0.021408787,0.020170415,0.120832436,0.011055418,0.00666649,0.0016692288,0.0009193027
0.0034456917,0.0012696219,0.0012578466,0.0020177134,0.0015330244,0.0010542204,0.001107415,0.0028904644,0.0017950194,0.0011846957,0.001913754,0.0027273018,0.0018203494,0.0011867344,0.0025323853,0.0030573558,0.0015038355,0.0019388989,0.004307268,0.0018260144,0.0017315,0.0043811863,0.0047079814,0.003502533,0.002442521,0.0074142446,0.002369386,0.00186819,0.0037731829,0.00383388,0.0015370988,0.00361307,0.004916444,0.0030714,0.0018722883,0.010640673,0.014167923,0.0023024816,0.0013531747,0.0022403724,0.0030048701,0.051122528,0.009693016,0.010045941,0.016269285,0.10062995,0.022476407,0.05998652,0.07424076,0.74889493,0.92635095,0.009353694,0.0515172,0.0019151763,0.054795213,0.0057609566,0.26247972,0.72392863,0.020419305,0.0047033518,0.0012057751
0.0022671442,0.0011489311,0.001008897,0.001722983,0.002640962,0.0013856872,0.0013337872,0.0024926176,0.0015665719,0.0013259199,0.001575783,0.0022398673,0.0014060965,0.0012337174,0.0025238334,0.0020219723,0.0011117444,0.0016271553,0.003777679,0.0023334725,0.0014554198,0.0039526653,0.0018438594,0.0022361022,0.0021740848,0.0046244278,0.0017066703,0.0016004295,0.0038957552,0.0052563897,0.0012839119,0.0021979515,0.023533383,0.0030144348,0.0022849839,0.008840984,0.017834341,0.0035265472,0.0028963923,0.0020335335,0.012269062,0.009141587,0.009289873,0.0114164185,0.023523496,0.18375184,0.021898245,0.019999202,0.5358254,0.053864427,0.850857,0.5010421,0.021408787,0.054795213,0.0014068673,0.0028471667,0.027188608,0.9365802,0.100803204,0.0015189188,0.0058798757
0.0020888676,0.0009606691,0.00095979625,0.001190181,0.0018180712,0.0021767593,0.0013300166,0.0011968674,0.00096319447,0.00073197053,0.0012465804,0.0016538792,0.0012719986,0.0013779569,0.0015230573,0.0022858765,0.0012130713,0.0013852614,0.002027447,0.0009428688,0.0015778345,0.0026619036,0.0029374606,0.0018689905,0.003209792,0.0026087959,0.0038934501,0.0046173786,0.0066790245,0.0075366837,0.004507554,0.0058641015,0.10160533,0.03032324,0.014548932,0.1594493,0.14874543,0.017871883,0.7716394,0.03324089,0.5969525,0.02337081,0.009898326,0.029531842,0.013019547,0.05458653,0.1302091,0.008741892,0.0057901856,0.006084223,0.0023895202,0.014431628,0.020170419,0.0057609566,0.0028471667,0.00075457495,0.012422001,0.00535355,0.16809556,0.018081712,0.004832149
0.0024625242,0.001821472,0.0017333613,0.002231201,0.0016914536,0.0013546034,0.0017705457,0.001473458,0.0016579058,0.0019218955,0.0018945906,0.0014299046,0.0020674455,0.0018197033,0.0022372697,0.0016193737,0.0018436075,0.001731734,0.0018429066,0.0013177514,0.001893487,0.0023166256,0.0027452502,0.002632499,0.0027301398,0.007680408,0.004511047,0.0029803172,0.005224146,0.00825248,0.005730877,0.005007368,0.043882534,0.010323475,0.009215681,0.2911058,0.03447154,0.00806148,0.051994793,0.007282828,0.009078785,0.009772038,0.011634046,0.012751047,0.010999079,0.04775533,0.014782684,0.011339624,0.022406073,0.005385824,0.0060242834,0.012620206,0.120832436,0.26247972,0.027188608,0.012421995,0.0016141583,0.029509233,0.023384891,0.046947762,0.0102768345
0.004052846,0.00190155,0.0024553803,0.002579314,0.0023458917,0.0018362383,0.0016583154,0.0027548452,0.0024101646,0.0019330648,0.0014513237,0.0032158603,0.0015797234,0.0014377204,0.003298043,0.002781684,0.0017286555,0.0035447597,0.0028160226,0.0025085912,0.002566359,0.0033861864,0.00496468,0.0046360423,0.0030136183,0.009947537,0.0025447952,0.0029440497,0.009140991,0.0069699283,0.0038523064,0.0046637836,0.03360754,0.0046105743,0.0026091547,0.008180247,0.0038611344,0.002635004,0.002390672,0.0013605717,0.003785152,0.009323308,0.0053509553,0.0038410588,0.009975763,0.020112684,0.005757391,0.012971278,0.022114646,0.061864488,0.1235261,0.005998979,0.011055418,0.72392863,0.9365803,0.00535355,0.029509233,0.01360236,0.02870374,0.0064533283,0.084255464
0.005789958,0.0018611744,0.0014767584,0.0016568373,0.001960164,0.0025869934,0.0014869693,0.0020338024,0.0022517904,0.0016008432,0.0015314391,0.0024288762,0.0011014327,0.0012228109,0.0020303184,0.0027765224,0.001776877,0.0029073944,0.00264594,0.001810665,0.0027794798,0.0018293277,0.0034853898,0.003807591,0.0020357138,0.008100692,0.004359104,0.006045768,0.0061789285,0.040056124,0.005882454,0.0070602074,0.8570017,0.034894366,0.0071032615,0.036111042,0.043941222,0.007966372,0.018009394,0.003632984,0.012174924,0.012273981,0.006701317,0.010255338,0.008675554,0.025312798,0.005987214,0.005450076,0.0088223135,0.012461783,0.009230775,0.0010944344,0.00666649,0.0204193,0.100803226,0.16809553,0.023384891,0.02870374,0.0033651297,0.0030363337,0.02903836
0.005119208,0.0011130504,0.0013847122,0.0012400292,0.0018164996,0.0019681633,0.002555991,0.0013573838,0.0013820048,0.0028674845,0.0019618736,0.003922734,0.0012180639,0.0024438817,0.0030181059,0.0021384198,0.001330569,0.0015369443,0.004072417,0.0014918682,0.0025446971,0.0032887985,0.0067097615,0.0038133583,0.004393963,0.012556597,0.021254404,0.022334786,0.026025284,0.163427,0.018768016,0.051463556,0.25119916,0.31876573,0.046952773,0.13662358,0.050291903,0.06381673,0.083668165,0.052067168,0.009023395,0.007840733,0.0044626906,0.010826835,0.005347069,0.0038025863,0.012440587,0.0037111735,0.0029500548,0.0065915887,0.002000046,0.00017293214,0.0016692288,0.0047033494,0.0015189188,0.018081706,0.046947774,0.0064533283,0.003036335,0.0014660745,0.0064654495
0.0052078213,0.0077841105,0.0039946567,0.0038290443,0.002941804,0.0028509572,0.0029997074,0.0047585745,0.0037486744,0.0035616865,0.0014787975,0.00387117,0.0031922811,0.0023489716,0.0066324295,0.0022632128,0.002550062,0.0064887893,0.004671812,0.0028413015,0.0045663156,0.0036007615,0.009181874,0.009812735,0.008450696,0.03578563,0.013371305,0.009161768,0.04385288,0.117279515,0.028169796,0.009000337,0.059460383,0.020071808,0.012367629,0.011807204,0.01799363,0.0048432923,0.0059744315,0.0030891795,0.004177869,0.006090076,0.0063402224,0.004886379,0.011462009,0.0067010787,0.0017731806,0.010053968,0.007483042,0.007742155,0.008967723,0.0045073936,0.0009193027,0.0012057751,0.0058798757,0.004832149,0.0102768345,0.084255464,0.02903836,0.0064654467,0.00041678819
