0,1,2,3,4,5,6,7,8,9,10,11,12,13,14,15,16,17,18,19,20,21,22,23,24,25,26,27,28,29,30,31,32,33,34,35,36,37,38,39,40,41,42,43,44,45,46
0.0012432614,0.01870112,0.07307927,0.22816104,0.28698835,0.08014777,0.13223076,0.70586246,0.1282015,0.035144847,0.13756022,0.092977874,0.021938512,0.04608133,0.036877017,0.010080757,0.013739129,0.009092127,0.0010209243,0.001908762,0.006132794,0.0019183297,0.0004264023,0.002290832,0.00282279,0.0013777064,0.00093937176,0.0024379047,0.0018327989,0.00078897795,0.0025187107,0.0021720913,0.0049188193,0.0028618413,0.001693513,0.0036628714,0.0019453317,0.0007522412,0.0021646607,0.0017291607,0.0017795117,0.00041545538,0.0003741919,0.004134624,0.0029160855,0.00067035115,0.0023133955
0.01870112,0.0034570175,0.25234574,0.4493035,0.7794312,0.23996565,0.34741235,0.42457533,0.10506668,0.04306018,0.038206246,0.011939044,0.007115511,0.01624086,0.009983363,0.0030392262,0.0070195086,0.008821013,0.001053485,0.0014223523,0.003975567,0.0015637954,0.0005166801,0.0017867242,0.001966581,0.0008818157,0.0006011692,0.0031511143,0.003055659,0.0010417706,0.002276465,0.0025576476,0.0041102027,0.0046244604,0.0019078192,0.0030741568,0.003263577,0.0012356478,0.0020433732,0.0018608059,0.0019909455,0.0010135006,0.0005170933,0.0043477123,0.0018938306,0.00077853363,0.0047128415
0.07307927,0.25234574,0.0036423495,0.2504826,0.65770227,0.42611122,0.7327093,0.5279206,0.05210747,0.051705424,0.033380266,0.011465202,0.0047513875,0.0073944377,0.0054768817,0.004174956,0.0033175144,0.0052630063,0.0008741715,0.0013019311,0.0073219878,0.0016220525,0.0005695134,0.0016577053,0.0051462934,0.0007809842,0.0006413959,0.0029629597,0.0046067135,0.0012516284,0.0023491683,0.005865566,0.004346251,0.003166488,0.0022991016,0.002568601,0.0029683725,0.0012591466,0.0033354105,0.0017610422,0.002153617,0.00094936276,0.00060711143,0.0028886166,0.0015843314,0.00074969,0.00089448347
0.22816108,0.4493035,0.25048262,0.0016181631,0.4830172,0.16198082,0.66886884,0.96603715,0.4747639,0.07250684,0.056915056,0.025019314,0.0050057173,0.0046639447,0.0064875754,0.0026946086,0.0033667502,0.004244928,0.0005793218,0.0015697202,0.0076724575,0.0017827632,0.0004198496,0.0033458075,0.008066488,0.00086557836,0.0005536577,0.003580265,0.002293445,0.00077561423,0.002134827,0.0029684927,0.0026524286,0.004544438,0.001650237,0.0022573823,0.00282388,0.0007562606,0.0017061585,0.0018036512,0.0013037657,0.0004798808,0.00033846064,0.0017177288,0.0011611799,0.0004898002,0.00088507385
0.28698826,0.7794312,0.65770227,0.4830173,0.0011891021,0.11563007,0.57855093,0.9847494,0.34656397,0.11060744,0.18503262,0.0069821067,0.0015196698,0.007797602,0.0076289386,0.00047444232,0.0137051055,0.0053162784,0.0003172262,0.00092503586,0.0036414326,0.0018141648,0.00035977885,0.0025154466,0.002831827,0.00077401823,0.00068192196,0.0019304096,0.0018698338,0.0010305479,0.0023429072,0.002828012,0.0027554373,0.0028423974,0.0037767193,0.0020616404,0.0023377512,0.0015825395,0.0010094609,0.0013210997,0.0017769886,0.0004735766,0.00031416107,0.0015815973,0.0016168423,0.00049971463,0.0016762353
0.08014775,0.23996557,0.4261111,0.16198082,0.11563004,0.0015972143,0.39995617,0.024830503,0.737031,0.71162474,0.2616522,0.0051163523,0.001989757,0.020502292,0.0077308654,0.00058826077,0.010436101,0.0053002727,0.0018589832,0.0006862313,0.004338687,0.0026661693,0.0007666884,0.0010814746,0.0048165796,0.0012790211,0.00082581677,0.0023491592,0.0035030674,0.0021217493,0.0020843996,0.0044748224,0.0038329845,0.00403676,0.0047405157,0.0029784658,0.004168993,0.0013661432,0.0009757557,0.0016483479,0.002507219,0.00046329026,0.00030156967,0.0030539539,0.0027637766,0.00081241236,0.0014039837
0.13223079,0.34741235,0.7327093,0.66886884,0.5785511,0.3999563,0.0010850665,0.057087563,0.071040004,0.9171519,0.52526146,0.007907105,0.0025008759,0.103574194,0.020482777,0.0006672302,0.0009046873,0.0068539362,0.0025234686,0.0005080238,0.0008593566,0.0024885566,0.0006497524,0.0011761844,0.0042407936,0.0017964792,0.0004160707,0.0024395776,0.0021029108,0.0011728739,0.0027546722,0.00431833,0.003098203,0.0034077908,0.0015088904,0.0014244154,0.0030699754,0.00134344,0.00096019695,0.0014756958,0.0018774602,0.000554767,0.00031548773,0.001887129,0.002292111,0.00051601126,0.0005602759
0.70586234,0.42457533,0.5279206,0.96603715,0.9847494,0.024830509,0.057087537,0.0005386578,0.02842846,0.02248064,0.8467269,0.08657722,0.028120128,0.0067584263,0.056400444,0.00026016138,0.004169989,0.0024471695,0.00063031254,0.0006331408,0.0030016934,0.0017488843,0.00010973395,0.0019536677,0.0021926789,0.00078004145,0.00046898183,0.0031299226,0.0018484349,0.0009393038,0.0022737677,0.0027227157,0.0026550966,0.0036427022,0.0021991597,0.0017868518,0.0015608505,0.000854528,0.0018040591,0.0012432211,0.00080320414,0.00047295087,0.0007806751,0.002111805,0.0021039275,0.0012044676,0.001811522
0.1282015,0.105066665,0.052107465,0.4747639,0.34656397,0.737031,0.071039975,0.028428454,0.0010310295,0.033375062,0.12071291,0.30483714,0.016474703,0.066686645,0.3372207,0.0023937488,0.012952355,0.011908956,0.00044676763,0.0015157727,0.006392714,0.0015887318,0.0008342818,0.0033057702,0.0030211806,0.00059895904,0.00090143987,0.0019118869,0.0013254731,0.0012332316,0.0015131409,0.002344178,0.002196995,0.0017719443,0.0028790843,0.0011566498,0.0013143596,0.00063777575,0.0011655388,0.0014397941,0.0010036377,0.0006870774,0.0014543986,0.0015809626,0.0014365413,0.0019153613,0.0034248566
0.035144847,0.04306018,0.051705442,0.07250682,0.11060744,0.71162474,0.9171519,0.022480644,0.033375062,0.001414882,0.12240616,0.009653636,0.050307915,0.7289907,0.029272668,0.0034910517,0.0014499858,0.040615294,0.0060014506,0.00040767435,0.0007857595,0.009094628,0.00080440665,0.0006236382,0.0015484825,0.0015434657,0.0006521135,0.0012085239,0.0046201563,0.0009314455,0.002633462,0.0032143097,0.0034048464,0.004209759,0.0011487692,0.0026137424,0.0032067562,0.00066318834,0.001089456,0.0015401102,0.0031104556,0.00095060584,0.00059942703,0.002662547,0.0051586297,0.0021297906,0.0008078407
0.13756022,0.038206246,0.033380266,0.056915056,0.18503262,0.2616523,0.5252616,0.8467269,0.12071294,0.12240616,0.0016228852,0.08825671,0.014974773,0.17328674,0.17273612,0.0005442854,0.005477139,0.004591749,0.0054766065,0.0018454521,0.00039937106,0.0009882437,0.00033465135,0.0012195011,0.00016991452,0.00058652327,0.0008125207,0.0024387736,0.0009333765,0.0008168891,0.0014868035,0.0024900972,0.0020747671,0.0021159342,0.0025005057,0.0037946072,0.0029547529,0.0028112142,0.0021071676,0.0042724167,0.0016702183,0.00122868,0.0017539165,0.003073581,0.002555233,0.0017171426,0.005302214
0.0929779,0.011939039,0.011465208,0.025019314,0.0069821067,0.0051163523,0.007907105,0.08657722,0.30483714,0.009653636,0.08825671,0.0020352064,0.049740486,0.0092392,0.81443703,0.593794,0.20144662,0.014078459,0.021164542,0.044016566,0.01039154,0.0015489778,0.00014909117,0.0016759647,0.0035318714,0.00018204258,0.0009030096,0.0019555571,0.0007602279,0.0002483617,0.0008984755,0.0011987996,0.0012130066,0.0012416018,0.001444702,0.0011215018,0.00075733947,0.001267236,0.0032803596,0.0018091429,0.0006880236,0.001290268,0.07461229,0.0030941425,0.0029348598,0.0052145473,0.0307611
0.021938512,0.007115511,0.0047513875,0.0050057173,0.0015196698,0.001989757,0.0025008759,0.028120128,0.01647471,0.050307915,0.014974779,0.049740486,0.00033336392,0.06847404,0.061834116,0.9462917,0.683792,0.21902174,0.09261935,0.19200471,0.0659509,0.004710498,0.0013447508,0.010939314,0.0032777223,0.0007590197,0.0013094448,0.0014287722,0.0011982709,0.0003948851,0.0007730633,0.0017125974,0.0013190121,0.0018220796,0.0017027977,0.0010743211,0.000978805,0.0009868974,0.0011725165,0.0034941598,0.00045466184,0.00047425856,0.008578296,0.0017666102,0.0020744926,0.008726823,0.034206394
0.04608133,0.01624086,0.0073944377,0.0046639447,0.0077975993,0.020502292,0.10357415,0.0067584263,0.066686645,0.7289907,0.17328669,0.0092392,0.06847404,0.0015891516,0.050507005,0.0127954045,0.038997903,0.5703685,0.019668449,0.00111506,0.0005065536,0.05395702,0.0019917814,0.0007816331,0.0005448169,0.0021029937,0.0009348414,0.0010970503,0.002607914,0.00070374704,0.0010981613,0.002592737,0.002296631,0.0025516306,0.0015940754,0.0018594115,0.0024019056,0.0010571898,0.0011382987,0.0023558897,0.0028520299,0.002844788,0.0012731488,0.0048751514,0.0068169264,0.011969068,0.007354089
0.036877017,0.009983358,0.0054768817,0.0064875754,0.0076289386,0.0077308617,0.020482777,0.056400433,0.3372207,0.029272668,0.17273605,0.814437,0.0618341,0.050507013,0.00060186285,0.006621814,0.02128889,0.38926968,0.17355192,0.0042956457,0.022049718,0.0039021128,0.0010149117,0.0006131779,0.0033878395,0.0003049181,0.0010337943,0.00050276547,0.00039750955,0.0004530611,0.00043078043,0.0006060667,0.00071585976,0.0009304593,0.00082630955,0.001520342,0.0025854853,0.0022110161,0.0028564578,0.010006473,0.0026377009,0.0021756843,0.0012188479,0.0080094095,0.011089482,0.02517869,0.016454473
0.010080757,0.0030392262,0.004174956,0.0026946086,0.00047444232,0.00058826077,0.0006672302,0.00026016138,0.0023937488,0.0034910536,0.0005442854,0.593794,0.9462918,0.012795409,0.006621814,0.000878704,0.20717438,0.043618936,0.11183305,0.57133895,0.26651627,0.005891636,0.038841844,0.023167327,0.0092539955,0.0013143301,0.0021843528,0.0016675981,0.0011137908,0.0005456955,0.00035285848,0.0007580749,0.0011598057,0.0014241223,0.00094377575,0.0014489313,0.00094529387,0.001061169,0.005328908,0.0058738585,0.0013442911,0.0027992867,0.6639297,0.009600064,0.003049693,0.03215376,0.05359021
0.013739129,0.0070195086,0.0033175163,0.0033667502,0.0137051055,0.010436101,0.0009046873,0.004169989,0.012952355,0.0014499858,0.005477139,0.20144662,0.6837922,0.038997903,0.02128889,0.20717433,0.0004477175,0.022649769,0.09066169,0.5657278,0.5457146,0.025455896,0.008598158,0.013754748,0.0033692596,0.0016981594,0.0010821563,0.0009410658,0.001229615,0.00059240864,0.0005749681,0.0014942524,0.0011295839,0.0011769761,0.0013748922,0.0010319685,0.0012630768,0.001400297,0.0013249392,0.0058577806,0.00059078675,0.000875602,0.035983402,0.0021630917,0.0023637323,0.02020671,0.016588595
0.009092127,0.008821009,0.0052630063,0.004244928,0.0053162784,0.0053002727,0.006853933,0.0024471695,0.011908956,0.040615294,0.0045917467,0.014078459,0.21902177,0.5703685,0.38926968,0.043618925,0.022649769,0.0012510259,0.04919138,0.0077476986,0.09475898,0.10031443,0.0020241586,0.001246543,0.0012580995,0.0017384398,0.0010034685,0.0011891043,0.0009835716,0.00076056446,0.0011769062,0.0017146579,0.0014996607,0.001817502,0.0011555993,0.0016533816,0.002879684,0.0015657144,0.0020682397,0.003335363,0.0089268945,0.002989959,0.007373238,0.0055550644,0.011514171,0.01292135,0.010986585
0.0010209243,0.001053485,0.00087417196,0.0005793218,0.0003172262,0.0018589832,0.0025234686,0.00063031283,0.000446768,0.006001454,0.005476609,0.021164542,0.09261935,0.01966846,0.17355192,0.111833006,0.090661705,0.049191397,0.008193542,0.08816817,0.0498995,0.49716333,0.02120795,0.006434965,0.043009598,0.0003564412,0.00063243584,0.0010241127,0.0008922904,0.0004728729,0.00014115336,0.00042636658,0.0006174987,0.000845042,0.0009364697,0.0014506122,0.0035576813,0.0076083997,0.008906142,0.0091428915,0.013261428,0.02994735,0.013196617,0.09008559,0.049141675,0.43674517,0.052078906
0.0019087609,0.0014223523,0.0013019311,0.0015697202,0.00092503586,0.00068623165,0.0005080238,0.0006331408,0.0015157734,0.00040767435,0.0018454513,0.044016566,0.19200476,0.00111506,0.0042956457,0.57133895,0.5657278,0.0077476986,0.08816817,0.00039036098,0.14907907,0.0028702875,0.22216186,0.031952124,0.014422346,0.0032924612,0.00442615,0.0053333254,0.001644311,0.0011264842,0.00093784253,0.0022185831,0.0011419436,0.0012120925,0.0020731683,0.004534889,0.0012151159,0.00076566864,0.0118880505,0.0041607893,0.001308989,0.006449004,0.9984999,0.004220928,0.0030451687,0.072176054,0.050232694
0.0061327918,0.003975567,0.0073219878,0.0076724575,0.0036414326,0.004338687,0.0008593566,0.0030016934,0.006392714,0.0007857595,0.00039937106,0.01039154,0.0659509,0.0005065536,0.022049712,0.26651627,0.5457146,0.09475898,0.049899485,0.14907907,0.00058724766,0.027385954,0.0046051135,0.30424583,0.2945559,0.0028887964,0.0027032797,0.0026701638,0.0046779113,0.0015856224,0.0012282378,0.001998537,0.0031458372,0.002134684,0.0021212597,0.0033783843,0.0017678492,0.001621613,0.0024400789,0.0023477694,0.0021087034,0.0015130342,0.008179112,0.0027059691,0.0039955787,0.017326787,0.014904689
0.0019183297,0.0015637954,0.0016220525,0.0017827632,0.0018141648,0.0026661693,0.0024885566,0.0017488843,0.0015887318,0.009094628,0.0009882443,0.0015489778,0.004710498,0.053957008,0.0039021128,0.005891636,0.025455896,0.100314446,0.49716333,0.0028702875,0.027385961,0.0011398483,0.004410691,0.0009996117,0.12739916,0.030979723,0.0025030547,0.0020045617,0.0041717975,0.0014220739,0.0012175355,0.0033620733,0.0022850786,0.0016600657,0.0014349212,0.0021699395,0.012811526,0.003778058,0.0016011542,0.005873816,0.18089296,0.03998993,0.027654873,0.02063898,0.43876547,0.09696166,0.003041485
0.0004264023,0.0005166801,0.0005695134,0.0004198496,0.00035977885,0.0007666887,0.0006497524,0.00010973395,0.00083428225,0.00080440706,0.000334651,0.00014909104,0.0013447515,0.0019917823,0.0010149117,0.038841862,0.008598158,0.0020241586,0.02120795,0.22216186,0.0046051135,0.004410691,0.0007783296,0.15748742,0.007857546,0.00737714,0.026474675,0.019684464,0.016759211,0.0008980245,0.0031305784,0.002356123,0.003245629,0.0020603088,0.0059227757,0.007258499,0.0036021054,0.06289233,0.18557785,0.06173085,0.006102081,0.9207987,0.8330109,0.016389206,0.014506224,0.7693032,0.08940643
0.002290832,0.0017867242,0.001657706,0.0033458075,0.002515448,0.0010814746,0.0011761844,0.0019536677,0.0033057719,0.00062363857,0.0012195011,0.0016759647,0.010939314,0.0007816331,0.0006131779,0.023167327,0.013754748,0.001246543,0.006434965,0.03195214,0.30424583,0.0009996117,0.15748742,0.00014747436,0.077305995,0.003251164,0.028984776,0.28296557,0.0114817945,0.0020941612,0.009670258,0.010863651,0.006880043,0.010502755,0.009557747,0.0066772345,0.0016503634,0.017103832,0.022474054,0.0029853142,0.0007435119,0.042914737,0.67805123,0.0039006153,0.0021514262,0.07629277,0.010228757
0.00282279,0.001966581,0.0051462934,0.008066488,0.002831827,0.0048165796,0.0042407936,0.0021926789,0.0030211806,0.0015484825,0.00016991452,0.0035318714,0.0032777223,0.0005448169,0.0033878412,0.0092539955,0.0033692596,0.0012580995,0.04300959,0.014422346,0.2945559,0.12739916,0.007857546,0.07730598,0.00027448055,0.004726357,0.003843639,0.4440112,0.2562086,0.0099836355,0.004648727,0.012113092,0.02580737,0.014789242,0.005267254,0.0071444022,0.01461429,0.003831337,0.001583851,0.0020981529,0.01838187,0.0022197848,0.0039645424,0.0024234613,0.006162599,0.011742852,0.0036795244
0.0013777064,0.0008818157,0.00078098464,0.00086557836,0.0007740186,0.0012790217,0.0017964792,0.00078004145,0.00059895904,0.0015434657,0.00058652327,0.00018204242,0.0007590197,0.0021029946,0.0003049181,0.0013143301,0.0016981594,0.0017384407,0.0003564412,0.0032924612,0.0028887964,0.030979715,0.00737714,0.0032511624,0.004726357,0.0011481844,0.0053308574,0.009117879,0.1266552,0.15185767,0.011004667,0.015458131,0.011164105,0.012078027,0.009246907,0.0068129753,0.14076346,0.52460915,0.01315187,0.010273213,0.89691955,0.9883357,0.00462038,0.013223594,0.19203971,0.02861141,0.002796094
0.00093937176,0.0006011689,0.0006413959,0.0005536577,0.00068192196,0.00082581677,0.00041607048,0.00046898183,0.00090143987,0.0006521135,0.0008125207,0.0009030096,0.0013094448,0.0009348414,0.0010337948,0.0021843528,0.0010821563,0.0010034685,0.00063243584,0.00442615,0.0027032797,0.0025030547,0.02647468,0.02898477,0.003843639,0.0053308574,8.9752146e-05,0.036365125,0.0016464195,0.01600844,0.75457555,0.0439625,0.011749035,0.03425289,0.802364,0.05449646,0.0054679024,0.9888864,0.85365397,0.020422876,0.0029750098,0.44488823,0.02607236,0.005431153,0.009424962,0.013864632,0.004218103
0.0024379047,0.003151113,0.002962961,0.003580265,0.0019304096,0.0023491592,0.0024395776,0.0031299237,0.0019118874,0.0012085239,0.0024387736,0.0019555571,0.0014287722,0.0010970503,0.00050276547,0.0016675981,0.0009410658,0.0011891043,0.0010241127,0.0053333254,0.0026701652,0.0020045617,0.019684464,0.28296545,0.4440112,0.009117879,0.036365133,0.00031883072,0.032851137,0.0073939725,0.5299583,0.19391565,0.027766574,0.07225801,0.062881194,0.020192875,0.009412607,0.038103543,0.03557187,0.0026660832,0.0016695624,0.00696246,0.006746481,0.0020313708,0.003951389,0.0050147646,0.0055464627
0.0018327989,0.003055659,0.0046067135,0.002293445,0.0018698338,0.0035030674,0.0021029108,0.0018484357,0.0013254731,0.0046201563,0.0009333761,0.0007602279,0.0011982709,0.002607914,0.00039750955,0.0011137908,0.0012296155,0.0009835721,0.0008922904,0.001644311,0.004677913,0.004171799,0.016759211,0.0114817945,0.2562086,0.12665516,0.0016464187,0.032851137,0.0010081184,0.026086962,0.0073190634,0.75071216,0.27662736,0.08982111,0.024562536,0.017816493,0.123293914,0.015255941,0.0026284668,0.0036773086,0.07254647,0.02161381,0.0010034513,0.00312744,0.05454392,0.0047261794,0.0023287316
0.0007889776,0.00104177,0.0012516284,0.00077561423,0.0010305479,0.0021217503,0.0011728739,0.0009393038,0.0012332316,0.0009314451,0.0008168887,0.0002483617,0.00039488493,0.00070374704,0.0004530613,0.0005456955,0.00059240864,0.00076056446,0.0004728729,0.0011264842,0.0015856224,0.0014220739,0.00089802407,0.0020941612,0.0099836355,0.15185772,0.01600844,0.0073939725,0.026086962,0.0010946571,0.0070221946,0.014651328,0.5284132,0.6855895,0.23372294,0.10658477,0.8532373,0.99941885,0.028168766,0.006864194,0.75783,0.069909096,0.000503254,0.002977887,0.010522853,0.008741181,0.0010864172
0.0025187107,0.002276465,0.0023491683,0.002134827,0.0023429072,0.0020844007,0.0027546722,0.0022737677,0.0015131409,0.002633462,0.001486803,0.0008984755,0.0007730633,0.0010981613,0.00043078043,0.00035285848,0.0005749681,0.0011769062,0.00014115336,0.00093784207,0.0012282378,0.0012175355,0.0031305784,0.009670253,0.004648727,0.011004667,0.75457555,0.5299583,0.0073190634,0.0070221946,0.00026221882,0.024323603,0.052458026,0.41662452,0.9187841,0.32530627,0.03991724,0.8979557,0.13178416,0.0096000405,0.008247401,0.033317592,0.0006766207,0.0035931536,0.006255554,0.0024506245,0.00070230424
0.00217209,0.0025576463,0.005865566,0.0029684927,0.002828012,0.0044748224,0.00431833,0.0027227171,0.002344178,0.0032143097,0.0024900972,0.0011987991,0.0017125974,0.002592737,0.0006060667,0.0007580749,0.0014942524,0.0017146572,0.00042636634,0.0022185831,0.001998537,0.0033620733,0.0023561218,0.010863651,0.012113092,0.015458131,0.04396249,0.19391562,0.75071216,0.014651328,0.024323603,0.0005408711,0.05347031,0.25436088,0.0868792,0.086681314,0.074934006,0.0975545,0.012173616,0.009337346,0.012016926,0.008642045,0.0006648854,0.003164401,0.006451155,0.0018632644,0.0007638813
0.0049188193,0.0041102027,0.004346251,0.0026524286,0.0027554373,0.0038329845,0.003098203,0.0026550966,0.0021969958,0.0034048464,0.0020747671,0.0012130073,0.0013190121,0.0022966322,0.00071585976,0.0011598057,0.0011295839,0.0014996607,0.0006174987,0.0011419436,0.0031458386,0.0022850786,0.003245629,0.006880043,0.02580737,0.011164105,0.011749035,0.027766569,0.27662736,0.5284132,0.052458026,0.05347031,0.0009676763,0.16457336,0.03752139,0.1514385,0.43207696,0.06393966,0.019332442,0.004417436,0.015515574,0.005637427,0.0003651729,0.0020782126,0.009444092,0.0012726021,0.0010470394
0.00286184,0.0046244604,0.003166488,0.004544438,0.0028423974,0.00403676,0.0034077908,0.0036427022,0.0017719443,0.004209759,0.002115933,0.0012416011,0.0018220796,0.0025516306,0.0009304593,0.0014241223,0.0011769761,0.001817502,0.00084504165,0.0012120925,0.002134684,0.0016600648,0.0020603088,0.010502755,0.014789242,0.012078022,0.034252897,0.07225801,0.08982111,0.6855895,0.4166247,0.25436088,0.16457336,0.000796048,0.008144295,0.20122097,0.48496744,0.014376579,0.00685123,0.013113789,0.008071057,0.001005367,0.00021148812,0.002772729,0.0035641612,0.00064300594,0.0019607346
0.001693513,0.0019078192,0.0022991027,0.001650237,0.0037767193,0.004740518,0.0015088904,0.0021991597,0.0028790843,0.0011487692,0.0025005057,0.001444702,0.0017027977,0.0015940754,0.00082630955,0.00094377575,0.0013748922,0.0011555997,0.0009364701,0.0020731683,0.0021212597,0.0014349212,0.0059227757,0.009557747,0.005267254,0.009246911,0.802364,0.062881194,0.02456254,0.23372298,0.9187841,0.086879216,0.03752139,0.008144295,0.00039641664,0.32788274,0.03648969,0.08029801,0.3077168,0.04015753,0.00080708857,0.0032547307,0.0011139117,0.009041232,0.0011327227,0.00057840394,0.0017944947
0.0036628714,0.0030741568,0.002568601,0.0022573823,0.0020616404,0.0029784658,0.0014244154,0.0017868518,0.0011566498,0.0026137412,0.0037946072,0.0011215018,0.0010743211,0.0018594115,0.001520342,0.0014489313,0.001031969,0.0016533816,0.0014506114,0.004534889,0.0033783843,0.0021699395,0.007258499,0.0066772345,0.007144399,0.0068129753,0.05449646,0.02019287,0.017816493,0.106584795,0.32530627,0.086681314,0.1514385,0.20122097,0.32788262,0.0013021164,0.053497717,0.027456816,0.11147732,0.038348835,0.005826806,0.0030938878,0.00087100005,0.006111151,0.0016942079,0.00079261814,0.0032497023
0.0019453317,0.003263577,0.0029683742,0.00282388,0.0023377512,0.004168993,0.0030699754,0.0015608505,0.0013143596,0.0032067562,0.0029547515,0.00075733947,0.000978805,0.0024019056,0.0025854853,0.00094529387,0.0012630774,0.002879684,0.0035576813,0.0012151159,0.0017678492,0.012811526,0.0036021054,0.0016503634,0.01461429,0.14076346,0.0054679024,0.009412607,0.123293914,0.8532373,0.03991724,0.07493402,0.43207696,0.48496744,0.03648969,0.053497717,0.0013669345,0.003506656,0.0027422076,0.038804952,0.39789292,0.003144577,0.00022681573,0.00033524336,0.0036887887,0.0020185884,0.0013399043
0.0007522412,0.0012356474,0.0012591466,0.0007562606,0.0015825395,0.0013661432,0.00134344,0.000854528,0.00063777575,0.00066318834,0.002811213,0.001267236,0.0009868979,0.0010571898,0.0022110173,0.001061169,0.001400297,0.0015657151,0.0076083997,0.00076566864,0.0016216139,0.0037780562,0.06289233,0.017103827,0.003831335,0.52460915,0.9888864,0.038103543,0.015255941,0.99941885,0.8979557,0.09755452,0.063939646,0.014376579,0.08029801,0.027456816,0.003506656,6.19826e-05,0.012907003,0.0042305244,0.05064216,0.008377843,0.0011388493,0.00044293038,0.0005171379,0.00023521834,0.00057884626
0.0021646607,0.0020433732,0.0033354105,0.0017061585,0.0010094609,0.0009757552,0.0009601965,0.0018040591,0.0011655388,0.001089456,0.0021071676,0.0032803596,0.0011725165,0.0011382987,0.0028564592,0.0053289062,0.0013249392,0.0020682397,0.008906137,0.0118880505,0.0024400789,0.0016011542,0.18557781,0.022474049,0.001583851,0.01315187,0.85365397,0.03557187,0.0026284668,0.028168766,0.13178416,0.012173622,0.019332439,0.00685123,0.3077167,0.1114773,0.0027422076,0.01290701,0.0036546371,0.012922473,0.004371461,0.006140536,0.6579219,0.0023974858,0.0028414205,0.001147059,0.0008239963
0.00172916,0.0018608051,0.0017610422,0.0018036512,0.0013210997,0.0016483479,0.0014756958,0.0012432211,0.0014397935,0.0015401102,0.0042724167,0.001809142,0.0034941598,0.0023558897,0.010006473,0.0058738585,0.0058577806,0.003335363,0.0091428915,0.0041607893,0.0023477694,0.0058738138,0.061730836,0.0029853142,0.002098152,0.010273213,0.020422876,0.0026660832,0.0036773086,0.006864194,0.0096000405,0.009337346,0.004417436,0.013113789,0.04015753,0.038348835,0.038804952,0.0042305244,0.012922469,0.001724611,0.013667971,0.0032338384,0.052242447,0.8235125,0.0019400703,0.00919431,0.45568666
0.0017795127,0.0019909455,0.002153617,0.0013037664,0.0017769886,0.0025072205,0.0018774611,0.0008032044,0.0010036377,0.0031104556,0.0016702175,0.0006880236,0.00045466184,0.0028520299,0.0026377023,0.0013442911,0.00059078675,0.0089268945,0.013261428,0.001308989,0.0021087034,0.18089296,0.006102081,0.00074351224,0.01838187,0.89691955,0.0029750098,0.0016695617,0.07254647,0.75783,0.008247401,0.012016926,0.015515574,0.008071057,0.00080708857,0.005826806,0.39789292,0.05064216,0.004371461,0.0136679765,0.0009722581,0.0059909434,0.0021734766,0.08818107,0.41866916,0.008261949,0.0031488305
0.00041545555,0.0010135006,0.0009493623,0.0004798808,0.0004735766,0.00046329046,0.000554767,0.00047295087,0.0006870774,0.00095060584,0.0012286794,0.001290268,0.00047425856,0.002844789,0.0021756843,0.0027992867,0.000875602,0.0029899606,0.02994735,0.006449004,0.0015130349,0.03998993,0.9207987,0.042914737,0.0022197848,0.9883357,0.44488832,0.006962457,0.021613816,0.069909096,0.033317592,0.008642045,0.005637427,0.0010053675,0.0032547307,0.0030938878,0.003144577,0.008377843,0.006140536,0.0032338384,0.0059909434,0.00020818479,0.08125952,0.011531264,0.7163789,0.58739454,0.0011039096
0.0003741921,0.0005170935,0.00060711143,0.00033846064,0.00031416077,0.00030156967,0.00031548773,0.0007806751,0.0014543994,0.00059942703,0.0017539165,0.07461227,0.008578296,0.0012731495,0.0012188479,0.6639297,0.035983402,0.0073732412,0.013196617,0.9984999,0.008179112,0.027654873,0.8330109,0.6780515,0.0039645424,0.00462038,0.026072368,0.006746481,0.0010034513,0.00050325424,0.0006766207,0.0006648854,0.0003651729,0.00021148812,0.0011139117,0.00087100005,0.00022681573,0.0011388493,0.6579219,0.052242473,0.0021734755,0.0812595,0.00024863702,0.02483019,0.0021759153,0.02877695,0.98362803
0.004134624,0.0043477123,0.0028886152,0.001717728,0.0015815973,0.0030539539,0.001887129,0.002111805,0.0015809626,0.002662547,0.003073581,0.0030941425,0.0017666102,0.0048751514,0.0080094095,0.009600064,0.0021630917,0.0055550644,0.090085566,0.004220928,0.0027059691,0.020638973,0.016389206,0.0039006153,0.00242346,0.013223588,0.00543115,0.0020313698,0.00312744,0.002977887,0.003593152,0.003164401,0.0020782116,0.002772729,0.009041232,0.006111148,0.00033524365,0.00044293038,0.0023974858,0.8235125,0.088181056,0.011531258,0.024830187,0.0017176307,0.015546421,0.06779414,0.9922334
0.0029160855,0.0018938306,0.0015843314,0.0011611799,0.0016168423,0.0027637766,0.002292111,0.0021039287,0.0014365413,0.0051586297,0.0025552318,0.0029348598,0.0020744926,0.0068169264,0.011089482,0.003049693,0.0023637323,0.011514171,0.04914166,0.0030451687,0.0039955787,0.43876547,0.014506224,0.0021514262,0.006162599,0.19203974,0.009424962,0.003951389,0.05454392,0.010522853,0.006255554,0.006451155,0.009444092,0.0035641612,0.0011327227,0.0016942079,0.0036887887,0.0005171379,0.0028414219,0.0019400703,0.41866916,0.7163789,0.0021759153,0.015546421,0.0027322762,0.03228014,0.009327868
0.00067035115,0.00077853363,0.00074969,0.0004898002,0.00049971463,0.00081241236,0.00051601126,0.0012044676,0.0019153613,0.0021297906,0.0017171426,0.0052145473,0.008726823,0.011969075,0.02517869,0.03215376,0.02020671,0.01292135,0.43674517,0.07217604,0.017326795,0.09696166,0.76930326,0.07629278,0.011742852,0.02861141,0.013864632,0.0050147623,0.0047261794,0.008741181,0.0024506245,0.0018632652,0.0012726015,0.00064300594,0.00057840394,0.00079261843,0.0020185884,0.00023521834,0.0011470596,0.00919431,0.008261949,0.58739454,0.02877695,0.06779416,0.03228014,0.00044350565,0.02817978
0.0023133955,0.0047128415,0.0008944839,0.00088507385,0.0016762353,0.0014039837,0.0005602759,0.001811522,0.0034248566,0.0008078407,0.005302214,0.0307611,0.034206394,0.007354089,0.01645448,0.05359022,0.016588595,0.010986585,0.052078906,0.050232716,0.014904689,0.0030414837,0.089406446,0.010228757,0.0036795244,0.002796094,0.004218103,0.0055464627,0.0023287327,0.0010864177,0.0007023046,0.00076388166,0.0010470394,0.0019607346,0.0017944947,0.0032497023,0.0013399043,0.00057884626,0.0008239963,0.45568666,0.003148829,0.0011039096,0.98362803,0.9922334,0.009327868,0.02817978,0.0001412441
